user_id,sw_name,sw_version,device_id,device_type,timezone,type,start,end,sensor_name,lux,timestamps
0,crowdsignals.algosnap.com,1.0(1),352622063881655,smartphone,-8,light,1464152152000000000,1464152153000000000,TMG399X RGB Sensor,0.0,1464152152337258853
0,crowdsignals.algosnap.com,1.0(1),352622063881655,smartphone,-8,light,1464152152000000000,1464152153000000000,TMG399X RGB Sensor,0.0,1464152152515084323
0,crowdsignals.algosnap.com,1.0(1),352622063881655,smartphone,-8,light,1464152152000000000,1464152153000000000,TMG399X RGB Sensor,0.0,1464152152694693854
0,crowdsignals.algosnap.com,1.0(1),352622063881655,smartphone,-8,light,1464152152000000000,1464152153000000000,TMG399X RGB Sensor,0.0,1464152152870728125
0,crowdsignals.algosnap.com,1.0(1),352622063881655,smartphone,-8,light,1464152153000000000,1464152154000000000,TMG399X RGB Sensor,0.0,1464152153225825676
0,crowdsignals.algosnap.com,1.0(1),352622063881655,smartphone,-8,light,1464152153000000000,1464152154000000000,TMG399X RGB Sensor,0.0,1464152153404591667
0,crowdsignals.algosnap.com,1.0(1),352622063881655,smartphone,-8,light,1464152153000000000,1464152154000000000,TMG399X RGB Sensor,0.0,1464152153582336979
0,crowdsignals.algosnap.com,1.0(1),352622063881655,smartphone,-8,light,1464152153000000000,1464152154000000000,TMG399X RGB Sensor,0.0,1464152153761550261
0,crowdsignals.algosnap.com,1.0(1),352622063881655,smartphone,-8,light,1464152153000000000,1464152154000000000,TMG399X RGB Sensor,0.0,1464152153940492136
0,crowdsignals.algosnap.com,1.0(1),352622063881655,smartphone,-8,light,1464152154000000000,1464152155000000000,TMG399X RGB Sensor,0.0,1464152154295775052
0,crowdsignals.algosnap.com,1.0(1),352622063881655,smartphone,-8,light,1464152154000000000,1464152155000000000,TMG399X RGB Sensor,0.0,1464152154472386042
0,crowdsignals.algosnap.com,1.0(1),352622063881655,smartphone,-8,light,1464152154000000000,1464152155000000000,TMG399X RGB Sensor,0.0,1464152154651139167
0,crowdsignals.algosnap.com,1.0(1),352622063881655,smartphone,-8,light,1464152154000000000,1464152155000000000,TMG399X RGB Sensor,0.0,1464152154828799844
0,crowdsignals.algosnap.com,1.0(1),352622063881655,smartphone,-8,light,1464152155000000000,1464152156000000000,TMG399X RGB Sensor,0.0,1464152155183531615
0,crowdsignals.algosnap.com,1.0(1),352622063881655,smartphone,-8,light,1464152155000000000,1464152156000000000,TMG399X RGB Sensor,0.0,1464152155361755365
0,crowdsignals.algosnap.com,1.0(1),352622063881655,smartphone,-8,light,1464152155000000000,1464152156000000000,TMG399X RGB Sensor,0.0,1464152155539722500
0,crowdsignals.algosnap.com,1.0(1),352622063881655,smartphone,-8,light,1464152155000000000,1464152156000000000,TMG399X RGB Sensor,0.0,1464152155716567708
0,crowdsignals.algosnap.com,1.0(1),352622063881655,smartphone,-8,light,1464152155000000000,1464152156000000000,TMG399X RGB Sensor,0.0,1464152155896286927
0,crowdsignals.algosnap.com,1.0(1),352622063881655,smartphone,-8,light,1464152156000000000,1464152157000000000,TMG399X RGB Sensor,0.0,1464152156250509428
0,crowdsignals.algosnap.com,1.0(1),352622063881655,smartphone,-8,light,1464152156000000000,1464152157000000000,TMG399X RGB Sensor,0.0,1464152156428247812
0,crowdsignals.algosnap.com,1.0(1),352622063881655,smartphone,-8,light,1464152156000000000,1464152157000000000,TMG399X RGB Sensor,0.0,1464152156608215521
0,crowdsignals.algosnap.com,1.0(1),352622063881655,smartphone,-8,light,1464152156000000000,1464152157000000000,TMG399X RGB Sensor,0.0,1464152156784373333
0,crowdsignals.algosnap.com,1.0(1),352622063881655,smartphone,-8,light,1464152156000000000,1464152157000000000,TMG399X RGB Sensor,0.0,1464152156963545989
0,crowdsignals.algosnap.com,1.0(1),352622063881655,smartphone,-8,light,1464152157000000000,1464152158000000000,TMG399X RGB Sensor,0.0,1464152157139151771
0,crowdsignals.algosnap.com,1.0(1),352622063881655,smartphone,-8,light,1464152157000000000,1464152158000000000,TMG399X RGB Sensor,0.0,1464152157321751042
0,crowdsignals.algosnap.com,1.0(1),352622063881655,smartphone,-8,light,1464152157000000000,1464152158000000000,TMG399X RGB Sensor,0.0,1464152157495996146
0,crowdsignals.algosnap.com,1.0(1),352622063881655,smartphone,-8,light,1464152157000000000,1464152158000000000,TMG399X RGB Sensor,0.0,1464152157674127916
0,crowdsignals.algosnap.com,1.0(1),352622063881655,smartphone,-8,light,1464152157000000000,1464152158000000000,TMG399X RGB Sensor,0.0,1464152157852367605
0,crowdsignals.algosnap.com,1.0(1),352622063881655,smartphone,-8,light,1464152158000000000,1464152159000000000,TMG399X RGB Sensor,0.0,1464152158207675468
0,crowdsignals.algosnap.com,1.0(1),352622063881655,smartphone,-8,light,1464152158000000000,1464152159000000000,TMG399X RGB Sensor,0.0,1464152158386111771
0,crowdsignals.algosnap.com,1.0(1),352622063881655,smartphone,-8,light,1464152158000000000,1464152159000000000,TMG399X RGB Sensor,0.0,1464152158565053542
0,crowdsignals.algosnap.com,1.0(1),352622063881655,smartphone,-8,light,1464152158000000000,1464152159000000000,TMG399X RGB Sensor,0.0,1464152158742073125
0,crowdsignals.algosnap.com,1.0(1),352622063881655,smartphone,-8,light,1464152158000000000,1464152159000000000,TMG399X RGB Sensor,0.0,1464152158919606927
0,crowdsignals.algosnap.com,1.0(1),352622063881655,smartphone,-8,light,1464152159000000000,1464152160000000000,TMG399X RGB Sensor,0.0,1464152159275992916
0,crowdsignals.algosnap.com,1.0(1),352622063881655,smartphone,-8,light,1464152159000000000,1464152160000000000,TMG399X RGB Sensor,0.0,1464152159454182552
0,crowdsignals.algosnap.com,1.0(1),352622063881655,smartphone,-8,light,1464152159000000000,1464152160000000000,TMG399X RGB Sensor,0.0,1464152159631124062
0,crowdsignals.algosnap.com,1.0(1),352622063881655,smartphone,-8,light,1464152159000000000,1464152160000000000,TMG399X RGB Sensor,0.0,1464152159810743073
0,crowdsignals.algosnap.com,1.0(1),352622063881655,smartphone,-8,light,1464152159000000000,1464152160000000000,TMG399X RGB Sensor,0.0,1464152159987343177
0,crowdsignals.algosnap.com,1.0(1),352622063881655,smartphone,-8,light,1464152160000000000,1464152161000000000,TMG399X RGB Sensor,0.0,1464152160343981718
0,crowdsignals.algosnap.com,1.0(1),352622063881655,smartphone,-8,light,1464152160000000000,1464152161000000000,TMG399X RGB Sensor,0.0,1464152160522181354
0,crowdsignals.algosnap.com,1.0(1),352622063881655,smartphone,-8,light,1464152160000000000,1464152161000000000,TMG399X RGB Sensor,0.0,1464152160700702344
0,crowdsignals.algosnap.com,1.0(1),352622063881655,smartphone,-8,light,1464152160000000000,1464152161000000000,TMG399X RGB Sensor,0.0,1464152160877079375
0,crowdsignals.algosnap.com,1.0(1),352622063881655,smartphone,-8,light,1464152161000000000,1464152162000000000,TMG399X RGB Sensor,0.0,1464152161232468385
0,crowdsignals.algosnap.com,1.0(1),352622063881655,smartphone,-8,light,1464152161000000000,1464152162000000000,TMG399X RGB Sensor,0.0,1464152161410308437
0,crowdsignals.algosnap.com,1.0(1),352622063881655,smartphone,-8,light,1464152161000000000,1464152162000000000,TMG399X RGB Sensor,0.0,1464152161589945573
0,crowdsignals.algosnap.com,1.0(1),352622063881655,smartphone,-8,light,1464152161000000000,1464152162000000000,TMG399X RGB Sensor,0.0,1464152161767822396
0,crowdsignals.algosnap.com,1.0(1),352622063881655,smartphone,-8,light,1464152161000000000,1464152162000000000,TMG399X RGB Sensor,0.0,1464152161945564895
0,crowdsignals.algosnap.com,1.0(1),352622063881655,smartphone,-8,light,1464152162000000000,1464152163000000000,TMG399X RGB Sensor,0.0,1464152162300112657
0,crowdsignals.algosnap.com,1.0(1),352622063881655,smartphone,-8,light,1464152162000000000,1464152163000000000,TMG399X RGB Sensor,0.0,1464152162478303333
0,crowdsignals.algosnap.com,1.0(1),352622063881655,smartphone,-8,light,1464152162000000000,1464152163000000000,TMG399X RGB Sensor,0.0,1464152162655623750
0,crowdsignals.algosnap.com,1.0(1),352622063881655,smartphone,-8,light,1464152162000000000,1464152163000000000,TMG399X RGB Sensor,0.0,1464152162835774583
0,crowdsignals.algosnap.com,1.0(1),352622063881655,smartphone,-8,light,1464152163000000000,1464152164000000000,TMG399X RGB Sensor,0.0,1464152163190380937
0,crowdsignals.algosnap.com,1.0(1),352622063881655,smartphone,-8,light,1464152163000000000,1464152164000000000,TMG399X RGB Sensor,0.0,1464152163370495782
0,crowdsignals.algosnap.com,1.0(1),352622063881655,smartphone,-8,light,1464152163000000000,1464152164000000000,TMG399X RGB Sensor,0.0,1464152163546252709
0,crowdsignals.algosnap.com,1.0(1),352622063881655,smartphone,-8,light,1464152163000000000,1464152164000000000,TMG399X RGB Sensor,0.0,1464152163722979531
0,crowdsignals.algosnap.com,1.0(1),352622063881655,smartphone,-8,light,1464152163000000000,1464152164000000000,TMG399X RGB Sensor,0.0,1464152163902239531
0,crowdsignals.algosnap.com,1.0(1),352622063881655,smartphone,-8,light,1464152164000000000,1464152165000000000,TMG399X RGB Sensor,0.0,1464152164259352344
0,crowdsignals.algosnap.com,1.0(1),352622063881655,smartphone,-8,light,1464152164000000000,1464152165000000000,TMG399X RGB Sensor,0.0,1464152164435280886
0,crowdsignals.algosnap.com,1.0(1),352622063881655,smartphone,-8,light,1464152164000000000,1464152165000000000,TMG399X RGB Sensor,0.0,1464152164613702239
0,crowdsignals.algosnap.com,1.0(1),352622063881655,smartphone,-8,light,1464152164000000000,1464152165000000000,TMG399X RGB Sensor,0.0,1464152164792015000
0,crowdsignals.algosnap.com,1.0(1),352622063881655,smartphone,-8,light,1464152164000000000,1464152165000000000,TMG399X RGB Sensor,0.0,1464152164970039167
0,crowdsignals.algosnap.com,1.0(1),352622063881655,smartphone,-8,light,1464152165000000000,1464152166000000000,TMG399X RGB Sensor,0.0,1464152165325093334
0,crowdsignals.algosnap.com,1.0(1),352622063881655,smartphone,-8,light,1464152165000000000,1464152166000000000,TMG399X RGB Sensor,0.0,1464152165503077708
0,crowdsignals.algosnap.com,1.0(1),352622063881655,smartphone,-8,light,1464152165000000000,1464152166000000000,TMG399X RGB Sensor,0.0,1464152165680388750
0,crowdsignals.algosnap.com,1.0(1),352622063881655,smartphone,-8,light,1464152165000000000,1464152166000000000,TMG399X RGB Sensor,0.0,1464152165859954219
0,crowdsignals.algosnap.com,1.0(1),352622063881655,smartphone,-8,light,1464152166000000000,1464152167000000000,TMG399X RGB Sensor,0.0,1464152166215900937
0,crowdsignals.algosnap.com,1.0(1),352622063881655,smartphone,-8,light,1464152166000000000,1464152167000000000,TMG399X RGB Sensor,0.0,1464152166392906094
0,crowdsignals.algosnap.com,1.0(1),352622063881655,smartphone,-8,light,1464152166000000000,1464152167000000000,TMG399X RGB Sensor,0.0,1464152166571088958
0,crowdsignals.algosnap.com,1.0(1),352622063881655,smartphone,-8,light,1464152166000000000,1464152167000000000,TMG399X RGB Sensor,0.0,1464152166747986042
0,crowdsignals.algosnap.com,1.0(1),352622063881655,smartphone,-8,light,1464152166000000000,1464152167000000000,TMG399X RGB Sensor,0.0,1464152166926134323
0,crowdsignals.algosnap.com,1.0(1),352622063881655,smartphone,-8,light,1464152167000000000,1464152168000000000,TMG399X RGB Sensor,0.0,1464152167103372239
0,crowdsignals.algosnap.com,1.0(1),352622063881655,smartphone,-8,light,1464152167000000000,1464152168000000000,TMG399X RGB Sensor,0.0,1464152167281279583
0,crowdsignals.algosnap.com,1.0(1),352622063881655,smartphone,-8,light,1464152167000000000,1464152168000000000,TMG399X RGB Sensor,0.0,1464152167461375937
0,crowdsignals.algosnap.com,1.0(1),352622063881655,smartphone,-8,light,1464152167000000000,1464152168000000000,TMG399X RGB Sensor,0.0,1464152167638406250
0,crowdsignals.algosnap.com,1.0(1),352622063881655,smartphone,-8,light,1464152167000000000,1464152168000000000,TMG399X RGB Sensor,0.0,1464152167817421458
0,crowdsignals.algosnap.com,1.0(1),352622063881655,smartphone,-8,light,1464152167000000000,1464152168000000000,TMG399X RGB Sensor,0.0,1464152167994135313
0,crowdsignals.algosnap.com,1.0(1),352622063881655,smartphone,-8,light,1464152168000000000,1464152169000000000,TMG399X RGB Sensor,0.0,1464152168350110417
0,crowdsignals.algosnap.com,1.0(1),352622063881655,smartphone,-8,light,1464152168000000000,1464152169000000000,TMG399X RGB Sensor,0.0,1464152168526405156
0,crowdsignals.algosnap.com,1.0(1),352622063881655,smartphone,-8,light,1464152168000000000,1464152169000000000,TMG399X RGB Sensor,0.0,1464152168706630989
0,crowdsignals.algosnap.com,1.0(1),352622063881655,smartphone,-8,light,1464152168000000000,1464152169000000000,TMG399X RGB Sensor,0.0,1464152168885523698
0,crowdsignals.algosnap.com,1.0(1),352622063881655,smartphone,-8,light,1464152169000000000,1464152170000000000,TMG399X RGB Sensor,0.0,1464152169238516042
0,crowdsignals.algosnap.com,1.0(1),352622063881655,smartphone,-8,light,1464152169000000000,1464152170000000000,TMG399X RGB Sensor,0.0,1464152169418251459
0,crowdsignals.algosnap.com,1.0(1),352622063881655,smartphone,-8,light,1464152169000000000,1464152170000000000,TMG399X RGB Sensor,0.0,1464152169594214792
0,crowdsignals.algosnap.com,1.0(1),352622063881655,smartphone,-8,light,1464152169000000000,1464152170000000000,TMG399X RGB Sensor,0.0,1464152169773769062
0,crowdsignals.algosnap.com,1.0(1),352622063881655,smartphone,-8,light,1464152169000000000,1464152170000000000,TMG399X RGB Sensor,0.0,1464152169951878647
0,crowdsignals.algosnap.com,1.0(1),352622063881655,smartphone,-8,light,1464152170000000000,1464152171000000000,TMG399X RGB Sensor,0.0,1464152170306986354
0,crowdsignals.algosnap.com,1.0(1),352622063881655,smartphone,-8,light,1464152170000000000,1464152171000000000,TMG399X RGB Sensor,0.0,1464152170485044740
0,crowdsignals.algosnap.com,1.0(1),352622063881655,smartphone,-8,light,1464152170000000000,1464152171000000000,TMG399X RGB Sensor,0.0,1464152170663097292
0,crowdsignals.algosnap.com,1.0(1),352622063881655,smartphone,-8,light,1464152170000000000,1464152171000000000,TMG399X RGB Sensor,0.0,1464152170840272291
0,crowdsignals.algosnap.com,1.0(1),352622063881655,smartphone,-8,light,1464152171000000000,1464152172000000000,TMG399X RGB Sensor,0.0,1464152171196301094
0,crowdsignals.algosnap.com,1.0(1),352622063881655,smartphone,-8,light,1464152171000000000,1464152172000000000,TMG399X RGB Sensor,0.0,1464152171374114635
0,crowdsignals.algosnap.com,1.0(1),352622063881655,smartphone,-8,light,1464152171000000000,1464152172000000000,TMG399X RGB Sensor,0.0,1464152171552247500
0,crowdsignals.algosnap.com,1.0(1),352622063881655,smartphone,-8,light,1464152171000000000,1464152172000000000,TMG399X RGB Sensor,0.0,1464152171729882501
0,crowdsignals.algosnap.com,1.0(1),352622063881655,smartphone,-8,light,1464152171000000000,1464152172000000000,TMG399X RGB Sensor,0.0,1464152171909196667
0,crowdsignals.algosnap.com,1.0(1),352622063881655,smartphone,-8,light,1464152172000000000,1464152173000000000,TMG399X RGB Sensor,0.0,1464152172264131042
0,crowdsignals.algosnap.com,1.0(1),352622063881655,smartphone,-8,light,1464152172000000000,1464152173000000000,TMG399X RGB Sensor,0.0,1464152172441362032
0,crowdsignals.algosnap.com,1.0(1),352622063881655,smartphone,-8,light,1464152172000000000,1464152173000000000,TMG399X RGB Sensor,0.0,1464152172621197292
0,crowdsignals.algosnap.com,1.0(1),352622063881655,smartphone,-8,light,1464152172000000000,1464152173000000000,TMG399X RGB Sensor,0.0,1464152172796635729
0,crowdsignals.algosnap.com,1.0(1),352622063881655,smartphone,-8,light,1464152172000000000,1464152173000000000,TMG399X RGB Sensor,0.0,1464152172975154271
0,crowdsignals.algosnap.com,1.0(1),352622063881655,smartphone,-8,light,1464152173000000000,1464152174000000000,TMG399X RGB Sensor,0.0,1464152173331161510
0,crowdsignals.algosnap.com,1.0(1),352622063881655,smartphone,-8,light,1464152173000000000,1464152174000000000,TMG399X RGB Sensor,0.0,1464152173509227344
0,crowdsignals.algosnap.com,1.0(1),352622063881655,smartphone,-8,light,1464152173000000000,1464152174000000000,TMG399X RGB Sensor,0.0,1464152173686550780
0,crowdsignals.algosnap.com,1.0(1),352622063881655,smartphone,-8,light,1464152173000000000,1464152174000000000,TMG399X RGB Sensor,0.0,1464152173873527396
0,crowdsignals.algosnap.com,1.0(1),352622063881655,smartphone,-8,light,1464152174000000000,1464152175000000000,TMG399X RGB Sensor,0.0,1464152174221097604
0,crowdsignals.algosnap.com,1.0(1),352622063881655,smartphone,-8,light,1464152174000000000,1464152175000000000,TMG399X RGB Sensor,0.0,1464152174399158125
0,crowdsignals.algosnap.com,1.0(1),352622063881655,smartphone,-8,light,1464152174000000000,1464152175000000000,TMG399X RGB Sensor,0.0,1464152174576279062
0,crowdsignals.algosnap.com,1.0(1),352622063881655,smartphone,-8,light,1464152174000000000,1464152175000000000,TMG399X RGB Sensor,0.0,1464152174755859739
0,crowdsignals.algosnap.com,1.0(1),352622063881655,smartphone,-8,light,1464152174000000000,1464152175000000000,TMG399X RGB Sensor,0.0,1464152174932372656
0,crowdsignals.algosnap.com,1.0(1),352622063881655,smartphone,-8,light,1464152175000000000,1464152176000000000,TMG399X RGB Sensor,0.0,1464152175289775573
0,crowdsignals.algosnap.com,1.0(1),352622063881655,smartphone,-8,light,1464152175000000000,1464152176000000000,TMG399X RGB Sensor,0.0,1464152175466615572
0,crowdsignals.algosnap.com,1.0(1),352622063881655,smartphone,-8,light,1464152175000000000,1464152176000000000,TMG399X RGB Sensor,0.0,1464152175645203802
0,crowdsignals.algosnap.com,1.0(1),352622063881655,smartphone,-8,light,1464152175000000000,1464152176000000000,TMG399X RGB Sensor,0.0,1464152175822389947
0,crowdsignals.algosnap.com,1.0(1),352622063881655,smartphone,-8,light,1464152176000000000,1464152177000000000,TMG399X RGB Sensor,0.0,1464152176176780729
0,crowdsignals.algosnap.com,1.0(1),352622063881655,smartphone,-8,light,1464152176000000000,1464152177000000000,TMG399X RGB Sensor,0.0,1464152176356344896
0,crowdsignals.algosnap.com,1.0(1),352622063881655,smartphone,-8,light,1464152176000000000,1464152177000000000,TMG399X RGB Sensor,0.0,1464152176535597135
0,crowdsignals.algosnap.com,1.0(1),352622063881655,smartphone,-8,light,1464152176000000000,1464152177000000000,TMG399X RGB Sensor,0.0,1464152176712270000
0,crowdsignals.algosnap.com,1.0(1),352622063881655,smartphone,-8,light,1464152176000000000,1464152177000000000,TMG399X RGB Sensor,0.0,1464152176890770573
0,crowdsignals.algosnap.com,1.0(1),352622063881655,smartphone,-8,light,1464152177000000000,1464152178000000000,TMG399X RGB Sensor,0.0,1464152177067703802
0,crowdsignals.algosnap.com,1.0(1),352622063881655,smartphone,-8,light,1464152177000000000,1464152178000000000,TMG399X RGB Sensor,0.0,1464152177247848750
0,crowdsignals.algosnap.com,1.0(1),352622063881655,smartphone,-8,light,1464152177000000000,1464152178000000000,TMG399X RGB Sensor,0.0,1464152177424504427
0,crowdsignals.algosnap.com,1.0(1),352622063881655,smartphone,-8,light,1464152177000000000,1464152178000000000,TMG399X RGB Sensor,0.0,1464152177601440156
0,crowdsignals.algosnap.com,1.0(1),352622063881655,smartphone,-8,light,1464152177000000000,1464152178000000000,TMG399X RGB Sensor,0.0,1464152177779801823
0,crowdsignals.algosnap.com,1.0(1),352622063881655,smartphone,-8,light,1464152177000000000,1464152178000000000,TMG399X RGB Sensor,0.0,1464152177957909271
0,crowdsignals.algosnap.com,1.0(1),352622063881655,smartphone,-8,light,1464152178000000000,1464152179000000000,TMG399X RGB Sensor,0.0,1464152178313087605
0,crowdsignals.algosnap.com,1.0(1),352622063881655,smartphone,-8,light,1464152178000000000,1464152179000000000,TMG399X RGB Sensor,0.0,1464152178490056354
0,crowdsignals.algosnap.com,1.0(1),352622063881655,smartphone,-8,light,1464152178000000000,1464152179000000000,TMG399X RGB Sensor,0.0,1464152178668239062
0,crowdsignals.algosnap.com,1.0(1),352622063881655,smartphone,-8,light,1464152178000000000,1464152179000000000,TMG399X RGB Sensor,0.0,1464152178846892708
0,crowdsignals.algosnap.com,1.0(1),352622063881655,smartphone,-8,light,1464152179000000000,1464152180000000000,TMG399X RGB Sensor,0.0,1464152179201555573
0,crowdsignals.algosnap.com,1.0(1),352622063881655,smartphone,-8,light,1464152179000000000,1464152180000000000,TMG399X RGB Sensor,0.0,1464152179380307761
0,crowdsignals.algosnap.com,1.0(1),352622063881655,smartphone,-8,light,1464152179000000000,1464152180000000000,TMG399X RGB Sensor,0.0,1464152179558452813
0,crowdsignals.algosnap.com,1.0(1),352622063881655,smartphone,-8,light,1464152179000000000,1464152180000000000,TMG399X RGB Sensor,0.0,1464152179736151459
0,crowdsignals.algosnap.com,1.0(1),352622063881655,smartphone,-8,light,1464152179000000000,1464152180000000000,TMG399X RGB Sensor,0.0,1464152179914949739
0,crowdsignals.algosnap.com,1.0(1),352622063881655,smartphone,-8,light,1464152180000000000,1464152181000000000,TMG399X RGB Sensor,0.0,1464152180270451719
0,crowdsignals.algosnap.com,1.0(1),352622063881655,smartphone,-8,light,1464152180000000000,1464152181000000000,TMG399X RGB Sensor,0.0,1464152180447229323
0,crowdsignals.algosnap.com,1.0(1),352622063881655,smartphone,-8,light,1464152180000000000,1464152181000000000,TMG399X RGB Sensor,0.0,1464152180626023697
0,crowdsignals.algosnap.com,1.0(1),352622063881655,smartphone,-8,light,1464152180000000000,1464152181000000000,TMG399X RGB Sensor,0.0,1464152180812733020
0,crowdsignals.algosnap.com,1.0(1),352622063881655,smartphone,-8,light,1464152180000000000,1464152181000000000,TMG399X RGB Sensor,0.0,1464152180982400000
0,crowdsignals.algosnap.com,1.0(1),352622063881655,smartphone,-8,light,1464152181000000000,1464152182000000000,TMG399X RGB Sensor,0.0,1464152181339767396
0,crowdsignals.algosnap.com,1.0(1),352622063881655,smartphone,-8,light,1464152181000000000,1464152182000000000,TMG399X RGB Sensor,0.0,1464152181514510521
0,crowdsignals.algosnap.com,1.0(1),352622063881655,smartphone,-8,light,1464152181000000000,1464152182000000000,TMG399X RGB Sensor,0.0,1464152181694786667
0,crowdsignals.algosnap.com,1.0(1),352622063881655,smartphone,-8,light,1464152181000000000,1464152182000000000,TMG399X RGB Sensor,0.0,1464152181871371407
0,crowdsignals.algosnap.com,1.0(1),352622063881655,smartphone,-8,light,1464152182000000000,1464152183000000000,TMG399X RGB Sensor,0.0,1464152182226746666
0,crowdsignals.algosnap.com,1.0(1),352622063881655,smartphone,-8,light,1464152182000000000,1464152183000000000,TMG399X RGB Sensor,0.0,1464152182405945834
0,crowdsignals.algosnap.com,1.0(1),352622063881655,smartphone,-8,light,1464152182000000000,1464152183000000000,TMG399X RGB Sensor,0.0,1464152182582978855
0,crowdsignals.algosnap.com,1.0(1),352622063881655,smartphone,-8,light,1464152182000000000,1464152183000000000,TMG399X RGB Sensor,0.0,1464152182761148802
0,crowdsignals.algosnap.com,1.0(1),352622063881655,smartphone,-8,light,1464152182000000000,1464152183000000000,TMG399X RGB Sensor,0.0,1464152182939432709
0,crowdsignals.algosnap.com,1.0(1),352622063881655,smartphone,-8,light,1464152183000000000,1464152184000000000,TMG399X RGB Sensor,0.0,1464152183294111771
0,crowdsignals.algosnap.com,1.0(1),352622063881655,smartphone,-8,light,1464152183000000000,1464152184000000000,TMG399X RGB Sensor,0.0,1464152183473932812
0,crowdsignals.algosnap.com,1.0(1),352622063881655,smartphone,-8,light,1464152183000000000,1464152184000000000,TMG399X RGB Sensor,0.0,1464152183650420521
0,crowdsignals.algosnap.com,1.0(1),352622063881655,smartphone,-8,light,1464152183000000000,1464152184000000000,TMG399X RGB Sensor,0.0,1464152183828384843
0,crowdsignals.algosnap.com,1.0(1),352622063881655,smartphone,-8,light,1464152184000000000,1464152185000000000,TMG399X RGB Sensor,0.0,1464152184183743542
0,crowdsignals.algosnap.com,1.0(1),352622063881655,smartphone,-8,light,1464152184000000000,1464152185000000000,TMG399X RGB Sensor,0.0,1464152184362402865
0,crowdsignals.algosnap.com,1.0(1),352622063881655,smartphone,-8,light,1464152184000000000,1464152185000000000,TMG399X RGB Sensor,0.0,1464152184541781667
0,crowdsignals.algosnap.com,1.0(1),352622063881655,smartphone,-8,light,1464152184000000000,1464152185000000000,TMG399X RGB Sensor,0.0,1464152184717805729
0,crowdsignals.algosnap.com,1.0(1),352622063881655,smartphone,-8,light,1464152184000000000,1464152185000000000,TMG399X RGB Sensor,0.0,1464152184897913646
0,crowdsignals.algosnap.com,1.0(1),352622063881655,smartphone,-8,light,1464152185000000000,1464152186000000000,TMG399X RGB Sensor,0.0,1464152185251287709
0,crowdsignals.algosnap.com,1.0(1),352622063881655,smartphone,-8,light,1464152185000000000,1464152186000000000,TMG399X RGB Sensor,0.0,1464152185430170156
0,crowdsignals.algosnap.com,1.0(1),352622063881655,smartphone,-8,light,1464152185000000000,1464152186000000000,TMG399X RGB Sensor,0.0,1464152185608881250
0,crowdsignals.algosnap.com,1.0(1),352622063881655,smartphone,-8,light,1464152185000000000,1464152186000000000,TMG399X RGB Sensor,0.0,1464152185785205989
0,crowdsignals.algosnap.com,1.0(1),352622063881655,smartphone,-8,light,1464152185000000000,1464152186000000000,TMG399X RGB Sensor,0.0,1464152185964844270
0,crowdsignals.algosnap.com,1.0(1),352622063881655,smartphone,-8,light,1464152186000000000,1464152187000000000,TMG399X RGB Sensor,0.0,1464152186319150365
0,crowdsignals.algosnap.com,1.0(1),352622063881655,smartphone,-8,light,1464152186000000000,1464152187000000000,TMG399X RGB Sensor,0.0,1464152186498875938
0,crowdsignals.algosnap.com,1.0(1),352622063881655,smartphone,-8,light,1464152186000000000,1464152187000000000,TMG399X RGB Sensor,0.0,1464152186675078594
0,crowdsignals.algosnap.com,1.0(1),352622063881655,smartphone,-8,light,1464152186000000000,1464152187000000000,TMG399X RGB Sensor,0.0,1464152186854568645
0,crowdsignals.algosnap.com,1.0(1),352622063881655,smartphone,-8,light,1464152187000000000,1464152188000000000,TMG399X RGB Sensor,0.0,1464152187038607917
0,crowdsignals.algosnap.com,1.0(1),352622063881655,smartphone,-8,light,1464152187000000000,1464152188000000000,TMG399X RGB Sensor,0.0,1464152187208592396
0,crowdsignals.algosnap.com,1.0(1),352622063881655,smartphone,-8,light,1464152187000000000,1464152188000000000,TMG399X RGB Sensor,0.0,1464152187387550521
0,crowdsignals.algosnap.com,1.0(1),352622063881655,smartphone,-8,light,1464152187000000000,1464152188000000000,TMG399X RGB Sensor,0.0,1464152187566345834
0,crowdsignals.algosnap.com,1.0(1),352622063881655,smartphone,-8,light,1464152187000000000,1464152188000000000,TMG399X RGB Sensor,0.0,1464152187745075573
0,crowdsignals.algosnap.com,1.0(1),352622063881655,smartphone,-8,light,1464152187000000000,1464152188000000000,TMG399X RGB Sensor,0.0,1464152187921286198
0,crowdsignals.algosnap.com,1.0(1),352622063881655,smartphone,-8,light,1464152188000000000,1464152189000000000,TMG399X RGB Sensor,0.0,1464152188277073645
0,crowdsignals.algosnap.com,1.0(1),352622063881655,smartphone,-8,light,1464152188000000000,1464152189000000000,TMG399X RGB Sensor,0.0,1464152188454601198
0,crowdsignals.algosnap.com,1.0(1),352622063881655,smartphone,-8,light,1464152188000000000,1464152189000000000,TMG399X RGB Sensor,0.0,1464152188645594427
0,crowdsignals.algosnap.com,1.0(1),352622063881655,smartphone,-8,light,1464152188000000000,1464152189000000000,TMG399X RGB Sensor,0.0,1464152188811830104
0,crowdsignals.algosnap.com,1.0(1),352622063881655,smartphone,-8,light,1464152188000000000,1464152189000000000,TMG399X RGB Sensor,0.0,1464152188988962344
0,crowdsignals.algosnap.com,1.0(1),352622063881655,smartphone,-8,light,1464152189000000000,1464152190000000000,TMG399X RGB Sensor,0.0,1464152189345981094
0,crowdsignals.algosnap.com,1.0(1),352622063881655,smartphone,-8,light,1464152189000000000,1464152190000000000,TMG399X RGB Sensor,0.0,1464152189522397760
0,crowdsignals.algosnap.com,1.0(1),352622063881655,smartphone,-8,light,1464152189000000000,1464152190000000000,TMG399X RGB Sensor,0.0,1464152189703275625
0,crowdsignals.algosnap.com,1.0(1),352622063881655,smartphone,-8,light,1464152189000000000,1464152190000000000,TMG399X RGB Sensor,0.0,1464152189878360260
0,crowdsignals.algosnap.com,1.0(1),352622063881655,smartphone,-8,light,1464152190000000000,1464152191000000000,TMG399X RGB Sensor,0.0,1464152190234137500
0,crowdsignals.algosnap.com,1.0(1),352622063881655,smartphone,-8,light,1464152190000000000,1464152191000000000,TMG399X RGB Sensor,0.0,1464152190414546615
0,crowdsignals.algosnap.com,1.0(1),352622063881655,smartphone,-8,light,1464152190000000000,1464152191000000000,TMG399X RGB Sensor,0.0,1464152190587119010
0,crowdsignals.algosnap.com,1.0(1),352622063881655,smartphone,-8,light,1464152190000000000,1464152191000000000,TMG399X RGB Sensor,0.0,1464152190769469948
0,crowdsignals.algosnap.com,1.0(1),352622063881655,smartphone,-8,light,1464152190000000000,1464152191000000000,TMG399X RGB Sensor,0.0,1464152190945115937
0,crowdsignals.algosnap.com,1.0(1),352622063881655,smartphone,-8,light,1464152191000000000,1464152192000000000,TMG399X RGB Sensor,0.0,1464152191303904323
0,crowdsignals.algosnap.com,1.0(1),352622063881655,smartphone,-8,light,1464152191000000000,1464152192000000000,TMG399X RGB Sensor,0.0,1464152191478996666
0,crowdsignals.algosnap.com,1.0(1),352622063881655,smartphone,-8,light,1464152191000000000,1464152192000000000,TMG399X RGB Sensor,0.0,1464152191656962759
0,crowdsignals.algosnap.com,1.0(1),352622063881655,smartphone,-8,light,1464152191000000000,1464152192000000000,TMG399X RGB Sensor,0.0,1464152191834654323
0,crowdsignals.algosnap.com,1.0(1),352622063881655,smartphone,-8,light,1464152192000000000,1464152193000000000,TMG399X RGB Sensor,0.0,1464152192190928073
0,crowdsignals.algosnap.com,1.0(1),352622063881655,smartphone,-8,light,1464152192000000000,1464152193000000000,TMG399X RGB Sensor,0.0,1464152192369878803
0,crowdsignals.algosnap.com,1.0(1),352622063881655,smartphone,-8,light,1464152192000000000,1464152193000000000,TMG399X RGB Sensor,0.0,1464152192546208333
0,crowdsignals.algosnap.com,1.0(1),352622063881655,smartphone,-8,light,1464152192000000000,1464152193000000000,TMG399X RGB Sensor,0.0,1464152192724618958
0,crowdsignals.algosnap.com,1.0(1),352622063881655,smartphone,-8,light,1464152192000000000,1464152193000000000,TMG399X RGB Sensor,0.0,1464152192901868281
0,crowdsignals.algosnap.com,1.0(1),352622063881655,smartphone,-8,light,1464152193000000000,1464152194000000000,TMG399X RGB Sensor,0.0,1464152193260634011
0,crowdsignals.algosnap.com,1.0(1),352622063881655,smartphone,-8,light,1464152193000000000,1464152194000000000,TMG399X RGB Sensor,0.0,1464152193436293177
0,crowdsignals.algosnap.com,1.0(1),352622063881655,smartphone,-8,light,1464152193000000000,1464152194000000000,TMG399X RGB Sensor,0.0,1464152193612719218
0,crowdsignals.algosnap.com,1.0(1),352622063881655,smartphone,-8,light,1464152193000000000,1464152194000000000,TMG399X RGB Sensor,0.0,1464152193791886250
0,crowdsignals.algosnap.com,1.0(1),352622063881655,smartphone,-8,light,1464152193000000000,1464152194000000000,TMG399X RGB Sensor,0.0,1464152193970365104
0,crowdsignals.algosnap.com,1.0(1),352622063881655,smartphone,-8,light,1464152194000000000,1464152195000000000,TMG399X RGB Sensor,0.0,1464152194326897656
0,crowdsignals.algosnap.com,1.0(1),352622063881655,smartphone,-8,light,1464152194000000000,1464152195000000000,TMG399X RGB Sensor,0.0,1464152194504187656
0,crowdsignals.algosnap.com,1.0(1),352622063881655,smartphone,-8,light,1464152194000000000,1464152195000000000,TMG399X RGB Sensor,0.0,1464152194682031719
0,crowdsignals.algosnap.com,1.0(1),352622063881655,smartphone,-8,light,1464152194000000000,1464152195000000000,TMG399X RGB Sensor,0.0,1464152194860831875
0,crowdsignals.algosnap.com,1.0(1),352622063881655,smartphone,-8,light,1464152195000000000,1464152196000000000,TMG399X RGB Sensor,0.0,1464152195217501093
0,crowdsignals.algosnap.com,1.0(1),352622063881655,smartphone,-8,light,1464152195000000000,1464152196000000000,TMG399X RGB Sensor,0.0,1464152195393055573
0,crowdsignals.algosnap.com,1.0(1),352622063881655,smartphone,-8,light,1464152195000000000,1464152196000000000,TMG399X RGB Sensor,0.0,1464152195572141094
0,crowdsignals.algosnap.com,1.0(1),352622063881655,smartphone,-8,light,1464152195000000000,1464152196000000000,TMG399X RGB Sensor,0.0,1464152195742257500
0,crowdsignals.algosnap.com,1.0(1),352622063881655,smartphone,-8,light,1464152195000000000,1464152196000000000,TMG399X RGB Sensor,0.0,1464152195927307395
0,crowdsignals.algosnap.com,1.0(1),352622063881655,smartphone,-8,light,1464152196000000000,1464152197000000000,TMG399X RGB Sensor,0.0,1464152196284056719
0,crowdsignals.algosnap.com,1.0(1),352622063881655,smartphone,-8,light,1464152196000000000,1464152197000000000,TMG399X RGB Sensor,0.0,1464152196461464375
0,crowdsignals.algosnap.com,1.0(1),352622063881655,smartphone,-8,light,1464152196000000000,1464152197000000000,TMG399X RGB Sensor,0.0,1464152196640385729
0,crowdsignals.algosnap.com,1.0(1),352622063881655,smartphone,-8,light,1464152196000000000,1464152197000000000,TMG399X RGB Sensor,0.0,1464152196818614635
0,crowdsignals.algosnap.com,1.0(1),352622063881655,smartphone,-8,light,1464152196000000000,1464152197000000000,TMG399X RGB Sensor,0.0,1464152196994971979
0,crowdsignals.algosnap.com,1.0(1),352622063881655,smartphone,-8,light,1464152197000000000,1464152198000000000,TMG399X RGB Sensor,0.0,1464152197171986771
0,crowdsignals.algosnap.com,1.0(1),352622063881655,smartphone,-8,light,1464152197000000000,1464152198000000000,TMG399X RGB Sensor,0.0,1464152197350305156
0,crowdsignals.algosnap.com,1.0(1),352622063881655,smartphone,-8,light,1464152197000000000,1464152198000000000,TMG399X RGB Sensor,0.0,1464152197528590938
0,crowdsignals.algosnap.com,1.0(1),352622063881655,smartphone,-8,light,1464152197000000000,1464152198000000000,TMG399X RGB Sensor,0.0,1464152197705696719
0,crowdsignals.algosnap.com,1.0(1),352622063881655,smartphone,-8,light,1464152197000000000,1464152198000000000,TMG399X RGB Sensor,0.0,1464152197884396146
0,crowdsignals.algosnap.com,1.0(1),352622063881655,smartphone,-8,light,1464152198000000000,1464152199000000000,TMG399X RGB Sensor,0.0,1464152198240275677
0,crowdsignals.algosnap.com,1.0(1),352622063881655,smartphone,-8,light,1464152198000000000,1464152199000000000,TMG399X RGB Sensor,0.0,1464152198418189323
0,crowdsignals.algosnap.com,1.0(1),352622063881655,smartphone,-8,light,1464152198000000000,1464152199000000000,TMG399X RGB Sensor,0.0,1464152198596241666
0,crowdsignals.algosnap.com,1.0(1),352622063881655,smartphone,-8,light,1464152198000000000,1464152199000000000,TMG399X RGB Sensor,0.0,1464152198773400261
0,crowdsignals.algosnap.com,1.0(1),352622063881655,smartphone,-8,light,1464152198000000000,1464152199000000000,TMG399X RGB Sensor,0.0,1464152198952212917
0,crowdsignals.algosnap.com,1.0(1),352622063881655,smartphone,-8,light,1464152199000000000,1464152200000000000,TMG399X RGB Sensor,0.0,1464152199311573490
0,crowdsignals.algosnap.com,1.0(1),352622063881655,smartphone,-8,light,1464152199000000000,1464152200000000000,TMG399X RGB Sensor,0.0,1464152199485913228
0,crowdsignals.algosnap.com,1.0(1),352622063881655,smartphone,-8,light,1464152199000000000,1464152200000000000,TMG399X RGB Sensor,0.0,1464152199664551510
0,crowdsignals.algosnap.com,1.0(1),352622063881655,smartphone,-8,light,1464152199000000000,1464152200000000000,TMG399X RGB Sensor,0.0,1464152199843627448
0,crowdsignals.algosnap.com,1.0(1),352622063881655,smartphone,-8,light,1464152200000000000,1464152201000000000,TMG399X RGB Sensor,0.0,1464152200196656250
0,crowdsignals.algosnap.com,1.0(1),352622063881655,smartphone,-8,light,1464152200000000000,1464152201000000000,TMG399X RGB Sensor,0.0,1464152200376086145
0,crowdsignals.algosnap.com,1.0(1),352622063881655,smartphone,-8,light,1464152200000000000,1464152201000000000,TMG399X RGB Sensor,0.0,1464152200555236510
0,crowdsignals.algosnap.com,1.0(1),352622063881655,smartphone,-8,light,1464152200000000000,1464152201000000000,TMG399X RGB Sensor,0.0,1464152200735086823
0,crowdsignals.algosnap.com,1.0(1),352622063881655,smartphone,-8,light,1464152200000000000,1464152201000000000,TMG399X RGB Sensor,0.0,1464152200908422865
0,crowdsignals.algosnap.com,1.0(1),352622063881655,smartphone,-8,light,1464152201000000000,1464152202000000000,TMG399X RGB Sensor,0.0,1464152201266149427
0,crowdsignals.algosnap.com,1.0(1),352622063881655,smartphone,-8,light,1464152201000000000,1464152202000000000,TMG399X RGB Sensor,0.0,1464152201442764584
0,crowdsignals.algosnap.com,1.0(1),352622063881655,smartphone,-8,light,1464152201000000000,1464152202000000000,TMG399X RGB Sensor,0.0,1464152201621743490
0,crowdsignals.algosnap.com,1.0(1),352622063881655,smartphone,-8,light,1464152201000000000,1464152202000000000,TMG399X RGB Sensor,0.0,1464152201798752136
0,crowdsignals.algosnap.com,1.0(1),352622063881655,smartphone,-8,light,1464152201000000000,1464152202000000000,TMG399X RGB Sensor,0.0,1464152201976071718
0,crowdsignals.algosnap.com,1.0(1),352622063881655,smartphone,-8,light,1464152202000000000,1464152203000000000,TMG399X RGB Sensor,0.0,1464152202332352761
0,crowdsignals.algosnap.com,1.0(1),352622063881655,smartphone,-8,light,1464152202000000000,1464152203000000000,TMG399X RGB Sensor,0.0,1464152202510192969
0,crowdsignals.algosnap.com,1.0(1),352622063881655,smartphone,-8,light,1464152202000000000,1464152203000000000,TMG399X RGB Sensor,0.0,1464152202688733073
0,crowdsignals.algosnap.com,1.0(1),352622063881655,smartphone,-8,light,1464152202000000000,1464152203000000000,TMG399X RGB Sensor,0.0,1464152202865977135
0,crowdsignals.algosnap.com,1.0(1),352622063881655,smartphone,-8,light,1464152203000000000,1464152204000000000,TMG399X RGB Sensor,0.0,1464152203223453803
0,crowdsignals.algosnap.com,1.0(1),352622063881655,smartphone,-8,light,1464152203000000000,1464152204000000000,TMG399X RGB Sensor,0.0,1464152203400120781
0,crowdsignals.algosnap.com,1.0(1),352622063881655,smartphone,-8,light,1464152203000000000,1464152204000000000,TMG399X RGB Sensor,0.0,1464152203578283229
0,crowdsignals.algosnap.com,1.0(1),352622063881655,smartphone,-8,light,1464152203000000000,1464152204000000000,TMG399X RGB Sensor,0.0,1464152203757728229
0,crowdsignals.algosnap.com,1.0(1),352622063881655,smartphone,-8,light,1464152203000000000,1464152204000000000,TMG399X RGB Sensor,0.0,1464152203933428958
0,crowdsignals.algosnap.com,1.0(1),352622063881655,smartphone,-8,light,1464152204000000000,1464152205000000000,TMG399X RGB Sensor,0.0,1464152204289405937
0,crowdsignals.algosnap.com,1.0(1),352622063881655,smartphone,-8,light,1464152204000000000,1464152205000000000,TMG399X RGB Sensor,0.0,1464152204466682657
0,crowdsignals.algosnap.com,1.0(1),352622063881655,smartphone,-8,light,1464152204000000000,1464152205000000000,TMG399X RGB Sensor,0.0,1464152204647717291
0,crowdsignals.algosnap.com,1.0(1),352622063881655,smartphone,-8,light,1464152204000000000,1464152205000000000,TMG399X RGB Sensor,0.0,1464152204823367291
0,crowdsignals.algosnap.com,1.0(1),352622063881655,smartphone,-8,light,1464152205000000000,1464152206000000000,TMG399X RGB Sensor,0.0,1464152205179677188
0,crowdsignals.algosnap.com,1.0(1),352622063881655,smartphone,-8,light,1464152205000000000,1464152206000000000,TMG399X RGB Sensor,0.0,1464152205358595521
0,crowdsignals.algosnap.com,1.0(1),352622063881655,smartphone,-8,light,1464152205000000000,1464152206000000000,TMG399X RGB Sensor,0.0,1464152205534948438
0,crowdsignals.algosnap.com,1.0(1),352622063881655,smartphone,-8,light,1464152205000000000,1464152206000000000,TMG399X RGB Sensor,0.0,1464152205714555364
0,crowdsignals.algosnap.com,1.0(1),352622063881655,smartphone,-8,light,1464152205000000000,1464152206000000000,TMG399X RGB Sensor,0.0,1464152205891047656
0,crowdsignals.algosnap.com,1.0(1),352622063881655,smartphone,-8,light,1464152206000000000,1464152207000000000,TMG399X RGB Sensor,0.0,1464152206247317291
0,crowdsignals.algosnap.com,1.0(1),352622063881655,smartphone,-8,light,1464152206000000000,1464152207000000000,TMG399X RGB Sensor,0.0,1464152206425214114
0,crowdsignals.algosnap.com,1.0(1),352622063881655,smartphone,-8,light,1464152206000000000,1464152207000000000,TMG399X RGB Sensor,0.0,1464152206604773697
0,crowdsignals.algosnap.com,1.0(1),352622063881655,smartphone,-8,light,1464152206000000000,1464152207000000000,TMG399X RGB Sensor,0.0,1464152206780372864
0,crowdsignals.algosnap.com,1.0(1),352622063881655,smartphone,-8,light,1464152206000000000,1464152207000000000,TMG399X RGB Sensor,0.0,1464152206960353489
0,crowdsignals.algosnap.com,1.0(1),352622063881655,smartphone,-8,light,1464152207000000000,1464152208000000000,TMG399X RGB Sensor,0.0,1464152207136972916
0,crowdsignals.algosnap.com,1.0(1),352622063881655,smartphone,-8,light,1464152207000000000,1464152208000000000,TMG399X RGB Sensor,0.0,1464152207315202395
0,crowdsignals.algosnap.com,1.0(1),352622063881655,smartphone,-8,light,1464152207000000000,1464152208000000000,TMG399X RGB Sensor,0.0,1464152207494103073
0,crowdsignals.algosnap.com,1.0(1),352622063881655,smartphone,-8,light,1464152207000000000,1464152208000000000,TMG399X RGB Sensor,0.0,1464152207669773177
0,crowdsignals.algosnap.com,1.0(1),352622063881655,smartphone,-8,light,1464152207000000000,1464152208000000000,TMG399X RGB Sensor,0.0,1464152207847121667
0,crowdsignals.algosnap.com,1.0(1),352622063881655,smartphone,-8,light,1464152208000000000,1464152209000000000,TMG399X RGB Sensor,0.0,1464152208204354687
0,crowdsignals.algosnap.com,1.0(1),352622063881655,smartphone,-8,light,1464152208000000000,1464152209000000000,TMG399X RGB Sensor,0.0,1464152208381774636
0,crowdsignals.algosnap.com,1.0(1),352622063881655,smartphone,-8,light,1464152208000000000,1464152209000000000,TMG399X RGB Sensor,0.0,1464152208561444427
0,crowdsignals.algosnap.com,1.0(1),352622063881655,smartphone,-8,light,1464152208000000000,1464152209000000000,TMG399X RGB Sensor,0.0,1464152208738684636
0,crowdsignals.algosnap.com,1.0(1),352622063881655,smartphone,-8,light,1464152208000000000,1464152209000000000,TMG399X RGB Sensor,0.0,1464152208917362240
0,crowdsignals.algosnap.com,1.0(1),352622063881655,smartphone,-8,light,1464152209000000000,1464152210000000000,TMG399X RGB Sensor,0.0,1464152209272225365
0,crowdsignals.algosnap.com,1.0(1),352622063881655,smartphone,-8,light,1464152209000000000,1464152210000000000,TMG399X RGB Sensor,0.0,1464152209449138698
0,crowdsignals.algosnap.com,1.0(1),352622063881655,smartphone,-8,light,1464152209000000000,1464152210000000000,TMG399X RGB Sensor,0.0,1464152209627046927
0,crowdsignals.algosnap.com,1.0(1),352622063881655,smartphone,-8,light,1464152209000000000,1464152210000000000,TMG399X RGB Sensor,0.0,1464152209805114636
0,crowdsignals.algosnap.com,1.0(1),352622063881655,smartphone,-8,light,1464152209000000000,1464152210000000000,TMG399X RGB Sensor,0.0,1464152209983131614
0,crowdsignals.algosnap.com,1.0(1),352622063881655,smartphone,-8,light,1464152210000000000,1464152211000000000,TMG399X RGB Sensor,0.0,1464152210339751510
0,crowdsignals.algosnap.com,1.0(1),352622063881655,smartphone,-8,light,1464152210000000000,1464152211000000000,TMG399X RGB Sensor,0.0,1464152210516403125
0,crowdsignals.algosnap.com,1.0(1),352622063881655,smartphone,-8,light,1464152210000000000,1464152211000000000,TMG399X RGB Sensor,0.0,1464152210695600833
0,crowdsignals.algosnap.com,1.0(1),352622063881655,smartphone,-8,light,1464152210000000000,1464152211000000000,TMG399X RGB Sensor,0.0,1464152210872230104
0,crowdsignals.algosnap.com,1.0(1),352622063881655,smartphone,-8,light,1464152211000000000,1464152212000000000,TMG399X RGB Sensor,0.0,1464152211228111719
0,crowdsignals.algosnap.com,1.0(1),352622063881655,smartphone,-8,light,1464152211000000000,1464152212000000000,TMG399X RGB Sensor,0.0,1464152211405574843
0,crowdsignals.algosnap.com,1.0(1),352622063881655,smartphone,-8,light,1464152211000000000,1464152212000000000,TMG399X RGB Sensor,0.0,1464152211586026250
0,crowdsignals.algosnap.com,1.0(1),352622063881655,smartphone,-8,light,1464152211000000000,1464152212000000000,TMG399X RGB Sensor,0.0,1464152211762859948
0,crowdsignals.algosnap.com,1.0(1),352622063881655,smartphone,-8,light,1464152211000000000,1464152212000000000,TMG399X RGB Sensor,0.0,1464152211941549480
0,crowdsignals.algosnap.com,1.0(1),352622063881655,smartphone,-8,light,1464152212000000000,1464152213000000000,TMG399X RGB Sensor,0.0,1464152212295725417
0,crowdsignals.algosnap.com,1.0(1),352622063881655,smartphone,-8,light,1464152212000000000,1464152213000000000,TMG399X RGB Sensor,0.0,1464152212475485989
0,crowdsignals.algosnap.com,1.0(1),352622063881655,smartphone,-8,light,1464152212000000000,1464152213000000000,TMG399X RGB Sensor,0.0,1464152212652161823
0,crowdsignals.algosnap.com,1.0(1),352622063881655,smartphone,-8,light,1464152212000000000,1464152213000000000,TMG399X RGB Sensor,0.0,1464152212829915573
0,crowdsignals.algosnap.com,1.0(1),352622063881655,smartphone,-8,light,1464152213000000000,1464152214000000000,TMG399X RGB Sensor,0.0,1464152213185206250
0,crowdsignals.algosnap.com,1.0(1),352622063881655,smartphone,-8,light,1464152213000000000,1464152214000000000,TMG399X RGB Sensor,0.0,1464152213363109219
0,crowdsignals.algosnap.com,1.0(1),352622063881655,smartphone,-8,light,1464152213000000000,1464152214000000000,TMG399X RGB Sensor,0.0,1464152213540798750
0,crowdsignals.algosnap.com,1.0(1),352622063881655,smartphone,-8,light,1464152213000000000,1464152214000000000,TMG399X RGB Sensor,0.0,1464152213718739948
0,crowdsignals.algosnap.com,1.0(1),352622063881655,smartphone,-8,light,1464152213000000000,1464152214000000000,TMG399X RGB Sensor,0.0,1464152213896088594
0,crowdsignals.algosnap.com,1.0(1),352622063881655,smartphone,-8,light,1464152214000000000,1464152215000000000,TMG399X RGB Sensor,0.0,1464152214253223854
0,crowdsignals.algosnap.com,1.0(1),352622063881655,smartphone,-8,light,1464152214000000000,1464152215000000000,TMG399X RGB Sensor,0.0,1464152214431092084
0,crowdsignals.algosnap.com,1.0(1),352622063881655,smartphone,-8,light,1464152214000000000,1464152215000000000,TMG399X RGB Sensor,0.0,1464152214617910157
0,crowdsignals.algosnap.com,1.0(1),352622063881655,smartphone,-8,light,1464152214000000000,1464152215000000000,TMG399X RGB Sensor,0.0,1464152214786825051
0,crowdsignals.algosnap.com,1.0(1),352622063881655,smartphone,-8,light,1464152214000000000,1464152215000000000,TMG399X RGB Sensor,0.0,1464152214965846562
0,crowdsignals.algosnap.com,1.0(1),352622063881655,smartphone,-8,light,1464152215000000000,1464152216000000000,TMG399X RGB Sensor,0.0,1464152215322406562
0,crowdsignals.algosnap.com,1.0(1),352622063881655,smartphone,-8,light,1464152215000000000,1464152216000000000,TMG399X RGB Sensor,0.0,1464152215499241042
0,crowdsignals.algosnap.com,1.0(1),352622063881655,smartphone,-8,light,1464152215000000000,1464152216000000000,TMG399X RGB Sensor,0.0,1464152215676664219
0,crowdsignals.algosnap.com,1.0(1),352622063881655,smartphone,-8,light,1464152215000000000,1464152216000000000,TMG399X RGB Sensor,0.0,1464152215854011146
0,crowdsignals.algosnap.com,1.0(1),352622063881655,smartphone,-8,light,1464152216000000000,1464152217000000000,TMG399X RGB Sensor,0.0,1464152216209427292
0,crowdsignals.algosnap.com,1.0(1),352622063881655,smartphone,-8,light,1464152216000000000,1464152217000000000,TMG399X RGB Sensor,0.0,1464152216390456198
0,crowdsignals.algosnap.com,1.0(1),352622063881655,smartphone,-8,light,1464152216000000000,1464152217000000000,TMG399X RGB Sensor,0.0,1464152216566655312
0,crowdsignals.algosnap.com,1.0(1),352622063881655,smartphone,-8,light,1464152216000000000,1464152217000000000,TMG399X RGB Sensor,0.0,1464152216745543072
0,crowdsignals.algosnap.com,1.0(1),352622063881655,smartphone,-8,light,1464152216000000000,1464152217000000000,TMG399X RGB Sensor,0.0,1464152216920771510
0,crowdsignals.algosnap.com,1.0(1),352622063881655,smartphone,-8,light,1464152217000000000,1464152218000000000,TMG399X RGB Sensor,0.0,1464152217099107865
0,crowdsignals.algosnap.com,1.0(1),352622063881655,smartphone,-8,light,1464152217000000000,1464152218000000000,TMG399X RGB Sensor,0.0,1464152217279127552
0,crowdsignals.algosnap.com,1.0(1),352622063881655,smartphone,-8,light,1464152217000000000,1464152218000000000,TMG399X RGB Sensor,0.0,1464152217455209583
0,crowdsignals.algosnap.com,1.0(1),352622063881655,smartphone,-8,light,1464152217000000000,1464152218000000000,TMG399X RGB Sensor,0.0,1464152217633388802
0,crowdsignals.algosnap.com,1.0(1),352622063881655,smartphone,-8,light,1464152217000000000,1464152218000000000,TMG399X RGB Sensor,0.0,1464152217811274740
0,crowdsignals.algosnap.com,1.0(1),352622063881655,smartphone,-8,light,1464152217000000000,1464152218000000000,TMG399X RGB Sensor,0.0,1464152217989127552
0,crowdsignals.algosnap.com,1.0(1),352622063881655,smartphone,-8,light,1464152218000000000,1464152219000000000,TMG399X RGB Sensor,0.0,1464152218345773802
0,crowdsignals.algosnap.com,1.0(1),352622063881655,smartphone,-8,light,1464152218000000000,1464152219000000000,TMG399X RGB Sensor,0.0,1464152218523769011
0,crowdsignals.algosnap.com,1.0(1),352622063881655,smartphone,-8,light,1464152218000000000,1464152219000000000,TMG399X RGB Sensor,0.0,1464152218702930834
0,crowdsignals.algosnap.com,1.0(1),352622063881655,smartphone,-8,light,1464152218000000000,1464152219000000000,TMG399X RGB Sensor,0.0,1464152218878180417
0,crowdsignals.algosnap.com,1.0(1),352622063881655,smartphone,-8,light,1464152219000000000,1464152220000000000,TMG399X RGB Sensor,0.0,1464152219236281250
0,crowdsignals.algosnap.com,1.0(1),352622063881655,smartphone,-8,light,1464152219000000000,1464152220000000000,TMG399X RGB Sensor,0.0,1464152219412834948
0,crowdsignals.algosnap.com,1.0(1),352622063881655,smartphone,-8,light,1464152219000000000,1464152220000000000,TMG399X RGB Sensor,0.0,1464152219591060938
0,crowdsignals.algosnap.com,1.0(1),352622063881655,smartphone,-8,light,1464152219000000000,1464152220000000000,TMG399X RGB Sensor,0.0,1464152219769874219
0,crowdsignals.algosnap.com,1.0(1),352622063881655,smartphone,-8,light,1464152219000000000,1464152220000000000,TMG399X RGB Sensor,0.0,1464152219948738750
0,crowdsignals.algosnap.com,1.0(1),352622063881655,smartphone,-8,light,1464152220000000000,1464152221000000000,TMG399X RGB Sensor,0.0,1464152220303106666
0,crowdsignals.algosnap.com,1.0(1),352622063881655,smartphone,-8,light,1464152220000000000,1464152221000000000,TMG399X RGB Sensor,0.0,1464152220480794375
0,crowdsignals.algosnap.com,1.0(1),352622063881655,smartphone,-8,light,1464152220000000000,1464152221000000000,TMG399X RGB Sensor,0.0,1464152220659118178
0,crowdsignals.algosnap.com,1.0(1),352622063881655,smartphone,-8,light,1464152220000000000,1464152221000000000,TMG399X RGB Sensor,0.0,1464152220836047395
0,crowdsignals.algosnap.com,1.0(1),352622063881655,smartphone,-8,light,1464152221000000000,1464152222000000000,TMG399X RGB Sensor,0.0,1464152221192443750
0,crowdsignals.algosnap.com,1.0(1),352622063881655,smartphone,-8,light,1464152221000000000,1464152222000000000,TMG399X RGB Sensor,0.0,1464152221370135885
0,crowdsignals.algosnap.com,1.0(1),352622063881655,smartphone,-8,light,1464152221000000000,1464152222000000000,TMG399X RGB Sensor,0.0,1464152221546941666
0,crowdsignals.algosnap.com,1.0(1),352622063881655,smartphone,-8,light,1464152221000000000,1464152222000000000,TMG399X RGB Sensor,0.0,1464152221728147709
0,crowdsignals.algosnap.com,1.0(1),352622063881655,smartphone,-8,light,1464152221000000000,1464152222000000000,TMG399X RGB Sensor,0.0,1464152221904820520
0,crowdsignals.algosnap.com,1.0(1),352622063881655,smartphone,-8,light,1464152222000000000,1464152223000000000,TMG399X RGB Sensor,0.0,1464152222260460104
0,crowdsignals.algosnap.com,1.0(1),352622063881655,smartphone,-8,light,1464152222000000000,1464152223000000000,TMG399X RGB Sensor,0.0,1464152222440130520
0,crowdsignals.algosnap.com,1.0(1),352622063881655,smartphone,-8,light,1464152222000000000,1464152223000000000,TMG399X RGB Sensor,0.0,1464152222615013854
0,crowdsignals.algosnap.com,1.0(1),352622063881655,smartphone,-8,light,1464152222000000000,1464152223000000000,TMG399X RGB Sensor,0.0,1464152222793092344
0,crowdsignals.algosnap.com,1.0(1),352622063881655,smartphone,-8,light,1464152222000000000,1464152223000000000,TMG399X RGB Sensor,0.0,1464152222971100834
0,crowdsignals.algosnap.com,1.0(1),352622063881655,smartphone,-8,light,1464152223000000000,1464152224000000000,TMG399X RGB Sensor,0.0,1464152223326599114
0,crowdsignals.algosnap.com,1.0(1),352622063881655,smartphone,-8,light,1464152223000000000,1464152224000000000,TMG399X RGB Sensor,0.0,1464152223505811719
0,crowdsignals.algosnap.com,1.0(1),352622063881655,smartphone,-8,light,1464152223000000000,1464152224000000000,TMG399X RGB Sensor,0.0,1464152223682012656
0,crowdsignals.algosnap.com,1.0(1),352622063881655,smartphone,-8,light,1464152223000000000,1464152224000000000,TMG399X RGB Sensor,0.0,1464152223861141406
0,crowdsignals.algosnap.com,1.0(1),352622063881655,smartphone,-8,light,1464152224000000000,1464152225000000000,TMG399X RGB Sensor,0.0,1464152224216600259
0,crowdsignals.algosnap.com,1.0(1),352622063881655,smartphone,-8,light,1464152224000000000,1464152225000000000,TMG399X RGB Sensor,0.0,1464152224395796927
0,crowdsignals.algosnap.com,1.0(1),352622063881655,smartphone,-8,light,1464152224000000000,1464152225000000000,TMG399X RGB Sensor,0.0,1464152224572175104
0,crowdsignals.algosnap.com,1.0(1),352622063881655,smartphone,-8,light,1464152224000000000,1464152225000000000,TMG399X RGB Sensor,0.0,1464152224753766458
0,crowdsignals.algosnap.com,1.0(1),352622063881655,smartphone,-8,light,1464152224000000000,1464152225000000000,TMG399X RGB Sensor,0.0,1464152224929004011
0,crowdsignals.algosnap.com,1.0(1),352622063881655,smartphone,-8,light,1464152225000000000,1464152226000000000,TMG399X RGB Sensor,0.0,1464152225283599270
0,crowdsignals.algosnap.com,1.0(1),352622063881655,smartphone,-8,light,1464152225000000000,1464152226000000000,TMG399X RGB Sensor,0.0,1464152225463530625
0,crowdsignals.algosnap.com,1.0(1),352622063881655,smartphone,-8,light,1464152225000000000,1464152226000000000,TMG399X RGB Sensor,0.0,1464152225640908958
0,crowdsignals.algosnap.com,1.0(1),352622063881655,smartphone,-8,light,1464152225000000000,1464152226000000000,TMG399X RGB Sensor,0.0,1464152225819211770
0,crowdsignals.algosnap.com,1.0(1),352622063881655,smartphone,-8,light,1464152225000000000,1464152226000000000,TMG399X RGB Sensor,0.0,1464152225995781510
0,crowdsignals.algosnap.com,1.0(1),352622063881655,smartphone,-8,light,1464152226000000000,1464152227000000000,TMG399X RGB Sensor,0.0,1464152226351747448
0,crowdsignals.algosnap.com,1.0(1),352622063881655,smartphone,-8,light,1464152226000000000,1464152227000000000,TMG399X RGB Sensor,0.0,1464152226529465260
0,crowdsignals.algosnap.com,1.0(1),352622063881655,smartphone,-8,light,1464152226000000000,1464152227000000000,TMG399X RGB Sensor,0.0,1464152226707371927
0,crowdsignals.algosnap.com,1.0(1),352622063881655,smartphone,-8,light,1464152226000000000,1464152227000000000,TMG399X RGB Sensor,0.0,1464152226886543125
0,crowdsignals.algosnap.com,1.0(1),352622063881655,smartphone,-8,light,1464152227000000000,1464152228000000000,TMG399X RGB Sensor,0.0,1464152227063562552
0,crowdsignals.algosnap.com,1.0(1),352622063881655,smartphone,-8,light,1464152227000000000,1464152228000000000,TMG399X RGB Sensor,0.0,1464152227240560157
0,crowdsignals.algosnap.com,1.0(1),352622063881655,smartphone,-8,light,1464152227000000000,1464152228000000000,TMG399X RGB Sensor,0.0,1464152227420234791
0,crowdsignals.algosnap.com,1.0(1),352622063881655,smartphone,-8,light,1464152227000000000,1464152228000000000,TMG399X RGB Sensor,0.0,1464152227596703594
0,crowdsignals.algosnap.com,1.0(1),352622063881655,smartphone,-8,light,1464152227000000000,1464152228000000000,TMG399X RGB Sensor,0.0,1464152227775128750
0,crowdsignals.algosnap.com,1.0(1),352622063881655,smartphone,-8,light,1464152227000000000,1464152228000000000,TMG399X RGB Sensor,0.0,1464152227953131980
0,crowdsignals.algosnap.com,1.0(1),352622063881655,smartphone,-8,light,1464152228000000000,1464152229000000000,TMG399X RGB Sensor,0.0,1464152228309127500
0,crowdsignals.algosnap.com,1.0(1),352622063881655,smartphone,-8,light,1464152228000000000,1464152229000000000,TMG399X RGB Sensor,0.0,1464152228485618854
0,crowdsignals.algosnap.com,1.0(1),352622063881655,smartphone,-8,light,1464152228000000000,1464152229000000000,TMG399X RGB Sensor,0.0,1464152228665115677
0,crowdsignals.algosnap.com,1.0(1),352622063881655,smartphone,-8,light,1464152228000000000,1464152229000000000,TMG399X RGB Sensor,0.0,1464152228842583646
0,crowdsignals.algosnap.com,1.0(1),352622063881655,smartphone,-8,light,1464152229000000000,1464152230000000000,TMG399X RGB Sensor,0.0,1464152229200245260
0,crowdsignals.algosnap.com,1.0(1),352622063881655,smartphone,-8,light,1464152229000000000,1464152230000000000,TMG399X RGB Sensor,0.0,1464152229377556614
0,crowdsignals.algosnap.com,1.0(1),352622063881655,smartphone,-8,light,1464152229000000000,1464152230000000000,TMG399X RGB Sensor,0.0,1464152229555607240
0,crowdsignals.algosnap.com,1.0(1),352622063881655,smartphone,-8,light,1464152229000000000,1464152230000000000,TMG399X RGB Sensor,0.0,1464152229732212813
0,crowdsignals.algosnap.com,1.0(1),352622063881655,smartphone,-8,light,1464152229000000000,1464152230000000000,TMG399X RGB Sensor,0.0,1464152229910311199
0,crowdsignals.algosnap.com,1.0(1),352622063881655,smartphone,-8,light,1464152230000000000,1464152231000000000,TMG399X RGB Sensor,0.0,1464152230265544531
0,crowdsignals.algosnap.com,1.0(1),352622063881655,smartphone,-8,light,1464152230000000000,1464152231000000000,TMG399X RGB Sensor,0.0,1464152230444296979
0,crowdsignals.algosnap.com,1.0(1),352622063881655,smartphone,-8,light,1464152230000000000,1464152231000000000,TMG399X RGB Sensor,0.0,1464152230621468646
0,crowdsignals.algosnap.com,1.0(1),352622063881655,smartphone,-8,light,1464152230000000000,1464152231000000000,TMG399X RGB Sensor,0.0,1464152230800925886
0,crowdsignals.algosnap.com,1.0(1),352622063881655,smartphone,-8,light,1464152230000000000,1464152231000000000,TMG399X RGB Sensor,0.0,1464152230979073958
0,crowdsignals.algosnap.com,1.0(1),352622063881655,smartphone,-8,light,1464152231000000000,1464152232000000000,TMG399X RGB Sensor,0.0,1464152231334069010
0,crowdsignals.algosnap.com,1.0(1),352622063881655,smartphone,-8,light,1464152231000000000,1464152232000000000,TMG399X RGB Sensor,0.0,1464152231512957083
0,crowdsignals.algosnap.com,1.0(1),352622063881655,smartphone,-8,light,1464152231000000000,1464152232000000000,TMG399X RGB Sensor,0.0,1464152231689120156
0,crowdsignals.algosnap.com,1.0(1),352622063881655,smartphone,-8,light,1464152231000000000,1464152232000000000,TMG399X RGB Sensor,0.0,1464152231868723542
0,crowdsignals.algosnap.com,1.0(1),352622063881655,smartphone,-8,light,1464152232000000000,1464152233000000000,TMG399X RGB Sensor,0.0,1464152232223348020
0,crowdsignals.algosnap.com,1.0(1),352622063881655,smartphone,-8,light,1464152232000000000,1464152233000000000,TMG399X RGB Sensor,0.0,1464152232403679949
0,crowdsignals.algosnap.com,1.0(1),352622063881655,smartphone,-8,light,1464152232000000000,1464152233000000000,TMG399X RGB Sensor,0.0,1464152232578605469
0,crowdsignals.algosnap.com,1.0(1),352622063881655,smartphone,-8,light,1464152232000000000,1464152233000000000,TMG399X RGB Sensor,0.0,1464152232759348178
0,crowdsignals.algosnap.com,1.0(1),352622063881655,smartphone,-8,light,1464152232000000000,1464152233000000000,TMG399X RGB Sensor,0.0,1464152232936059114
0,crowdsignals.algosnap.com,1.0(1),352622063881655,smartphone,-8,light,1464152233000000000,1464152234000000000,TMG399X RGB Sensor,0.0,1464152233293317604
0,crowdsignals.algosnap.com,1.0(1),352622063881655,smartphone,-8,light,1464152233000000000,1464152234000000000,TMG399X RGB Sensor,0.0,1464152233473182864
0,crowdsignals.algosnap.com,1.0(1),352622063881655,smartphone,-8,light,1464152233000000000,1464152234000000000,TMG399X RGB Sensor,0.0,1464152233645646615
0,crowdsignals.algosnap.com,1.0(1),352622063881655,smartphone,-8,light,1464152233000000000,1464152234000000000,TMG399X RGB Sensor,0.0,1464152233824372656
0,crowdsignals.algosnap.com,1.0(1),352622063881655,smartphone,-8,light,1464152234000000000,1464152235000000000,TMG399X RGB Sensor,0.0,1464152234180890834
0,crowdsignals.algosnap.com,1.0(1),352622063881655,smartphone,-8,light,1464152234000000000,1464152235000000000,TMG399X RGB Sensor,0.0,1464152234360068646
0,crowdsignals.algosnap.com,1.0(1),352622063881655,smartphone,-8,light,1464152234000000000,1464152235000000000,TMG399X RGB Sensor,0.0,1464152234541691876
0,crowdsignals.algosnap.com,1.0(1),352622063881655,smartphone,-8,light,1464152234000000000,1464152235000000000,TMG399X RGB Sensor,0.0,1464152234714468854
0,crowdsignals.algosnap.com,1.0(1),352622063881655,smartphone,-8,light,1464152234000000000,1464152235000000000,TMG399X RGB Sensor,0.0,1464152234891680990
0,crowdsignals.algosnap.com,1.0(1),352622063881655,smartphone,-8,light,1464152235000000000,1464152236000000000,TMG399X RGB Sensor,0.0,1464152235248130834
0,crowdsignals.algosnap.com,1.0(1),352622063881655,smartphone,-8,light,1464152235000000000,1464152236000000000,TMG399X RGB Sensor,0.0,1464152235426111615
0,crowdsignals.algosnap.com,1.0(1),352622063881655,smartphone,-8,light,1464152235000000000,1464152236000000000,TMG399X RGB Sensor,0.0,1464152235604075729
0,crowdsignals.algosnap.com,1.0(1),352622063881655,smartphone,-8,light,1464152235000000000,1464152236000000000,TMG399X RGB Sensor,0.0,1464152235782064896
0,crowdsignals.algosnap.com,1.0(1),352622063881655,smartphone,-8,light,1464152235000000000,1464152236000000000,TMG399X RGB Sensor,0.0,1464152235959168490
0,crowdsignals.algosnap.com,1.0(1),352622063881655,smartphone,-8,light,1464152236000000000,1464152237000000000,TMG399X RGB Sensor,0.0,1464152236315361615
0,crowdsignals.algosnap.com,1.0(1),352622063881655,smartphone,-8,light,1464152236000000000,1464152237000000000,TMG399X RGB Sensor,0.0,1464152236494420208
0,crowdsignals.algosnap.com,1.0(1),352622063881655,smartphone,-8,light,1464152236000000000,1464152237000000000,TMG399X RGB Sensor,0.0,1464152236672996667
0,crowdsignals.algosnap.com,1.0(1),352622063881655,smartphone,-8,light,1464152236000000000,1464152237000000000,TMG399X RGB Sensor,0.0,1464152236849926511
0,crowdsignals.algosnap.com,1.0(1),352622063881655,smartphone,-8,light,1464152237000000000,1464152238000000000,TMG399X RGB Sensor,0.0,1464152237026902969
0,crowdsignals.algosnap.com,1.0(1),352622063881655,smartphone,-8,light,1464152237000000000,1464152238000000000,TMG399X RGB Sensor,0.0,1464152237206344688
0,crowdsignals.algosnap.com,1.0(1),352622063881655,smartphone,-8,light,1464152237000000000,1464152238000000000,TMG399X RGB Sensor,0.0,1464152237385092552
0,crowdsignals.algosnap.com,1.0(1),352622063881655,smartphone,-8,light,1464152237000000000,1464152238000000000,TMG399X RGB Sensor,0.0,1464152237561408959
0,crowdsignals.algosnap.com,1.0(1),352622063881655,smartphone,-8,light,1464152237000000000,1464152238000000000,TMG399X RGB Sensor,0.0,1464152237737722448
0,crowdsignals.algosnap.com,1.0(1),352622063881655,smartphone,-8,light,1464152237000000000,1464152238000000000,TMG399X RGB Sensor,0.0,1464152237916095884
0,crowdsignals.algosnap.com,1.0(1),352622063881655,smartphone,-8,light,1464152238000000000,1464152239000000000,TMG399X RGB Sensor,0.0,1464152238272911718
0,crowdsignals.algosnap.com,1.0(1),352622063881655,smartphone,-8,light,1464152238000000000,1464152239000000000,TMG399X RGB Sensor,0.0,1464152238450337916
0,crowdsignals.algosnap.com,1.0(1),352622063881655,smartphone,-8,light,1464152238000000000,1464152239000000000,TMG399X RGB Sensor,0.0,1464152238627862605
0,crowdsignals.algosnap.com,1.0(1),352622063881655,smartphone,-8,light,1464152238000000000,1464152239000000000,TMG399X RGB Sensor,0.0,1464152238805614063
0,crowdsignals.algosnap.com,1.0(1),352622063881655,smartphone,-8,light,1464152238000000000,1464152239000000000,TMG399X RGB Sensor,0.0,1464152238984836302
0,crowdsignals.algosnap.com,1.0(1),352622063881655,smartphone,-8,light,1464152239000000000,1464152240000000000,TMG399X RGB Sensor,0.0,1464152239340163490
0,crowdsignals.algosnap.com,1.0(1),352622063881655,smartphone,-8,light,1464152239000000000,1464152240000000000,TMG399X RGB Sensor,0.0,1464152239518882760
0,crowdsignals.algosnap.com,1.0(1),352622063881655,smartphone,-8,light,1464152239000000000,1464152240000000000,TMG399X RGB Sensor,0.0,1464152239695356718
0,crowdsignals.algosnap.com,1.0(1),352622063881655,smartphone,-8,light,1464152239000000000,1464152240000000000,TMG399X RGB Sensor,0.0,1464152239873367708
0,crowdsignals.algosnap.com,1.0(1),352622063881655,smartphone,-8,light,1464152240000000000,1464152241000000000,TMG399X RGB Sensor,0.0,1464152240230073230
0,crowdsignals.algosnap.com,1.0(1),352622063881655,smartphone,-8,light,1464152240000000000,1464152241000000000,TMG399X RGB Sensor,0.0,1464152240414733125
0,crowdsignals.algosnap.com,1.0(1),352622063881655,smartphone,-8,light,1464152240000000000,1464152241000000000,TMG399X RGB Sensor,0.0,1464152240585359062
0,crowdsignals.algosnap.com,1.0(1),352622063881655,smartphone,-8,light,1464152240000000000,1464152241000000000,TMG399X RGB Sensor,0.0,1464152240763456250
0,crowdsignals.algosnap.com,1.0(1),352622063881655,smartphone,-8,light,1464152240000000000,1464152241000000000,TMG399X RGB Sensor,0.0,1464152240941066146
0,crowdsignals.algosnap.com,1.0(1),352622063881655,smartphone,-8,light,1464152241000000000,1464152242000000000,TMG399X RGB Sensor,0.0,1464152241297088176
0,crowdsignals.algosnap.com,1.0(1),352622063881655,smartphone,-8,light,1464152241000000000,1464152242000000000,TMG399X RGB Sensor,0.0,1464152241476068020
0,crowdsignals.algosnap.com,1.0(1),352622063881655,smartphone,-8,light,1464152241000000000,1464152242000000000,TMG399X RGB Sensor,0.0,1464152241653280364
0,crowdsignals.algosnap.com,1.0(1),352622063881655,smartphone,-8,light,1464152241000000000,1464152242000000000,TMG399X RGB Sensor,0.0,1464152241833284896
0,crowdsignals.algosnap.com,1.0(1),352622063881655,smartphone,-8,light,1464152242000000000,1464152243000000000,TMG399X RGB Sensor,0.0,1464152242187113333
0,crowdsignals.algosnap.com,1.0(1),352622063881655,smartphone,-8,light,1464152242000000000,1464152243000000000,TMG399X RGB Sensor,0.0,1464152242366759478
0,crowdsignals.algosnap.com,1.0(1),352622063881655,smartphone,-8,light,1464152242000000000,1464152243000000000,TMG399X RGB Sensor,0.0,1464152242542417083
0,crowdsignals.algosnap.com,1.0(1),352622063881655,smartphone,-8,light,1464152242000000000,1464152243000000000,TMG399X RGB Sensor,0.0,1464152242720114375
0,crowdsignals.algosnap.com,1.0(1),352622063881655,smartphone,-8,light,1464152242000000000,1464152243000000000,TMG399X RGB Sensor,0.0,1464152242899358021
0,crowdsignals.algosnap.com,1.0(1),352622063881655,smartphone,-8,light,1464152243000000000,1464152244000000000,TMG399X RGB Sensor,0.0,1464152243256764530
0,crowdsignals.algosnap.com,1.0(1),352622063881655,smartphone,-8,light,1464152243000000000,1464152244000000000,TMG399X RGB Sensor,0.0,1464152243435556407
0,crowdsignals.algosnap.com,1.0(1),352622063881655,smartphone,-8,light,1464152243000000000,1464152244000000000,TMG399X RGB Sensor,0.0,1464152243611706042
0,crowdsignals.algosnap.com,1.0(1),352622063881655,smartphone,-8,light,1464152243000000000,1464152244000000000,TMG399X RGB Sensor,0.0,1464152243788207084
0,crowdsignals.algosnap.com,1.0(1),352622063881655,smartphone,-8,light,1464152243000000000,1464152244000000000,TMG399X RGB Sensor,0.0,1464152243966076041
0,crowdsignals.algosnap.com,1.0(1),352622063881655,smartphone,-8,light,1464152244000000000,1464152245000000000,TMG399X RGB Sensor,0.0,1464152244322074479
0,crowdsignals.algosnap.com,1.0(1),352622063881655,smartphone,-8,light,1464152244000000000,1464152245000000000,TMG399X RGB Sensor,0.0,1464152244501141250
0,crowdsignals.algosnap.com,1.0(1),352622063881655,smartphone,-8,light,1464152244000000000,1464152245000000000,TMG399X RGB Sensor,0.0,1464152244679316927
0,crowdsignals.algosnap.com,1.0(1),352622063881655,smartphone,-8,light,1464152244000000000,1464152245000000000,TMG399X RGB Sensor,0.0,1464152244857165208
0,crowdsignals.algosnap.com,1.0(1),352622063881655,smartphone,-8,light,1464152245000000000,1464152246000000000,TMG399X RGB Sensor,0.0,1464152245213559531
0,crowdsignals.algosnap.com,1.0(1),352622063881655,smartphone,-8,light,1464152245000000000,1464152246000000000,TMG399X RGB Sensor,0.0,1464152245391653854
0,crowdsignals.algosnap.com,1.0(1),352622063881655,smartphone,-8,light,1464152245000000000,1464152246000000000,TMG399X RGB Sensor,0.0,1464152245569643177
0,crowdsignals.algosnap.com,1.0(1),352622063881655,smartphone,-8,light,1464152245000000000,1464152246000000000,TMG399X RGB Sensor,0.0,1464152245746403126
0,crowdsignals.algosnap.com,1.0(1),352622063881655,smartphone,-8,light,1464152245000000000,1464152246000000000,TMG399X RGB Sensor,0.0,1464152245930101615
0,crowdsignals.algosnap.com,1.0(1),352622063881655,smartphone,-8,light,1464152246000000000,1464152247000000000,TMG399X RGB Sensor,0.0,1464152246280931979
0,crowdsignals.algosnap.com,1.0(1),352622063881655,smartphone,-8,light,1464152246000000000,1464152247000000000,TMG399X RGB Sensor,0.0,1464152246459736042
0,crowdsignals.algosnap.com,1.0(1),352622063881655,smartphone,-8,light,1464152246000000000,1464152247000000000,TMG399X RGB Sensor,0.0,1464152246635104167
0,crowdsignals.algosnap.com,1.0(1),352622063881655,smartphone,-8,light,1464152246000000000,1464152247000000000,TMG399X RGB Sensor,0.0,1464152246812222708
0,crowdsignals.algosnap.com,1.0(1),352622063881655,smartphone,-8,light,1464152246000000000,1464152247000000000,TMG399X RGB Sensor,0.0,1464152246990138177
0,crowdsignals.algosnap.com,1.0(1),352622063881655,smartphone,-8,light,1464152247000000000,1464152248000000000,TMG399X RGB Sensor,0.0,1464152247167761875
0,crowdsignals.algosnap.com,1.0(1),352622063881655,smartphone,-8,light,1464152247000000000,1464152248000000000,TMG399X RGB Sensor,0.0,1464152247346798020
0,crowdsignals.algosnap.com,1.0(1),352622063881655,smartphone,-8,light,1464152247000000000,1464152248000000000,TMG399X RGB Sensor,0.0,1464152247526484427
0,crowdsignals.algosnap.com,1.0(1),352622063881655,smartphone,-8,light,1464152247000000000,1464152248000000000,TMG399X RGB Sensor,0.0,1464152247705477396
0,crowdsignals.algosnap.com,1.0(1),352622063881655,smartphone,-8,light,1464152247000000000,1464152248000000000,TMG399X RGB Sensor,0.0,1464152247881022031
0,crowdsignals.algosnap.com,1.0(1),352622063881655,smartphone,-8,light,1464152248000000000,1464152249000000000,TMG399X RGB Sensor,0.0,1464152248238217500
0,crowdsignals.algosnap.com,1.0(1),352622063881655,smartphone,-8,light,1464152248000000000,1464152249000000000,TMG399X RGB Sensor,0.0,1464152248415062656
0,crowdsignals.algosnap.com,1.0(1),352622063881655,smartphone,-8,light,1464152248000000000,1464152249000000000,TMG399X RGB Sensor,0.0,1464152248601865833
0,crowdsignals.algosnap.com,1.0(1),352622063881655,smartphone,-8,light,1464152248000000000,1464152249000000000,TMG399X RGB Sensor,0.0,1464152248771720053
0,crowdsignals.algosnap.com,1.0(1),352622063881655,smartphone,-8,light,1464152248000000000,1464152249000000000,TMG399X RGB Sensor,0.0,1464152248948108594
0,crowdsignals.algosnap.com,1.0(1),352622063881655,smartphone,-8,light,1464152249000000000,1464152250000000000,TMG399X RGB Sensor,0.0,1464152249303440261
0,crowdsignals.algosnap.com,1.0(1),352622063881655,smartphone,-8,light,1464152249000000000,1464152250000000000,TMG399X RGB Sensor,0.0,1464152249482075573
0,crowdsignals.algosnap.com,1.0(1),352622063881655,smartphone,-8,light,1464152249000000000,1464152250000000000,TMG399X RGB Sensor,0.0,1464152249659755416
0,crowdsignals.algosnap.com,1.0(1),352622063881655,smartphone,-8,light,1464152249000000000,1464152250000000000,TMG399X RGB Sensor,0.0,1464152249837966823
0,crowdsignals.algosnap.com,1.0(1),352622063881655,smartphone,-8,light,1464152250000000000,1464152251000000000,TMG399X RGB Sensor,0.0,1464152250193335833
0,crowdsignals.algosnap.com,1.0(1),352622063881655,smartphone,-8,light,1464152250000000000,1464152251000000000,TMG399X RGB Sensor,0.0,1464152250371331771
0,crowdsignals.algosnap.com,1.0(1),352622063881655,smartphone,-8,light,1464152250000000000,1464152251000000000,TMG399X RGB Sensor,0.0,1464152250550464167
0,crowdsignals.algosnap.com,1.0(1),352622063881655,smartphone,-8,light,1464152250000000000,1464152251000000000,TMG399X RGB Sensor,0.0,1464152250726357656
0,crowdsignals.algosnap.com,1.0(1),352622063881655,smartphone,-8,light,1464152250000000000,1464152251000000000,TMG399X RGB Sensor,0.0,1464152250906532968
0,crowdsignals.algosnap.com,1.0(1),352622063881655,smartphone,-8,light,1464152251000000000,1464152252000000000,TMG399X RGB Sensor,0.0,1464152251262287343
0,crowdsignals.algosnap.com,1.0(1),352622063881655,smartphone,-8,light,1464152251000000000,1464152252000000000,TMG399X RGB Sensor,0.0,1464152251439292917
0,crowdsignals.algosnap.com,1.0(1),352622063881655,smartphone,-8,light,1464152251000000000,1464152252000000000,TMG399X RGB Sensor,0.0,1464152251617463021
0,crowdsignals.algosnap.com,1.0(1),352622063881655,smartphone,-8,light,1464152251000000000,1464152252000000000,TMG399X RGB Sensor,0.0,1464152251794524531
0,crowdsignals.algosnap.com,1.0(1),352622063881655,smartphone,-8,light,1464152251000000000,1464152252000000000,TMG399X RGB Sensor,0.0,1464152251974660885
0,crowdsignals.algosnap.com,1.0(1),352622063881655,smartphone,-8,light,1464152252000000000,1464152253000000000,TMG399X RGB Sensor,0.0,1464152252329666302
0,crowdsignals.algosnap.com,1.0(1),352622063881655,smartphone,-8,light,1464152252000000000,1464152253000000000,TMG399X RGB Sensor,0.0,1464152252505733750
0,crowdsignals.algosnap.com,1.0(1),352622063881655,smartphone,-8,light,1464152252000000000,1464152253000000000,TMG399X RGB Sensor,0.0,1464152252685462187
0,crowdsignals.algosnap.com,1.0(1),352622063881655,smartphone,-8,light,1464152252000000000,1464152253000000000,TMG399X RGB Sensor,0.0,1464152252862181511
0,crowdsignals.algosnap.com,1.0(1),352622063881655,smartphone,-8,light,1464152253000000000,1464152254000000000,TMG399X RGB Sensor,0.0,1464152253218098230
0,crowdsignals.algosnap.com,1.0(1),352622063881655,smartphone,-8,light,1464152253000000000,1464152254000000000,TMG399X RGB Sensor,0.0,1464152253395782812
0,crowdsignals.algosnap.com,1.0(1),352622063881655,smartphone,-8,light,1464152253000000000,1464152254000000000,TMG399X RGB Sensor,0.0,1464152253572669219
0,crowdsignals.algosnap.com,1.0(1),352622063881655,smartphone,-8,light,1464152253000000000,1464152254000000000,TMG399X RGB Sensor,0.0,1464152253751112760
0,crowdsignals.algosnap.com,1.0(1),352622063881655,smartphone,-8,light,1464152253000000000,1464152254000000000,TMG399X RGB Sensor,0.0,1464152253931739688
0,crowdsignals.algosnap.com,1.0(1),352622063881655,smartphone,-8,light,1464152254000000000,1464152255000000000,TMG399X RGB Sensor,0.0,1464152254284943698
0,crowdsignals.algosnap.com,1.0(1),352622063881655,smartphone,-8,light,1464152254000000000,1464152255000000000,TMG399X RGB Sensor,0.0,1464152254466976875
0,crowdsignals.algosnap.com,1.0(1),352622063881655,smartphone,-8,light,1464152254000000000,1464152255000000000,TMG399X RGB Sensor,0.0,1464152254643251875
0,crowdsignals.algosnap.com,1.0(1),352622063881655,smartphone,-8,light,1464152254000000000,1464152255000000000,TMG399X RGB Sensor,0.0,1464152254819060626
0,crowdsignals.algosnap.com,1.0(1),352622063881655,smartphone,-8,light,1464152254000000000,1464152255000000000,TMG399X RGB Sensor,0.0,1464152254996829114
0,crowdsignals.algosnap.com,1.0(1),352622063881655,smartphone,-8,light,1464152255000000000,1464152256000000000,TMG399X RGB Sensor,0.0,1464152255353112865
0,crowdsignals.algosnap.com,1.0(1),352622063881655,smartphone,-8,light,1464152255000000000,1464152256000000000,TMG399X RGB Sensor,0.0,1464152255530437136
0,crowdsignals.algosnap.com,1.0(1),352622063881655,smartphone,-8,light,1464152255000000000,1464152256000000000,TMG399X RGB Sensor,0.0,1464152255709335364
0,crowdsignals.algosnap.com,1.0(1),352622063881655,smartphone,-8,light,1464152255000000000,1464152256000000000,TMG399X RGB Sensor,0.0,1464152255888155937
0,crowdsignals.algosnap.com,1.0(1),352622063881655,smartphone,-8,light,1464152256000000000,1464152257000000000,TMG399X RGB Sensor,0.0,1464152256243101563
0,crowdsignals.algosnap.com,1.0(1),352622063881655,smartphone,-8,light,1464152256000000000,1464152257000000000,TMG399X RGB Sensor,0.0,1464152256421068542
0,crowdsignals.algosnap.com,1.0(1),352622063881655,smartphone,-8,light,1464152256000000000,1464152257000000000,TMG399X RGB Sensor,0.0,1464152256599117135
0,crowdsignals.algosnap.com,1.0(1),352622063881655,smartphone,-8,light,1464152256000000000,1464152257000000000,TMG399X RGB Sensor,0.0,1464152256776378177
0,crowdsignals.algosnap.com,1.0(1),352622063881655,smartphone,-8,light,1464152256000000000,1464152257000000000,TMG399X RGB Sensor,0.0,1464152256955423854
0,crowdsignals.algosnap.com,1.0(1),352622063881655,smartphone,-8,light,1464152257000000000,1464152258000000000,TMG399X RGB Sensor,0.0,1464152257131412083
0,crowdsignals.algosnap.com,1.0(1),352622063881655,smartphone,-8,light,1464152257000000000,1464152258000000000,TMG399X RGB Sensor,0.0,1464152257310390417
0,crowdsignals.algosnap.com,1.0(1),352622063881655,smartphone,-8,light,1464152257000000000,1464152258000000000,TMG399X RGB Sensor,0.0,1464152257488735781
0,crowdsignals.algosnap.com,1.0(1),352622063881655,smartphone,-8,light,1464152257000000000,1464152258000000000,TMG399X RGB Sensor,0.0,1464152257666391875
0,crowdsignals.algosnap.com,1.0(1),352622063881655,smartphone,-8,light,1464152257000000000,1464152258000000000,TMG399X RGB Sensor,0.0,1464152257843380260
0,crowdsignals.algosnap.com,1.0(1),352622063881655,smartphone,-8,light,1464152258000000000,1464152259000000000,TMG399X RGB Sensor,0.0,1464152258199230209
0,crowdsignals.algosnap.com,1.0(1),352622063881655,smartphone,-8,light,1464152258000000000,1464152259000000000,TMG399X RGB Sensor,0.0,1464152258377125990
0,crowdsignals.algosnap.com,1.0(1),352622063881655,smartphone,-8,light,1464152258000000000,1464152259000000000,TMG399X RGB Sensor,0.0,1464152258555171354
0,crowdsignals.algosnap.com,1.0(1),352622063881655,smartphone,-8,light,1464152258000000000,1464152259000000000,TMG399X RGB Sensor,0.0,1464152258733045469
0,crowdsignals.algosnap.com,1.0(1),352622063881655,smartphone,-8,light,1464152258000000000,1464152259000000000,TMG399X RGB Sensor,0.0,1464152258910705000
0,crowdsignals.algosnap.com,1.0(1),352622063881655,smartphone,-8,light,1464152259000000000,1464152260000000000,TMG399X RGB Sensor,0.0,1464152259268271250
0,crowdsignals.algosnap.com,1.0(1),352622063881655,smartphone,-8,light,1464152259000000000,1464152260000000000,TMG399X RGB Sensor,0.0,1464152259445119114
0,crowdsignals.algosnap.com,1.0(1),352622063881655,smartphone,-8,light,1464152259000000000,1464152260000000000,TMG399X RGB Sensor,0.0,1464152259623792135
0,crowdsignals.algosnap.com,1.0(1),352622063881655,smartphone,-8,light,1464152259000000000,1464152260000000000,TMG399X RGB Sensor,0.0,1464152259800374791
0,crowdsignals.algosnap.com,1.0(1),352622063881655,smartphone,-8,light,1464152259000000000,1464152260000000000,TMG399X RGB Sensor,0.0,1464152259980202396
0,crowdsignals.algosnap.com,1.0(1),352622063881655,smartphone,-8,light,1464152260000000000,1464152261000000000,TMG399X RGB Sensor,0.0,1464152260336237083
0,crowdsignals.algosnap.com,1.0(1),352622063881655,smartphone,-8,light,1464152260000000000,1464152261000000000,TMG399X RGB Sensor,0.0,1464152260511532708
0,crowdsignals.algosnap.com,1.0(1),352622063881655,smartphone,-8,light,1464152260000000000,1464152261000000000,TMG399X RGB Sensor,0.0,1464152260690342916
0,crowdsignals.algosnap.com,1.0(1),352622063881655,smartphone,-8,light,1464152260000000000,1464152261000000000,TMG399X RGB Sensor,0.0,1464152260870187864
0,crowdsignals.algosnap.com,1.0(1),352622063881655,smartphone,-8,light,1464152261000000000,1464152262000000000,TMG399X RGB Sensor,0.0,1464152261226219895
0,crowdsignals.algosnap.com,1.0(1),352622063881655,smartphone,-8,light,1464152261000000000,1464152262000000000,TMG399X RGB Sensor,0.0,1464152261403585885
0,crowdsignals.algosnap.com,1.0(1),352622063881655,smartphone,-8,light,1464152261000000000,1464152262000000000,TMG399X RGB Sensor,0.0,1464152261582107604
0,crowdsignals.algosnap.com,1.0(1),352622063881655,smartphone,-8,light,1464152261000000000,1464152262000000000,TMG399X RGB Sensor,0.0,1464152261759046094
0,crowdsignals.algosnap.com,1.0(1),352622063881655,smartphone,-8,light,1464152261000000000,1464152262000000000,TMG399X RGB Sensor,0.0,1464152261935382448
0,crowdsignals.algosnap.com,1.0(1),352622063881655,smartphone,-8,light,1464152262000000000,1464152263000000000,TMG399X RGB Sensor,0.0,1464152262292844375
0,crowdsignals.algosnap.com,1.0(1),352622063881655,smartphone,-8,light,1464152262000000000,1464152263000000000,TMG399X RGB Sensor,0.0,1464152262470102709
0,crowdsignals.algosnap.com,1.0(1),352622063881655,smartphone,-8,light,1464152262000000000,1464152263000000000,TMG399X RGB Sensor,0.0,1464152262648332396
0,crowdsignals.algosnap.com,1.0(1),352622063881655,smartphone,-8,light,1464152262000000000,1464152263000000000,TMG399X RGB Sensor,0.0,1464152262825492708
0,crowdsignals.algosnap.com,1.0(1),352622063881655,smartphone,-8,light,1464152263000000000,1464152264000000000,TMG399X RGB Sensor,0.0,1464152263181755677
0,crowdsignals.algosnap.com,1.0(1),352622063881655,smartphone,-8,light,1464152263000000000,1464152264000000000,TMG399X RGB Sensor,0.0,1464152263359368229
0,crowdsignals.algosnap.com,1.0(1),352622063881655,smartphone,-8,light,1464152263000000000,1464152264000000000,TMG399X RGB Sensor,0.0,1464152263538616094
0,crowdsignals.algosnap.com,1.0(1),352622063881655,smartphone,-8,light,1464152263000000000,1464152264000000000,TMG399X RGB Sensor,0.0,1464152263715167761
0,crowdsignals.algosnap.com,1.0(1),352622063881655,smartphone,-8,light,1464152263000000000,1464152264000000000,TMG399X RGB Sensor,0.0,1464152263893787864
0,crowdsignals.algosnap.com,1.0(1),352622063881655,smartphone,-8,light,1464152264000000000,1464152265000000000,TMG399X RGB Sensor,0.0,1464152264249315104
0,crowdsignals.algosnap.com,1.0(1),352622063881655,smartphone,-8,light,1464152264000000000,1464152265000000000,TMG399X RGB Sensor,0.0,1464152264427230520
0,crowdsignals.algosnap.com,1.0(1),352622063881655,smartphone,-8,light,1464152264000000000,1464152265000000000,TMG399X RGB Sensor,0.0,1464152264605504688
0,crowdsignals.algosnap.com,1.0(1),352622063881655,smartphone,-8,light,1464152264000000000,1464152265000000000,TMG399X RGB Sensor,0.0,1464152264782142500
0,crowdsignals.algosnap.com,1.0(1),352622063881655,smartphone,-8,light,1464152264000000000,1464152265000000000,TMG399X RGB Sensor,0.0,1464152264960124896
0,crowdsignals.algosnap.com,1.0(1),352622063881655,smartphone,-8,light,1464152265000000000,1464152266000000000,TMG399X RGB Sensor,0.0,1464152265317110780
0,crowdsignals.algosnap.com,1.0(1),352622063881655,smartphone,-8,light,1464152265000000000,1464152266000000000,TMG399X RGB Sensor,0.0,1464152265494290209
0,crowdsignals.algosnap.com,1.0(1),352622063881655,smartphone,-8,light,1464152265000000000,1464152266000000000,TMG399X RGB Sensor,0.0,1464152265672129740
0,crowdsignals.algosnap.com,1.0(1),352622063881655,smartphone,-8,light,1464152265000000000,1464152266000000000,TMG399X RGB Sensor,0.0,1464152265850176718
0,crowdsignals.algosnap.com,1.0(1),352622063881655,smartphone,-8,light,1464152266000000000,1464152267000000000,TMG399X RGB Sensor,0.0,1464152266205531146
0,crowdsignals.algosnap.com,1.0(1),352622063881655,smartphone,-8,light,1464152266000000000,1464152267000000000,TMG399X RGB Sensor,0.0,1464152266383356667
0,crowdsignals.algosnap.com,1.0(1),352622063881655,smartphone,-8,light,1464152266000000000,1464152267000000000,TMG399X RGB Sensor,0.0,1464152266561288542
0,crowdsignals.algosnap.com,1.0(1),352622063881655,smartphone,-8,light,1464152266000000000,1464152267000000000,TMG399X RGB Sensor,0.0,1464152266743090989
0,crowdsignals.algosnap.com,1.0(1),352622063881655,smartphone,-8,light,1464152266000000000,1464152267000000000,TMG399X RGB Sensor,0.0,1464152266920011615
0,crowdsignals.algosnap.com,1.0(1),352622063881655,smartphone,-8,light,1464152267000000000,1464152268000000000,TMG399X RGB Sensor,0.0,1464152267094601093
0,crowdsignals.algosnap.com,1.0(1),352622063881655,smartphone,-8,light,1464152267000000000,1464152268000000000,TMG399X RGB Sensor,0.0,1464152267273064167
0,crowdsignals.algosnap.com,1.0(1),352622063881655,smartphone,-8,light,1464152267000000000,1464152268000000000,TMG399X RGB Sensor,0.0,1464152267451969844
0,crowdsignals.algosnap.com,1.0(1),352622063881655,smartphone,-8,light,1464152267000000000,1464152268000000000,TMG399X RGB Sensor,0.0,1464152267628798542
0,crowdsignals.algosnap.com,1.0(1),352622063881655,smartphone,-8,light,1464152267000000000,1464152268000000000,TMG399X RGB Sensor,0.0,1464152267807189062
0,crowdsignals.algosnap.com,1.0(1),352622063881655,smartphone,-8,light,1464152267000000000,1464152268000000000,TMG399X RGB Sensor,0.0,1464152267984620104
0,crowdsignals.algosnap.com,1.0(1),352622063881655,smartphone,-8,light,1464152268000000000,1464152269000000000,TMG399X RGB Sensor,0.0,1464152268341284740
0,crowdsignals.algosnap.com,1.0(1),352622063881655,smartphone,-8,light,1464152268000000000,1464152269000000000,TMG399X RGB Sensor,0.0,1464152268520687604
0,crowdsignals.algosnap.com,1.0(1),352622063881655,smartphone,-8,light,1464152268000000000,1464152269000000000,TMG399X RGB Sensor,0.0,1464152268696641355
0,crowdsignals.algosnap.com,1.0(1),352622063881655,smartphone,-8,light,1464152268000000000,1464152269000000000,TMG399X RGB Sensor,0.0,1464152268875088958
0,crowdsignals.algosnap.com,1.0(1),352622063881655,smartphone,-8,light,1464152269000000000,1464152270000000000,TMG399X RGB Sensor,0.0,1464152269230337708
0,crowdsignals.algosnap.com,1.0(1),352622063881655,smartphone,-8,light,1464152269000000000,1464152270000000000,TMG399X RGB Sensor,0.0,1464152269409124219
0,crowdsignals.algosnap.com,1.0(1),352622063881655,smartphone,-8,light,1464152269000000000,1464152270000000000,TMG399X RGB Sensor,0.0,1464152269586918749
0,crowdsignals.algosnap.com,1.0(1),352622063881655,smartphone,-8,light,1464152269000000000,1464152270000000000,TMG399X RGB Sensor,0.0,1464152269764910937
0,crowdsignals.algosnap.com,1.0(1),352622063881655,smartphone,-8,light,1464152269000000000,1464152270000000000,TMG399X RGB Sensor,0.0,1464152269942378698
0,crowdsignals.algosnap.com,1.0(1),352622063881655,smartphone,-8,light,1464152270000000000,1464152271000000000,TMG399X RGB Sensor,0.0,1464152270298406354
0,crowdsignals.algosnap.com,1.0(1),352622063881655,smartphone,-8,light,1464152270000000000,1464152271000000000,TMG399X RGB Sensor,0.0,1464152270477784219
0,crowdsignals.algosnap.com,1.0(1),352622063881655,smartphone,-8,light,1464152270000000000,1464152271000000000,TMG399X RGB Sensor,0.0,1464152270654121823
0,crowdsignals.algosnap.com,1.0(1),352622063881655,smartphone,-8,light,1464152270000000000,1464152271000000000,TMG399X RGB Sensor,0.0,1464152270833150104
0,crowdsignals.algosnap.com,1.0(1),352622063881655,smartphone,-8,light,1464152271000000000,1464152272000000000,TMG399X RGB Sensor,0.0,1464152271189521250
0,crowdsignals.algosnap.com,1.0(1),352622063881655,smartphone,-8,light,1464152271000000000,1464152272000000000,TMG399X RGB Sensor,0.0,1464152271368461615
0,crowdsignals.algosnap.com,1.0(1),352622063881655,smartphone,-8,light,1464152271000000000,1464152272000000000,TMG399X RGB Sensor,0.0,1464152271544080729
0,crowdsignals.algosnap.com,1.0(1),352622063881655,smartphone,-8,light,1464152271000000000,1464152272000000000,TMG399X RGB Sensor,0.0,1464152271722063177
0,crowdsignals.algosnap.com,1.0(1),352622063881655,smartphone,-8,light,1464152271000000000,1464152272000000000,TMG399X RGB Sensor,0.0,1464152271898659687
0,crowdsignals.algosnap.com,1.0(1),352622063881655,smartphone,-8,light,1464152272000000000,1464152273000000000,TMG399X RGB Sensor,0.0,1464152272257234791
0,crowdsignals.algosnap.com,1.0(1),352622063881655,smartphone,-8,light,1464152272000000000,1464152273000000000,TMG399X RGB Sensor,0.0,1464152272434580417
0,crowdsignals.algosnap.com,1.0(1),352622063881655,smartphone,-8,light,1464152272000000000,1464152273000000000,TMG399X RGB Sensor,0.0,1464152272611093334
0,crowdsignals.algosnap.com,1.0(1),352622063881655,smartphone,-8,light,1464152272000000000,1464152273000000000,TMG399X RGB Sensor,0.0,1464152272790653281
0,crowdsignals.algosnap.com,1.0(1),352622063881655,smartphone,-8,light,1464152272000000000,1464152273000000000,TMG399X RGB Sensor,0.0,1464152272968576667
