{
    "name": "Accelerometer",
    "doc": "A segment of accelerometer readings",
    "type": "record",
    "aliases": [
        "accelerometer", "Accel", "accel", "Acc", "acc"
    ],
    "fields": [
        {
            "name": "user_id",
            "doc": "Unique ID for this user",
            "type": "long"
        },
        {
            "name": "sw_name",
            "doc": "Name for the software generating this data",
            "type": "string"
        },
        {
            "name": "sw_version",
            "doc": "Version number for the software generating this data",
            "type": "string"
        },
        {
            "name": "device_id",
            "doc": "Unique ID for the device generating this data",
            "type": "string"
        },
        {
            "name": "device_type",
            "doc": "The type of device generating this data (e.g., smartphone, watch)",
            "type": "string"
        },
        {
            "name": "timezone",
            "doc": "Timezone in which this data was collected",
            "type": "int"
        },
        {
            "name": "type",
            "doc": "The human-readable type of this data",
            "type": "string"
        },
        {
            "name": "start",
            "doc": "Unix time timestamp for the start of this segment",
            "type": "long"
        },
        {
            "name": "end",
            "doc": "Unix time timestamp for the end of this segment",
            "type": "long"
        },
        {
            "name": "sensor_name",
            "doc": "The name and model of the hardware sensor",
            "type": "string"
        },
        {
            "name": "x",
            "doc": "Acceleration minus Gx on x-axis in m/sec^s",
            "type": {
               "type": "array",
               "items": "float"
            }
        },
        {
            "name": "y",
            "doc": "Acceleration minus Gy on y-axis in m/sec^s",
            "type": {
               "type": "array",
               "items": "float"
            }
        },
        {
            "name": "z",
            "doc": "Acceleration minus Gz on z-axis in m/sec^s",
            "type": {
               "type": "array",
               "items": "float"
            }
        },
        {
            "name": "timestamps",
            "doc": "Unix time timestamps at which each x,y,z event occurred",
            "type": {
               "type": "array",
               "items": "long"
            }
        }
    ]
}
