{
  "name": "Battery",
  "doc": "A segment of battery readings",
  "type": "record",
  "aliases": [
    "battery", "Bat", "bat"
  ],
  "fields": [
    {
      "name": "user_id",
      "doc": "Unique ID for this user",
      "type": "long"
    },
    {
      "name": "sw_name",
      "doc": "Name for the software generating this data",
      "type": "string"
    },
    {
      "name": "sw_version",
      "doc": "Version number for the software generating this data",
      "type": "string"
    },
    {
      "name": "device_id",
      "doc": "Unique ID for the device generating this data",
      "type": "string"
    },
    {
      "name": "device_type",
      "doc": "The type of device generating this data (e.g., smartphone, watch)",
      "type": "string"
    },
    {
      "name": "timezone",
      "doc": "Timezone in which this data was collected",
      "type": "int"
    },
    {
      "name": "type",
      "doc": "The human-readable type of this data",
      "type": "string"
    },
    {
      "name": "start",
      "doc": "Unix time timestamp for the start of this segment",
      "type": "long"
    },
    {
      "name": "end",
      "doc": "Unix time timestamp for the end of this segment",
      "type": "long"
    },
    {
      "name": "level",
      "doc": "Battery Level",
      "type": {
        "type": "array",
        "items": "int"
      }
    },
    {
      "name": "scale",
      "doc": "Scale on which level is recorded",
      "type": {
        "type": "array",
        "items": "int"
      }
    },
    {
      "name": "temperature",
      "doc": "Internal battery temperature",
      "type": {
        "type": "array",
        "items": "int"
      }
    },
    {
      "name": "voltage",
      "doc": "Battery voltage",
      "type": {
        "type": "array",
        "items": "int"
      }
    },
    {
      "name": "plugged",
      "doc": "Plugged status",
      "type": {
        "type": "array",
        "items": "int"
      }
    },
    {
      "name": "status",
      "doc": "Battery status",
      "type": {
        "type": "array",
        "items": "string"
      }
    },
    {
      "name": "health",
      "doc": "Health of the battery",
      "type": {
        "type": "array",
        "items": "string"
      }
    },
    {
      "name": "timestamps",
      "doc": "Unix time timestamps at which each battery recording occurred",
      "type": {
        "type": "array",
        "items": "long"
      }
    }
  ]
}
