{
  "name": "Connectivity",
  "doc": "A segment of network connectivity snapshots",
  "type": "record",
  "aliases": [
    "connectivity"
  ],
  "fields": [
    {
      "name": "user_id",
      "doc": "Unique ID for this user",
      "type": "long"
    },
    {
      "name": "sw_name",
      "doc": "Name for the software generating this data",
      "type": "string"
    },
    {
      "name": "sw_version",
      "doc": "Version number for the software generating this data",
      "type": "string"
    },
    {
      "name": "device_id",
      "doc": "Unique ID for the device generating this data",
      "type": "string"
    },
    {
      "name": "device_type",
      "doc": "The type of device generating this data (e.g., smartphone, watch)",
      "type": "string"
    },
    {
      "name": "timezone",
      "doc": "Timezone in which this data was collected",
      "type": "int"
    },
    {
      "name": "type",
      "doc": "The human-readable type of this data",
      "type": "string"
    },
    {
      "name": "start",
      "doc": "Unix time timestamp for the start of this segment",
      "type": "long"
    },
    {
      "name": "end",
      "doc": "Unix time timestamp for the end of this segment",
      "type": "long"
    },
    {
      "name": "connected",
      "doc": "Whether network is connected or not",
      "type": {
        "type": "array",
        "items": "boolean"
      }
    },
    {
      "name": "connecting",
      "doc": "Whether network is connecting or not",
      "type": {
        "type": "array",
        "items": "boolean"
      }
    },
    {
      "name": "available",
      "doc": "Whether or not network is available",
      "type": {
        "type": "array",
        "items": "boolean"
      }
    },
    {
      "name": "network_type",
      "doc": "The type of network",
      "type": {
        "type": "array",
        "items": "string"
      }
    },
    {
      "name": "roaming",
      "doc": "Roaming status",
      "type": {
        "type": "array",
        "items": "string"
      }
    },
    {
      "name": "ssid",
      "doc": "Symbolic ID of the network",
      "type": {
        "type": "array",
        "items": "string"
      }
    },
    {
      "name": "timestamps",
      "doc": "Unix time timestamps at which each connectivity event occurred",
      "type": {
        "type": "array",
        "items": "long"
      }
    }
  ]
}
