{
  "name": "GSM",
  "doc": "Radio data from the phone (e.g., GSM)",
  "type": "record",
  "aliases": [
    "Gsm", "gsm"
  ],
  "fields": [
    {
      "name": "user_id",
      "doc": "Unique ID for this user",
      "type": "long"
    },
    {
      "name": "sw_name",
      "doc": "Name for the software generating this data",
      "type": "string"
    },
    {
      "name": "sw_version",
      "doc": "Version number for the software generating this data",
      "type": "string"
    },
    {
      "name": "device_id",
      "doc": "Unique ID for the device generating this data",
      "type": "string"
    },
    {
      "name": "device_type",
      "doc": "The type of device generating this data (e.g., smartphone, watch)",
      "type": "string"
    },
    {
      "name": "timezone",
      "doc": "Timezone in which this data was collected",
      "type": "int"
    },
    {
      "name": "type",
      "doc": "The human-readable type of this data",
      "type": "string"
    },
    {
      "name": "start",
      "doc": "Unix time timestamp for the start of this segment",
      "type": "long"
    },
    {
      "name": "end",
      "doc": "Unix time timestamp for the end of this segment",
      "type": "long"
    },
    {
      "name": "mcc",
      "doc": "Mobile country code",
      "type": {
        "type": "array",
        "items": "string"
      }
    },
    {
      "name": "mnc",
      "doc": "Mobile network code",
      "type": {
        "type": "array",
        "items": "string"
      }
    },
    {
      "name": "lac",
      "doc": "Local area code, tracking area code or network id",
      "type": {
        "type": "array",
        "items": "int"
      }
    },
    {
      "name": "cid",
      "doc": "Cell ID",
      "type": {
        "type": "array",
        "items": "int"
      }
    },
    {
      "name": "timestamps",
      "doc": "Unix time timestamps at which each WLAN was observed",
      "type": {
        "type": "array",
        "items": "long"
      }
    }
  ]
}