{
  "name": "IntervalLabel",
  "doc": "Label for an interval with a start and end time",
  "type": "record",
  "aliases": [
    "IntervalLabel", "intervallabel"
  ],
  "fields": [
    {
      "name": "user_id",
      "doc": "Unique ID for this user",
      "type": "long"
    },
    {
      "name": "sw_name",
      "doc": "Name for the software generating this data",
      "type": "string"
    },
    {
      "name": "sw_version",
      "doc": "Version number for the software generating this data",
      "type": "string"
    },
    {
      "name": "device_id",
      "doc": "Unique ID for the device generating this data",
      "type": "string"
    },
    {
      "name": "device_type",
      "doc": "The type of device generating this data (e.g., smartphone, watch)",
      "type": "string"
    },
    {
      "name": "timezone",
      "doc": "Timezone in which this data was collected",
      "type": "int"
    },
    {
      "name": "type",
      "doc": "The human-readable type of this data",
      "type": "string"
    },
    {
      "name": "start",
      "doc": "Unix time timestamp for the start of this segment",
      "type": "long"
    },
    {
      "name": "end",
      "doc": "Unix time timestamp for the end of this segment",
      "type": "long"
    },
    {
      "name": "phone_position",
      "doc": "The position of the phone during this label",
      "type": {
        "type": "array",
        "items": "string"
      }
    },
    {
      "name": "watch_position",
      "doc": "The position of the watch during this label",
      "type": {
        "type": "array",
        "items": "string"
      }
    },
    {
      "name": "label",
      "doc": "The text description for each label",
      "type": {
        "type": "array",
        "items": "string"
      }
    },
    {
      "name": "label_start",
      "doc": "Unix time timestamp for the start of each label",
      "type": {
        "type": "array",
        "items": "long"
      }
    },
    {
      "name": "label_end",
      "doc": "Unix time timestamp for the end of each label",
      "type": {
        "type": "array",
        "items": "long"
      }
    }
  ]
}