{
  "name": "MsBandDistance",
  "doc": "A segment of Microsoft Band distance readings",
  "type": "record",
  "aliases": [
    "msBandDistance", "msbanddistance"
  ],
  "fields": [
    {
      "name": "user_id",
      "doc": "Unique ID for this user",
      "type": "long"
    },
    {
      "name": "sw_name",
      "doc": "Name for the software generating this data",
      "type": "string"
    },
    {
      "name": "sw_version",
      "doc": "Version number for the software generating this data",
      "type": "string"
    },
    {
      "name": "device_id",
      "doc": "Unique ID for the device generating this data",
      "type": "string"
    },
    {
      "name": "device_type",
      "doc": "The type of device generating this data (e.g., smartphone, watch)",
      "type": "string"
    },
    {
      "name": "timezone",
      "doc": "Timezone in which this data was collected",
      "type": "int"
    },
    {
      "name": "type",
      "doc": "The human-readable type of this data",
      "type": "string"
    },
    {
      "name": "start",
      "doc": "Unix time timestamp for the start of this segment",
      "type": "long"
    },
    {
      "name": "end",
      "doc": "Unix time timestamp for the end of this segment",
      "type": "long"
    },
    {
      "name": "motion",
      "doc": "Current type of motion: unknown, idle, walking, jogging, running",
      "type": {
        "type": "array",
        "items": "string"
      }
    },
    {
      "name": "pace",
      "doc": "Current pace of the band in ms/s",
      "type": {
        "type": "array",
        "items": "float"
      }
    },
    {
      "name": "speed",
      "doc": "Current speed of the band in cm/s",
      "type": {
        "type": "array",
        "items": "float"
      }
    },
    {
      "name": "totalDistance",
      "doc": "Distance traveled by the band in cm since the lats factory reset",
      "type": {
        "type": "array",
        "items": "long"
      }
    },
    {
      "name": "timestamps",
      "doc": "Unix time timestamps at which each calorie reading occurred",
      "type": {
        "type": "array",
        "items": "long"
      }
    }
  ]
}