{
  "name": "MsBandAltimeter",
  "doc": "A segment of altimeter readings from MS Band 2",
  "type": "record",
  "aliases": [
    "msBandAltimeter", "msAlt", "msalt"
  ],
  "fields": [
    {
      "name": "user_id",
      "doc": "Unique ID for this user",
      "type": "long"
    },
    {
      "name": "sw_name",
      "doc": "Name for the software generating this data",
      "type": "string"
    },
    {
      "name": "sw_version",
      "doc": "Version number for the software generating this data",
      "type": "string"
    },
    {
      "name": "device_id",
      "doc": "Unique ID for the device generating this data",
      "type": "string"
    },
    {
      "name": "device_type",
      "doc": "The type of device generating this data (e.g., smartphone, watch)",
      "type": "string"
    },
    {
      "name": "timezone",
      "doc": "Timezone in which this data was collected",
      "type": "int"
    },
    {
      "name": "type",
      "doc": "The human-readable type of this data",
      "type": "string"
    },
    {
      "name": "start",
      "doc": "Unix time timestamp for the start of this segment",
      "type": "long"
    },
    {
      "name": "end",
      "doc": "Unix time timestamp for the end of this segment",
      "type": "long"
    },
    {
      "name": "flightsAscended",
      "doc": "Number of floors ascended since the Band was last factory-reset",
      "type": {
        "type": "array",
        "items": "long"
      }
    },
    {
      "name": "flightsDescended",
      "doc": "Number of floors descended since the Band was last factory-reset",
      "type": {
        "type": "array",
        "items": "long"
      }
    },
    {
      "name": "rate",
      "doc": "The current rate of ascend/descend in cm/s",
      "type": {
        "type": "array",
        "items": "float"
      }
    },
    {
      "name": "steppingGain",
      "doc": "Total elevation gained in centimeters by taking steps since the Band was last factory-reset",
      "type": {
        "type": "array",
        "items": "long"
      }
    },
    {
      "name": "steppingLoss",
      "doc": "Total elevation lost in centimeters by taking steps since the Band was last factory-reset",
      "type": {
        "type": "array",
        "items": "long"
      }
    },
    {
      "name": "stepsAscended",
      "doc": "Total number of steps ascended since the Band was last factory-reset",
      "type": {
        "type": "array",
        "items": "long"
      }
    },
    {
      "name": "stepsDescended",
      "doc": "Total number of steps descended since the Band was last factory-reset",
      "type": {
        "type": "array",
        "items": "long"
      }
    },
    {
      "name": "totalGain",
      "doc": "Total elevation gained in centimeters since the Band was last factory-reset",
      "type": {
        "type": "array",
        "items": "long"
      }
    },
    {
      "name": "totalLoss",
      "doc": "Total elevation loss in centimeters since the Band was last factory-reset",
      "type": {
        "type": "array",
        "items": "long"
      }
    },
    {
      "name": "timestamps",
      "doc": "Unix time timestamps at which each altimeter event occurred",
      "type": {
        "type": "array",
        "items": "long"
      }
    }
  ]
}