{
  "name": "MsBandGyroscope",
  "doc": "A segment of gyroscope readings from a Microsoft Band",
  "type": "record",
  "aliases": [
    "msbandgyroscope"
  ],
  "fields": [
    {
      "name": "user_id",
      "doc": "Unique ID for this user",
      "type": "long"
    },
    {
      "name": "sw_name",
      "doc": "Name for the software generating this data",
      "type": "string"
    },
    {
      "name": "sw_version",
      "doc": "Version number for the software generating this data",
      "type": "string"
    },
    {
      "name": "device_id",
      "doc": "Unique ID for the device generating this data",
      "type": "string"
    },
    {
      "name": "device_type",
      "doc": "The type of device generating this data (e.g., smartphone, watch)",
      "type": "string"
    },
    {
      "name": "timezone",
      "doc": "Timezone in which this data was collected",
      "type": "int"
    },
    {
      "name": "type",
      "doc": "The human-readable type of this data",
      "type": "string"
    },
    {
      "name": "start",
      "doc": "Unix time timestamp for the start of this segment",
      "type": "long"
    },
    {
      "name": "end",
      "doc": "Unix time timestamp for the end of this segment",
      "type": "long"
    },
    {
      "name": "angularVelocityX",
      "doc": "Angular velocity around the x-axis of the band in degrees/sec",
      "type": {
        "type": "array",
        "items": "float"
      }
    },
    {
      "name": "angularVelocityY",
      "doc": "Angular velocity around the y-axis of the band in degrees/sec",
      "type": {
        "type": "array",
        "items": "float"
      }
    },
    {
      "name": "angularVelocityZ",
      "doc": "Angular velocity around the z-axis of the band in degrees/sec",
      "type": {
        "type": "array",
        "items": "float"
      }
    },
    {
      "name": "timestamps",
      "doc": "Timestamps in nanoseconds at which each x,y,z event occurred",
      "type": {
        "type": "array",
        "items": "long"
      }
    }
  ]
}