{
  "name": "Pedometer",
  "doc": "A segment of Microsoft Band pedometer readings",
  "type": "record",
  "aliases": [
    "pedometer"
  ],
  "fields": [
    {
      "name": "user_id",
      "doc": "Unique ID for this user",
      "type": "long"
    },
    {
      "name": "sw_name",
      "doc": "Name for the software generating this data",
      "type": "string"
    },
    {
      "name": "sw_version",
      "doc": "Version number for the software generating this data",
      "type": "string"
    },
    {
      "name": "device_id",
      "doc": "Unique ID for the device generating this data",
      "type": "string"
    },
    {
      "name": "device_type",
      "doc": "The type of device generating this data (e.g., smartphone, watch)",
      "type": "string"
    },
    {
      "name": "timezone",
      "doc": "Timezone in which this data was collected",
      "type": "int"
    },
    {
      "name": "type",
      "doc": "The human-readable type of this data",
      "type": "string"
    },
    {
      "name": "start",
      "doc": "Unix time timestamp for the start of this segment",
      "type": "long"
    },
    {
      "name": "end",
      "doc": "Unix time timestamp for the end of this segment",
      "type": "long"
    },
    {
      "name": "totalSteps",
      "doc": "Total number of steps since the band was last factory-reset",
      "type": {
        "type": "array",
        "items": "long"
      }
    },
    {
      "name": "timestamps",
      "doc": "Unix time timestamps at which each calorie reading occurred",
      "type": {
        "type": "array",
        "items": "long"
      }
    }
  ]
}