{
  "name": "NetworkTraffic",
  "doc": "A snapshot of network traffic on the device",
  "type": "record",
  "aliases": [
    "networktraffic"
  ],
  "fields": [
    {
      "name": "user_id",
      "doc": "Unique ID for this user",
      "type": "long"
    },
    {
      "name": "sw_name",
      "doc": "Name for the software generating this data",
      "type": "string"
    },
    {
      "name": "sw_version",
      "doc": "Version number for the software generating this data",
      "type": "string"
    },
    {
      "name": "device_id",
      "doc": "Unique ID for the device generating this data",
      "type": "string"
    },
    {
      "name": "device_type",
      "doc": "The type of device generating this data (e.g., smartphone, watch)",
      "type": "string"
    },
    {
      "name": "timezone",
      "doc": "Timezone in which this data was collected",
      "type": "int"
    },
    {
      "name": "type",
      "doc": "The human-readable type of this data",
      "type": "string"
    },
    {
      "name": "start",
      "doc": "Unix time timestamp for the start of this segment",
      "type": "long"
    },
    {
      "name": "end",
      "doc": "Unix time timestamp for the end of this segment",
      "type": "long"
    },
    {
      "name": "mobileRxBytes",
      "doc": "Number of bytes received across mobile networks since device boot",
      "type": {
        "type": "array",
        "items": "long"
      }
    },
    {
      "name": "mobileRxPackets",
      "doc": "Number of packets received across mobile networks since device boot",
      "type": {
        "type": "array",
        "items": "long"
      }
    },
    {
      "name": "mobileTxBytes",
      "doc": "Number of bytes transmitted across mobile networks since device boot",
      "type": {
        "type": "array",
        "items": "long"
      }
    },
    {
      "name": "mobileTxPackets",
      "doc": "Number of packets transmitted across mobile networks since device boot",
      "type": {
        "type": "array",
        "items": "long"
      }
    },
    {
      "name": "totalRxBytes",
      "doc": "Number of bytes received since device boot",
      "type": {
        "type": "array",
        "items": "long"
      }
    },
    {
      "name": "totalRxPackets",
      "doc": "Number of packets received since device boot",
      "type": {
        "type": "array",
        "items": "long"
      }
    },
    {
      "name": "totalTxBytes",
      "doc": "Number of bytes transmitted since device boot",
      "type": {
        "type": "array",
        "items": "long"
      }
    },
    {
      "name": "totalTxPackets",
      "doc": "Number of packets transmitted since device boot",
      "type": {
        "type": "array",
        "items": "long"
      }
    },
    {
      "name": "timestamps",
      "doc": "Unix time timestamps at which each traffic stat was recorded",
      "type": {
        "type": "array",
        "items": "long"
      }
    }
  ]
}