{
  "name": "PhoneState",
  "doc": "A segment of phone state snapshots",
  "type": "record",
  "aliases": [
    "phonestate"
  ],
  "fields": [
    {
      "name": "user_id",
      "doc": "Unique ID for this user",
      "type": "long"
    },
    {
      "name": "sw_name",
      "doc": "Name for the software generating this data",
      "type": "string"
    },
    {
      "name": "sw_version",
      "doc": "Version number for the software generating this data",
      "type": "string"
    },
    {
      "name": "device_id",
      "doc": "Unique ID for the device generating this data",
      "type": "string"
    },
    {
      "name": "device_type",
      "doc": "The type of device generating this data (e.g., smartphone, watch)",
      "type": "string"
    },
    {
      "name": "timezone",
      "doc": "Timezone in which this data was collected",
      "type": "int"
    },
    {
      "name": "type",
      "doc": "The human-readable type of this data",
      "type": "string"
    },
    {
      "name": "start",
      "doc": "Unix time timestamp for the start of this segment",
      "type": "long"
    },
    {
      "name": "end",
      "doc": "Unix time timestamp for the end of this segment",
      "type": "long"
    },
    {
      "name": "event_type",
      "doc": "The event type",
      "type": {
        "type": "array",
        "items": "string"
      }
    },
    {
      "name": "data",
      "doc": "The phone state event data",
      "type": {
        "type": "array",
        "items": "string"
      }
    },
    {
      "name": "number",
      "doc": "The hashed phone number if appropriate",
      "type": {
        "type": "array",
        "items": "string"
      }
    },
    {
      "name": "timestamps",
      "doc": "Timestamps in nanoseconds at which each phone state event occurred",
      "type": {
        "type": "array",
        "items": "long"
      }
    }
  ]
}
