{
  "name": "SensorMetadata",
  "doc": "A list of metadata on the sensors the phone contains",
  "type": "record",
  "aliases": [
    "sensormetadata"
  ],
  "fields": [
    {
      "name": "user_id",
      "doc": "Unique ID for this user",
      "type": "long"
    },
    {
      "name": "sw_name",
      "doc": "Name for the software generating this data",
      "type": "string"
    },
    {
      "name": "sw_version",
      "doc": "Version number for the software generating this data",
      "type": "string"
    },
    {
      "name": "device_id",
      "doc": "Unique ID for the device generating this data",
      "type": "string"
    },
    {
      "name": "device_type",
      "doc": "The type of device generating this data (e.g., smartphone, watch)",
      "type": "string"
    },
    {
      "name": "timezone",
      "doc": "Timezone in which this data was collected",
      "type": "int"
    },
    {
      "name": "type",
      "doc": "The human-readable type of this data",
      "type": "string"
    },
    {
      "name": "start",
      "doc": "Unix time timestamp for the start of this segment",
      "type": "long"
    },
    {
      "name": "end",
      "doc": "Unix time timestamp for the end of this segment",
      "type": "long"
    },
    {
      "name": "name",
      "doc": "Name of the sensor",
      "type": {
        "type": "array",
        "items": "string"
      }
    },
    {
      "name": "fifo_max_event_count",
      "doc": "Maximum number of events of this sensor that could be batched",
      "type": {
        "type": "array",
        "items": "int"
      }
    },
    {
      "name": "fifo_reserved_event_count",
      "doc": "Number of events reserved for this sensor in the batch mode FIFO",
      "type": {
        "type": "array",
        "items": "int"
      }
    },
    {
      "name": "max_delay",
      "doc": "Delay between two sensor events in microseconds corresponding to the lowest frequency that this sensor supports",
      "type": {
        "type": "array",
        "items": "int"
      }
    },
    {
      "name": "min_delay",
      "doc": "The minimum delay allowed between two events in microsecond",
      "type": {
        "type": "array",
        "items": "int"
      }
    },
    {
      "name": "max_range",
      "doc": "Maximum range of the sensor in the sensor's unit",
      "type": {
        "type": "array",
        "items": "float"
      }
    },
    {
      "name": "power",
      "doc": "Power in mA used by this sensor while in use",
      "type": {
        "type": "array",
        "items": "float"
      }
    },
    {
      "name": "resolution",
      "doc": "Resolution of the sensor in the sensor's unit",
      "type": {
        "type": "array",
        "items": "float"
      }
    },
    {
      "name": "sensor_type",
      "doc": "Type of the sensor",
      "type": {
        "type": "array",
        "items": "string"
      }
    },
    {
      "name": "sensor_type_num",
      "doc": "Numeric type of the sensor",
      "type": {
        "type": "array",
        "items": "int"
      }
    },
    {
      "name": "vendor",
      "doc": "Vendor for the sensor",
      "type": {
        "type": "array",
        "items": "string"
      }
    },
    {
      "name": "version",
      "doc": "Version of the sensor module",
      "type": {
        "type": "array",
        "items": "int"
      }
    },
    {
      "name": "wakeUpSensor",
      "doc": "True if the sensor is a wake-up sensor",
      "type": {
        "type": "array",
        "items": "boolean"
      }
    }
  ]
}