user_id,sw_name,sw_version,device_id,device_type,timezone,type,start,end,sensor_name,x,y,z,timestamps
0,crowdsignals.algosnap.com,1.0(1),352622063881655,smartphone,-8,magnetometer,1464136631000000000,1464136632000000000,AK09911C Magnetic field Sensor,17.46,-35.58,-27.9,1464136631010068073
0,crowdsignals.algosnap.com,1.0(1),352622063881655,smartphone,-8,magnetometer,1464136631000000000,1464136632000000000,AK09911C Magnetic field Sensor,17.34,-35.64,-27.9,1464136631020756771
0,crowdsignals.algosnap.com,1.0(1),352622063881655,smartphone,-8,magnetometer,1464136631000000000,1464136632000000000,AK09911C Magnetic field Sensor,17.22,-35.7,-27.9,1464136631030032031
0,crowdsignals.algosnap.com,1.0(1),352622063881655,smartphone,-8,magnetometer,1464136631000000000,1464136632000000000,AK09911C Magnetic field Sensor,17.16,-35.7,-27.9,1464136631039948802
0,crowdsignals.algosnap.com,1.0(1),352622063881655,smartphone,-8,magnetometer,1464136631000000000,1464136632000000000,AK09911C Magnetic field Sensor,17.04,-35.64,-27.9,1464136631050512813
0,crowdsignals.algosnap.com,1.0(1),352622063881655,smartphone,-8,magnetometer,1464136631000000000,1464136632000000000,AK09911C Magnetic field Sensor,16.98,-35.58,-27.9,1464136631060110208
0,crowdsignals.algosnap.com,1.0(1),352622063881655,smartphone,-8,magnetometer,1464136631000000000,1464136632000000000,AK09911C Magnetic field Sensor,16.92,-35.52,-27.9,1464136631070506719
0,crowdsignals.algosnap.com,1.0(1),352622063881655,smartphone,-8,magnetometer,1464136631000000000,1464136632000000000,AK09911C Magnetic field Sensor,16.86,-35.46,-27.9,1464136631079415417
0,crowdsignals.algosnap.com,1.0(1),352622063881655,smartphone,-8,magnetometer,1464136631000000000,1464136632000000000,AK09911C Magnetic field Sensor,16.86,-35.4,-27.96,1464136631088970468
0,crowdsignals.algosnap.com,1.0(1),352622063881655,smartphone,-8,magnetometer,1464136631000000000,1464136632000000000,AK09911C Magnetic field Sensor,16.8,-35.34,-27.96,1464136631099225521
0,crowdsignals.algosnap.com,1.0(1),352622063881655,smartphone,-8,magnetometer,1464136631000000000,1464136632000000000,AK09911C Magnetic field Sensor,16.86,-35.28,-28.02,1464136631109204271
0,crowdsignals.algosnap.com,1.0(1),352622063881655,smartphone,-8,magnetometer,1464136631000000000,1464136632000000000,AK09911C Magnetic field Sensor,16.92,-35.16,-28.02,1464136631118899948
0,crowdsignals.algosnap.com,1.0(1),352622063881655,smartphone,-8,magnetometer,1464136631000000000,1464136632000000000,AK09911C Magnetic field Sensor,17.04,-35.04,-28.08,1464136631128940260
0,crowdsignals.algosnap.com,1.0(1),352622063881655,smartphone,-8,magnetometer,1464136631000000000,1464136632000000000,AK09911C Magnetic field Sensor,17.1,-34.98,-28.14,1464136631138969427
0,crowdsignals.algosnap.com,1.0(1),352622063881655,smartphone,-8,magnetometer,1464136631000000000,1464136632000000000,AK09911C Magnetic field Sensor,17.16,-34.92,-28.14,1464136631148547031
0,crowdsignals.algosnap.com,1.0(1),352622063881655,smartphone,-8,magnetometer,1464136631000000000,1464136632000000000,AK09911C Magnetic field Sensor,17.22,-34.8,-28.2,1464136631158611823
0,crowdsignals.algosnap.com,1.0(1),352622063881655,smartphone,-8,magnetometer,1464136631000000000,1464136632000000000,AK09911C Magnetic field Sensor,17.34,-34.74,-28.26,1464136631168299114
0,crowdsignals.algosnap.com,1.0(1),352622063881655,smartphone,-8,magnetometer,1464136631000000000,1464136632000000000,AK09911C Magnetic field Sensor,17.4,-34.68,-28.26,1464136631178575417
0,crowdsignals.algosnap.com,1.0(1),352622063881655,smartphone,-8,magnetometer,1464136631000000000,1464136632000000000,AK09911C Magnetic field Sensor,17.4,-34.62,-28.32,1464136631188054896
0,crowdsignals.algosnap.com,1.0(1),352622063881655,smartphone,-8,magnetometer,1464136631000000000,1464136632000000000,AK09911C Magnetic field Sensor,17.46,-34.62,-28.32,1464136631198884218
0,crowdsignals.algosnap.com,1.0(1),352622063881655,smartphone,-8,magnetometer,1464136631000000000,1464136632000000000,AK09911C Magnetic field Sensor,17.46,-34.62,-28.38,1464136631208175469
0,crowdsignals.algosnap.com,1.0(1),352622063881655,smartphone,-8,magnetometer,1464136631000000000,1464136632000000000,AK09911C Magnetic field Sensor,17.52,-34.68,-28.38,1464136631218378126
0,crowdsignals.algosnap.com,1.0(1),352622063881655,smartphone,-8,magnetometer,1464136631000000000,1464136632000000000,AK09911C Magnetic field Sensor,17.52,-34.68,-28.38,1464136631228439115
0,crowdsignals.algosnap.com,1.0(1),352622063881655,smartphone,-8,magnetometer,1464136631000000000,1464136632000000000,AK09911C Magnetic field Sensor,17.52,-34.74,-28.44,1464136631237526980
0,crowdsignals.algosnap.com,1.0(1),352622063881655,smartphone,-8,magnetometer,1464136631000000000,1464136632000000000,AK09911C Magnetic field Sensor,17.52,-34.74,-28.44,1464136631247984480
0,crowdsignals.algosnap.com,1.0(1),352622063881655,smartphone,-8,magnetometer,1464136631000000000,1464136632000000000,AK09911C Magnetic field Sensor,17.52,-34.8,-28.5,1464136631257405104
0,crowdsignals.algosnap.com,1.0(1),352622063881655,smartphone,-8,magnetometer,1464136631000000000,1464136632000000000,AK09911C Magnetic field Sensor,17.52,-34.86,-28.5,1464136631267815937
0,crowdsignals.algosnap.com,1.0(1),352622063881655,smartphone,-8,magnetometer,1464136631000000000,1464136632000000000,AK09911C Magnetic field Sensor,17.52,-34.86,-28.5,1464136631278019844
0,crowdsignals.algosnap.com,1.0(1),352622063881655,smartphone,-8,magnetometer,1464136631000000000,1464136632000000000,AK09911C Magnetic field Sensor,17.58,-34.92,-28.5,1464136631287380469
0,crowdsignals.algosnap.com,1.0(1),352622063881655,smartphone,-8,magnetometer,1464136631000000000,1464136632000000000,AK09911C Magnetic field Sensor,17.58,-34.98,-28.44,1464136631297212344
0,crowdsignals.algosnap.com,1.0(1),352622063881655,smartphone,-8,magnetometer,1464136631000000000,1464136632000000000,AK09911C Magnetic field Sensor,17.58,-35.04,-28.44,1464136631306897448
0,crowdsignals.algosnap.com,1.0(1),352622063881655,smartphone,-8,magnetometer,1464136631000000000,1464136632000000000,AK09911C Magnetic field Sensor,17.58,-35.04,-28.44,1464136631316671198
0,crowdsignals.algosnap.com,1.0(1),352622063881655,smartphone,-8,magnetometer,1464136631000000000,1464136632000000000,AK09911C Magnetic field Sensor,17.58,-35.1,-28.44,1464136631326694375
0,crowdsignals.algosnap.com,1.0(1),352622063881655,smartphone,-8,magnetometer,1464136631000000000,1464136632000000000,AK09911C Magnetic field Sensor,17.58,-35.16,-28.44,1464136631336609740
0,crowdsignals.algosnap.com,1.0(1),352622063881655,smartphone,-8,magnetometer,1464136631000000000,1464136632000000000,AK09911C Magnetic field Sensor,17.58,-35.22,-28.44,1464136631346545260
0,crowdsignals.algosnap.com,1.0(1),352622063881655,smartphone,-8,magnetometer,1464136631000000000,1464136632000000000,AK09911C Magnetic field Sensor,17.58,-35.28,-28.44,1464136631356113646
0,crowdsignals.algosnap.com,1.0(1),352622063881655,smartphone,-8,magnetometer,1464136631000000000,1464136632000000000,AK09911C Magnetic field Sensor,17.52,-35.28,-28.44,1464136631365947917
0,crowdsignals.algosnap.com,1.0(1),352622063881655,smartphone,-8,magnetometer,1464136631000000000,1464136632000000000,AK09911C Magnetic field Sensor,17.52,-35.34,-28.44,1464136631375831406
0,crowdsignals.algosnap.com,1.0(1),352622063881655,smartphone,-8,magnetometer,1464136631000000000,1464136632000000000,AK09911C Magnetic field Sensor,17.52,-35.34,-28.44,1464136631385697917
0,crowdsignals.algosnap.com,1.0(1),352622063881655,smartphone,-8,magnetometer,1464136631000000000,1464136632000000000,AK09911C Magnetic field Sensor,17.52,-35.34,-28.44,1464136631395828333
0,crowdsignals.algosnap.com,1.0(1),352622063881655,smartphone,-8,magnetometer,1464136631000000000,1464136632000000000,AK09911C Magnetic field Sensor,17.58,-35.4,-28.38,1464136631405734011
0,crowdsignals.algosnap.com,1.0(1),352622063881655,smartphone,-8,magnetometer,1464136631000000000,1464136632000000000,AK09911C Magnetic field Sensor,17.58,-35.4,-28.38,1464136631415552344
0,crowdsignals.algosnap.com,1.0(1),352622063881655,smartphone,-8,magnetometer,1464136631000000000,1464136632000000000,AK09911C Magnetic field Sensor,17.58,-35.4,-28.38,1464136631425305208
0,crowdsignals.algosnap.com,1.0(1),352622063881655,smartphone,-8,magnetometer,1464136631000000000,1464136632000000000,AK09911C Magnetic field Sensor,17.58,-35.4,-28.38,1464136631435203229
0,crowdsignals.algosnap.com,1.0(1),352622063881655,smartphone,-8,magnetometer,1464136631000000000,1464136632000000000,AK09911C Magnetic field Sensor,17.58,-35.4,-28.38,1464136631445010729
0,crowdsignals.algosnap.com,1.0(1),352622063881655,smartphone,-8,magnetometer,1464136631000000000,1464136632000000000,AK09911C Magnetic field Sensor,17.58,-35.4,-28.38,1464136631455316719
0,crowdsignals.algosnap.com,1.0(1),352622063881655,smartphone,-8,magnetometer,1464136631000000000,1464136632000000000,AK09911C Magnetic field Sensor,17.52,-35.46,-28.32,1464136631464739896
0,crowdsignals.algosnap.com,1.0(1),352622063881655,smartphone,-8,magnetometer,1464136631000000000,1464136632000000000,AK09911C Magnetic field Sensor,17.52,-35.46,-28.32,1464136631474978177
0,crowdsignals.algosnap.com,1.0(1),352622063881655,smartphone,-8,magnetometer,1464136631000000000,1464136632000000000,AK09911C Magnetic field Sensor,17.52,-35.52,-28.32,1464136631485323802
0,crowdsignals.algosnap.com,1.0(1),352622063881655,smartphone,-8,magnetometer,1464136631000000000,1464136632000000000,AK09911C Magnetic field Sensor,17.58,-35.52,-28.32,1464136631494766771
0,crowdsignals.algosnap.com,1.0(1),352622063881655,smartphone,-8,magnetometer,1464136631000000000,1464136632000000000,AK09911C Magnetic field Sensor,17.58,-35.58,-28.26,1464136631504540208
0,crowdsignals.algosnap.com,1.0(1),352622063881655,smartphone,-8,magnetometer,1464136631000000000,1464136632000000000,AK09911C Magnetic field Sensor,17.58,-35.64,-28.26,1464136631515141511
0,crowdsignals.algosnap.com,1.0(1),352622063881655,smartphone,-8,magnetometer,1464136631000000000,1464136632000000000,AK09911C Magnetic field Sensor,17.52,-35.64,-28.2,1464136631524935833
0,crowdsignals.algosnap.com,1.0(1),352622063881655,smartphone,-8,magnetometer,1464136631000000000,1464136632000000000,AK09911C Magnetic field Sensor,17.52,-35.7,-28.2,1464136631534678698
0,crowdsignals.algosnap.com,1.0(1),352622063881655,smartphone,-8,magnetometer,1464136631000000000,1464136632000000000,AK09911C Magnetic field Sensor,17.52,-35.76,-28.14,1464136631544555833
0,crowdsignals.algosnap.com,1.0(1),352622063881655,smartphone,-8,magnetometer,1464136631000000000,1464136632000000000,AK09911C Magnetic field Sensor,17.58,-35.76,-28.14,1464136631554289428
0,crowdsignals.algosnap.com,1.0(1),352622063881655,smartphone,-8,magnetometer,1464136631000000000,1464136632000000000,AK09911C Magnetic field Sensor,17.58,-35.82,-28.08,1464136631564049635
0,crowdsignals.algosnap.com,1.0(1),352622063881655,smartphone,-8,magnetometer,1464136631000000000,1464136632000000000,AK09911C Magnetic field Sensor,17.58,-35.88,-28.08,1464136631573546302
0,crowdsignals.algosnap.com,1.0(1),352622063881655,smartphone,-8,magnetometer,1464136631000000000,1464136632000000000,AK09911C Magnetic field Sensor,17.58,-35.88,-28.02,1464136631583509010
0,crowdsignals.algosnap.com,1.0(1),352622063881655,smartphone,-8,magnetometer,1464136631000000000,1464136632000000000,AK09911C Magnetic field Sensor,17.58,-35.94,-28.02,1464136631593125729
0,crowdsignals.algosnap.com,1.0(1),352622063881655,smartphone,-8,magnetometer,1464136631000000000,1464136632000000000,AK09911C Magnetic field Sensor,17.58,-36.0,-27.96,1464136631604214792
0,crowdsignals.algosnap.com,1.0(1),352622063881655,smartphone,-8,magnetometer,1464136631000000000,1464136632000000000,AK09911C Magnetic field Sensor,17.58,-36.0,-27.9,1464136631613667344
0,crowdsignals.algosnap.com,1.0(1),352622063881655,smartphone,-8,magnetometer,1464136631000000000,1464136632000000000,AK09911C Magnetic field Sensor,17.58,-36.06,-27.9,1464136631623789375
0,crowdsignals.algosnap.com,1.0(1),352622063881655,smartphone,-8,magnetometer,1464136631000000000,1464136632000000000,AK09911C Magnetic field Sensor,17.58,-36.06,-27.84,1464136631633066875
0,crowdsignals.algosnap.com,1.0(1),352622063881655,smartphone,-8,magnetometer,1464136631000000000,1464136632000000000,AK09911C Magnetic field Sensor,17.58,-36.06,-27.78,1464136631643427188
0,crowdsignals.algosnap.com,1.0(1),352622063881655,smartphone,-8,magnetometer,1464136631000000000,1464136632000000000,AK09911C Magnetic field Sensor,17.58,-36.06,-27.72,1464136631652602448
0,crowdsignals.algosnap.com,1.0(1),352622063881655,smartphone,-8,magnetometer,1464136631000000000,1464136632000000000,AK09911C Magnetic field Sensor,17.64,-36.06,-27.66,1464136631663001615
0,crowdsignals.algosnap.com,1.0(1),352622063881655,smartphone,-8,magnetometer,1464136631000000000,1464136632000000000,AK09911C Magnetic field Sensor,17.64,-36.06,-27.54,1464136631672613073
0,crowdsignals.algosnap.com,1.0(1),352622063881655,smartphone,-8,magnetometer,1464136631000000000,1464136632000000000,AK09911C Magnetic field Sensor,17.64,-36.06,-27.42,1464136631683503438
0,crowdsignals.algosnap.com,1.0(1),352622063881655,smartphone,-8,magnetometer,1464136631000000000,1464136632000000000,AK09911C Magnetic field Sensor,17.7,-36.12,-27.3,1464136631692548594
0,crowdsignals.algosnap.com,1.0(1),352622063881655,smartphone,-8,magnetometer,1464136631000000000,1464136632000000000,AK09911C Magnetic field Sensor,17.7,-36.12,-27.18,1464136631702738490
0,crowdsignals.algosnap.com,1.0(1),352622063881655,smartphone,-8,magnetometer,1464136631000000000,1464136632000000000,AK09911C Magnetic field Sensor,17.76,-36.12,-27.0,1464136631712723645
0,crowdsignals.algosnap.com,1.0(1),352622063881655,smartphone,-8,magnetometer,1464136631000000000,1464136632000000000,AK09911C Magnetic field Sensor,17.76,-36.12,-26.88,1464136631722419739
0,crowdsignals.algosnap.com,1.0(1),352622063881655,smartphone,-8,magnetometer,1464136631000000000,1464136632000000000,AK09911C Magnetic field Sensor,17.76,-36.18,-26.76,1464136631729741666
0,crowdsignals.algosnap.com,1.0(1),352622063881655,smartphone,-8,magnetometer,1464136631000000000,1464136632000000000,AK09911C Magnetic field Sensor,17.82,-36.18,-26.58,1464136631741949374
0,crowdsignals.algosnap.com,1.0(1),352622063881655,smartphone,-8,magnetometer,1464136631000000000,1464136632000000000,AK09911C Magnetic field Sensor,17.88,-36.3,-26.46,1464136631751484687
0,crowdsignals.algosnap.com,1.0(1),352622063881655,smartphone,-8,magnetometer,1464136631000000000,1464136632000000000,AK09911C Magnetic field Sensor,17.88,-36.36,-26.34,1464136631761832499
0,crowdsignals.algosnap.com,1.0(1),352622063881655,smartphone,-8,magnetometer,1464136631000000000,1464136632000000000,AK09911C Magnetic field Sensor,17.94,-36.48,-26.16,1464136631771552969
0,crowdsignals.algosnap.com,1.0(1),352622063881655,smartphone,-8,magnetometer,1464136631000000000,1464136632000000000,AK09911C Magnetic field Sensor,18.06,-36.6,-25.98,1464136631780893802
0,crowdsignals.algosnap.com,1.0(1),352622063881655,smartphone,-8,magnetometer,1464136631000000000,1464136632000000000,AK09911C Magnetic field Sensor,18.12,-36.72,-25.74,1464136631791739322
0,crowdsignals.algosnap.com,1.0(1),352622063881655,smartphone,-8,magnetometer,1464136631000000000,1464136632000000000,AK09911C Magnetic field Sensor,18.18,-36.9,-25.5,1464136631801511145
0,crowdsignals.algosnap.com,1.0(1),352622063881655,smartphone,-8,magnetometer,1464136631000000000,1464136632000000000,AK09911C Magnetic field Sensor,18.3,-37.08,-25.2,1464136631811580832
0,crowdsignals.algosnap.com,1.0(1),352622063881655,smartphone,-8,magnetometer,1464136631000000000,1464136632000000000,AK09911C Magnetic field Sensor,18.36,-37.26,-24.9,1464136631821092186
0,crowdsignals.algosnap.com,1.0(1),352622063881655,smartphone,-8,magnetometer,1464136631000000000,1464136632000000000,AK09911C Magnetic field Sensor,18.48,-37.5,-24.6,1464136631831432082
0,crowdsignals.algosnap.com,1.0(1),352622063881655,smartphone,-8,magnetometer,1464136631000000000,1464136632000000000,AK09911C Magnetic field Sensor,18.6,-37.74,-24.24,1464136631840491301
0,crowdsignals.algosnap.com,1.0(1),352622063881655,smartphone,-8,magnetometer,1464136631000000000,1464136632000000000,AK09911C Magnetic field Sensor,18.72,-37.98,-24.0,1464136631851785884
0,crowdsignals.algosnap.com,1.0(1),352622063881655,smartphone,-8,magnetometer,1464136631000000000,1464136632000000000,AK09911C Magnetic field Sensor,18.9,-38.22,-23.7,1464136631861225052
0,crowdsignals.algosnap.com,1.0(1),352622063881655,smartphone,-8,magnetometer,1464136631000000000,1464136632000000000,AK09911C Magnetic field Sensor,19.08,-38.46,-23.4,1464136631870258906
0,crowdsignals.algosnap.com,1.0(1),352622063881655,smartphone,-8,magnetometer,1464136631000000000,1464136632000000000,AK09911C Magnetic field Sensor,19.26,-38.76,-23.1,1464136631880166198
0,crowdsignals.algosnap.com,1.0(1),352622063881655,smartphone,-8,magnetometer,1464136631000000000,1464136632000000000,AK09911C Magnetic field Sensor,19.38,-39.0,-22.8,1464136631889803021
0,crowdsignals.algosnap.com,1.0(1),352622063881655,smartphone,-8,magnetometer,1464136631000000000,1464136632000000000,AK09911C Magnetic field Sensor,19.5,-39.18,-22.56,1464136631899793594
0,crowdsignals.algosnap.com,1.0(1),352622063881655,smartphone,-8,magnetometer,1464136631000000000,1464136632000000000,AK09911C Magnetic field Sensor,19.68,-39.42,-22.26,1464136631909783021
0,crowdsignals.algosnap.com,1.0(1),352622063881655,smartphone,-8,magnetometer,1464136631000000000,1464136632000000000,AK09911C Magnetic field Sensor,19.8,-39.54,-21.96,1464136631920084271
0,crowdsignals.algosnap.com,1.0(1),352622063881655,smartphone,-8,magnetometer,1464136631000000000,1464136632000000000,AK09911C Magnetic field Sensor,19.92,-39.72,-21.72,1464136631929322344
0,crowdsignals.algosnap.com,1.0(1),352622063881655,smartphone,-8,magnetometer,1464136631000000000,1464136632000000000,AK09911C Magnetic field Sensor,20.04,-39.84,-21.48,1464136631939191354
0,crowdsignals.algosnap.com,1.0(1),352622063881655,smartphone,-8,magnetometer,1464136631000000000,1464136632000000000,AK09911C Magnetic field Sensor,20.1,-39.96,-21.3,1464136631949357500
0,crowdsignals.algosnap.com,1.0(1),352622063881655,smartphone,-8,magnetometer,1464136631000000000,1464136632000000000,AK09911C Magnetic field Sensor,20.16,-40.08,-21.18,1464136631959533750
0,crowdsignals.algosnap.com,1.0(1),352622063881655,smartphone,-8,magnetometer,1464136631000000000,1464136632000000000,AK09911C Magnetic field Sensor,20.28,-40.14,-21.06,1464136631969471093
0,crowdsignals.algosnap.com,1.0(1),352622063881655,smartphone,-8,magnetometer,1464136631000000000,1464136632000000000,AK09911C Magnetic field Sensor,20.4,-40.14,-21.06,1464136631978916667
0,crowdsignals.algosnap.com,1.0(1),352622063881655,smartphone,-8,magnetometer,1464136631000000000,1464136632000000000,AK09911C Magnetic field Sensor,20.58,-40.02,-21.12,1464136631988603854
0,crowdsignals.algosnap.com,1.0(1),352622063881655,smartphone,-8,magnetometer,1464136631000000000,1464136632000000000,AK09911C Magnetic field Sensor,20.82,-39.9,-21.3,1464136631998928386
0,crowdsignals.algosnap.com,1.0(1),352622063881655,smartphone,-8,magnetometer,1464136632000000000,1464136633000000000,AK09911C Magnetic field Sensor,21.18,-39.48,-21.6,1464136632018126511
0,crowdsignals.algosnap.com,1.0(1),352622063881655,smartphone,-8,magnetometer,1464136632000000000,1464136633000000000,AK09911C Magnetic field Sensor,21.42,-39.24,-21.78,1464136632028301406
0,crowdsignals.algosnap.com,1.0(1),352622063881655,smartphone,-8,magnetometer,1464136632000000000,1464136633000000000,AK09911C Magnetic field Sensor,21.66,-38.94,-21.96,1464136632038237552
0,crowdsignals.algosnap.com,1.0(1),352622063881655,smartphone,-8,magnetometer,1464136632000000000,1464136633000000000,AK09911C Magnetic field Sensor,21.96,-38.58,-22.14,1464136632048032501
0,crowdsignals.algosnap.com,1.0(1),352622063881655,smartphone,-8,magnetometer,1464136632000000000,1464136633000000000,AK09911C Magnetic field Sensor,22.2,-38.16,-22.32,1464136632057898437
0,crowdsignals.algosnap.com,1.0(1),352622063881655,smartphone,-8,magnetometer,1464136632000000000,1464136633000000000,AK09911C Magnetic field Sensor,22.5,-37.8,-22.56,1464136632068188698
0,crowdsignals.algosnap.com,1.0(1),352622063881655,smartphone,-8,magnetometer,1464136632000000000,1464136633000000000,AK09911C Magnetic field Sensor,22.74,-37.38,-22.74,1464136632077867969
0,crowdsignals.algosnap.com,1.0(1),352622063881655,smartphone,-8,magnetometer,1464136632000000000,1464136633000000000,AK09911C Magnetic field Sensor,22.98,-37.02,-22.92,1464136632088356094
0,crowdsignals.algosnap.com,1.0(1),352622063881655,smartphone,-8,magnetometer,1464136632000000000,1464136633000000000,AK09911C Magnetic field Sensor,23.22,-36.66,-23.16,1464136632098792187
0,crowdsignals.algosnap.com,1.0(1),352622063881655,smartphone,-8,magnetometer,1464136632000000000,1464136633000000000,AK09911C Magnetic field Sensor,23.4,-36.24,-23.34,1464136632107299167
0,crowdsignals.algosnap.com,1.0(1),352622063881655,smartphone,-8,magnetometer,1464136632000000000,1464136633000000000,AK09911C Magnetic field Sensor,23.58,-35.88,-23.52,1464136632117236719
0,crowdsignals.algosnap.com,1.0(1),352622063881655,smartphone,-8,magnetometer,1464136632000000000,1464136633000000000,AK09911C Magnetic field Sensor,23.64,-35.52,-23.76,1464136632127586354
0,crowdsignals.algosnap.com,1.0(1),352622063881655,smartphone,-8,magnetometer,1464136632000000000,1464136633000000000,AK09911C Magnetic field Sensor,23.7,-35.22,-24.0,1464136632138066927
0,crowdsignals.algosnap.com,1.0(1),352622063881655,smartphone,-8,magnetometer,1464136632000000000,1464136633000000000,AK09911C Magnetic field Sensor,23.7,-34.98,-24.18,1464136632146703594
0,crowdsignals.algosnap.com,1.0(1),352622063881655,smartphone,-8,magnetometer,1464136632000000000,1464136633000000000,AK09911C Magnetic field Sensor,23.64,-34.74,-24.24,1464136632157116770
0,crowdsignals.algosnap.com,1.0(1),352622063881655,smartphone,-8,magnetometer,1464136632000000000,1464136633000000000,AK09911C Magnetic field Sensor,23.58,-34.56,-24.36,1464136632166994948
0,crowdsignals.algosnap.com,1.0(1),352622063881655,smartphone,-8,magnetometer,1464136632000000000,1464136633000000000,AK09911C Magnetic field Sensor,23.46,-34.44,-24.42,1464136632176940417
0,crowdsignals.algosnap.com,1.0(1),352622063881655,smartphone,-8,magnetometer,1464136632000000000,1464136633000000000,AK09911C Magnetic field Sensor,23.34,-34.32,-24.48,1464136632186986355
0,crowdsignals.algosnap.com,1.0(1),352622063881655,smartphone,-8,magnetometer,1464136632000000000,1464136633000000000,AK09911C Magnetic field Sensor,23.22,-34.26,-24.6,1464136632196926823
0,crowdsignals.algosnap.com,1.0(1),352622063881655,smartphone,-8,magnetometer,1464136632000000000,1464136633000000000,AK09911C Magnetic field Sensor,23.1,-34.26,-24.66,1464136632205916510
0,crowdsignals.algosnap.com,1.0(1),352622063881655,smartphone,-8,magnetometer,1464136632000000000,1464136633000000000,AK09911C Magnetic field Sensor,22.98,-34.26,-24.72,1464136632216459635
0,crowdsignals.algosnap.com,1.0(1),352622063881655,smartphone,-8,magnetometer,1464136632000000000,1464136633000000000,AK09911C Magnetic field Sensor,22.92,-34.32,-24.78,1464136632226506146
0,crowdsignals.algosnap.com,1.0(1),352622063881655,smartphone,-8,magnetometer,1464136632000000000,1464136633000000000,AK09911C Magnetic field Sensor,22.8,-34.32,-24.84,1464136632236339896
0,crowdsignals.algosnap.com,1.0(1),352622063881655,smartphone,-8,magnetometer,1464136632000000000,1464136633000000000,AK09911C Magnetic field Sensor,22.74,-34.38,-24.9,1464136632246319063
0,crowdsignals.algosnap.com,1.0(1),352622063881655,smartphone,-8,magnetometer,1464136632000000000,1464136633000000000,AK09911C Magnetic field Sensor,22.68,-34.38,-24.96,1464136632255939687
0,crowdsignals.algosnap.com,1.0(1),352622063881655,smartphone,-8,magnetometer,1464136632000000000,1464136633000000000,AK09911C Magnetic field Sensor,22.68,-34.38,-25.02,1464136632265874428
0,crowdsignals.algosnap.com,1.0(1),352622063881655,smartphone,-8,magnetometer,1464136632000000000,1464136633000000000,AK09911C Magnetic field Sensor,22.68,-34.38,-25.08,1464136632275234635
0,crowdsignals.algosnap.com,1.0(1),352622063881655,smartphone,-8,magnetometer,1464136632000000000,1464136633000000000,AK09911C Magnetic field Sensor,22.74,-34.44,-25.08,1464136632284890573
0,crowdsignals.algosnap.com,1.0(1),352622063881655,smartphone,-8,magnetometer,1464136632000000000,1464136633000000000,AK09911C Magnetic field Sensor,22.8,-34.44,-25.08,1464136632294975886
0,crowdsignals.algosnap.com,1.0(1),352622063881655,smartphone,-8,magnetometer,1464136632000000000,1464136633000000000,AK09911C Magnetic field Sensor,22.86,-34.44,-25.08,1464136632305295625
0,crowdsignals.algosnap.com,1.0(1),352622063881655,smartphone,-8,magnetometer,1464136632000000000,1464136633000000000,AK09911C Magnetic field Sensor,22.92,-34.44,-25.08,1464136632314926667
0,crowdsignals.algosnap.com,1.0(1),352622063881655,smartphone,-8,magnetometer,1464136632000000000,1464136633000000000,AK09911C Magnetic field Sensor,22.98,-34.44,-25.08,1464136632324796823
0,crowdsignals.algosnap.com,1.0(1),352622063881655,smartphone,-8,magnetometer,1464136632000000000,1464136633000000000,AK09911C Magnetic field Sensor,23.04,-34.44,-25.08,1464136632335253594
0,crowdsignals.algosnap.com,1.0(1),352622063881655,smartphone,-8,magnetometer,1464136632000000000,1464136633000000000,AK09911C Magnetic field Sensor,23.16,-34.44,-25.02,1464136632344213229
0,crowdsignals.algosnap.com,1.0(1),352622063881655,smartphone,-8,magnetometer,1464136632000000000,1464136633000000000,AK09911C Magnetic field Sensor,23.28,-34.38,-24.96,1464136632354265729
0,crowdsignals.algosnap.com,1.0(1),352622063881655,smartphone,-8,magnetometer,1464136632000000000,1464136633000000000,AK09911C Magnetic field Sensor,23.4,-34.38,-24.96,1464136632364200261
0,crowdsignals.algosnap.com,1.0(1),352622063881655,smartphone,-8,magnetometer,1464136632000000000,1464136633000000000,AK09911C Magnetic field Sensor,23.58,-34.32,-24.9,1464136632374207813
0,crowdsignals.algosnap.com,1.0(1),352622063881655,smartphone,-8,magnetometer,1464136632000000000,1464136633000000000,AK09911C Magnetic field Sensor,23.76,-34.26,-24.9,1464136632384306041
0,crowdsignals.algosnap.com,1.0(1),352622063881655,smartphone,-8,magnetometer,1464136632000000000,1464136633000000000,AK09911C Magnetic field Sensor,23.94,-34.2,-24.84,1464136632394168906
0,crowdsignals.algosnap.com,1.0(1),352622063881655,smartphone,-8,magnetometer,1464136632000000000,1464136633000000000,AK09911C Magnetic field Sensor,24.06,-34.2,-24.78,1464136632404319896
0,crowdsignals.algosnap.com,1.0(1),352622063881655,smartphone,-8,magnetometer,1464136632000000000,1464136633000000000,AK09911C Magnetic field Sensor,24.24,-34.14,-24.78,1464136632414195157
0,crowdsignals.algosnap.com,1.0(1),352622063881655,smartphone,-8,magnetometer,1464136632000000000,1464136633000000000,AK09911C Magnetic field Sensor,24.36,-34.08,-24.72,1464136632424219583
0,crowdsignals.algosnap.com,1.0(1),352622063881655,smartphone,-8,magnetometer,1464136632000000000,1464136633000000000,AK09911C Magnetic field Sensor,24.48,-34.02,-24.66,1464136632433242812
0,crowdsignals.algosnap.com,1.0(1),352622063881655,smartphone,-8,magnetometer,1464136632000000000,1464136633000000000,AK09911C Magnetic field Sensor,24.66,-33.96,-24.66,1464136632443237135
0,crowdsignals.algosnap.com,1.0(1),352622063881655,smartphone,-8,magnetometer,1464136632000000000,1464136633000000000,AK09911C Magnetic field Sensor,24.78,-33.9,-24.6,1464136632453181459
0,crowdsignals.algosnap.com,1.0(1),352622063881655,smartphone,-8,magnetometer,1464136632000000000,1464136633000000000,AK09911C Magnetic field Sensor,24.9,-33.84,-24.6,1464136632463150260
0,crowdsignals.algosnap.com,1.0(1),352622063881655,smartphone,-8,magnetometer,1464136632000000000,1464136633000000000,AK09911C Magnetic field Sensor,25.02,-33.78,-24.54,1464136632473305208
0,crowdsignals.algosnap.com,1.0(1),352622063881655,smartphone,-8,magnetometer,1464136632000000000,1464136633000000000,AK09911C Magnetic field Sensor,25.14,-33.78,-24.54,1464136632483236042
0,crowdsignals.algosnap.com,1.0(1),352622063881655,smartphone,-8,magnetometer,1464136632000000000,1464136633000000000,AK09911C Magnetic field Sensor,25.2,-33.72,-24.48,1464136632493025156
0,crowdsignals.algosnap.com,1.0(1),352622063881655,smartphone,-8,magnetometer,1464136632000000000,1464136633000000000,AK09911C Magnetic field Sensor,25.26,-33.72,-24.48,1464136632503252032
0,crowdsignals.algosnap.com,1.0(1),352622063881655,smartphone,-8,magnetometer,1464136632000000000,1464136633000000000,AK09911C Magnetic field Sensor,25.32,-33.66,-24.48,1464136632512885209
0,crowdsignals.algosnap.com,1.0(1),352622063881655,smartphone,-8,magnetometer,1464136632000000000,1464136633000000000,AK09911C Magnetic field Sensor,25.26,-33.66,-24.48,1464136632523022188
0,crowdsignals.algosnap.com,1.0(1),352622063881655,smartphone,-8,magnetometer,1464136632000000000,1464136633000000000,AK09911C Magnetic field Sensor,25.14,-33.66,-24.48,1464136632532159427
0,crowdsignals.algosnap.com,1.0(1),352622063881655,smartphone,-8,magnetometer,1464136632000000000,1464136633000000000,AK09911C Magnetic field Sensor,25.02,-33.66,-24.42,1464136632542144427
0,crowdsignals.algosnap.com,1.0(1),352622063881655,smartphone,-8,magnetometer,1464136632000000000,1464136633000000000,AK09911C Magnetic field Sensor,24.9,-33.66,-24.42,1464136632552218750
0,crowdsignals.algosnap.com,1.0(1),352622063881655,smartphone,-8,magnetometer,1464136632000000000,1464136633000000000,AK09911C Magnetic field Sensor,24.84,-33.72,-24.42,1464136632562167812
0,crowdsignals.algosnap.com,1.0(1),352622063881655,smartphone,-8,magnetometer,1464136632000000000,1464136633000000000,AK09911C Magnetic field Sensor,24.72,-33.72,-24.36,1464136632572143646
0,crowdsignals.algosnap.com,1.0(1),352622063881655,smartphone,-8,magnetometer,1464136632000000000,1464136633000000000,AK09911C Magnetic field Sensor,24.6,-33.78,-24.36,1464136632581803333
0,crowdsignals.algosnap.com,1.0(1),352622063881655,smartphone,-8,magnetometer,1464136632000000000,1464136633000000000,AK09911C Magnetic field Sensor,24.48,-33.84,-24.3,1464136632591803176
0,crowdsignals.algosnap.com,1.0(1),352622063881655,smartphone,-8,magnetometer,1464136632000000000,1464136633000000000,AK09911C Magnetic field Sensor,24.42,-33.9,-24.3,1464136632602034843
0,crowdsignals.algosnap.com,1.0(1),352622063881655,smartphone,-8,magnetometer,1464136632000000000,1464136633000000000,AK09911C Magnetic field Sensor,24.3,-33.96,-24.24,1464136632612052135
0,crowdsignals.algosnap.com,1.0(1),352622063881655,smartphone,-8,magnetometer,1464136632000000000,1464136633000000000,AK09911C Magnetic field Sensor,24.18,-34.02,-24.24,1464136632621298959
0,crowdsignals.algosnap.com,1.0(1),352622063881655,smartphone,-8,magnetometer,1464136632000000000,1464136633000000000,AK09911C Magnetic field Sensor,24.12,-34.08,-24.24,1464136632631304480
0,crowdsignals.algosnap.com,1.0(1),352622063881655,smartphone,-8,magnetometer,1464136632000000000,1464136633000000000,AK09911C Magnetic field Sensor,24.0,-34.26,-24.18,1464136632641291614
0,crowdsignals.algosnap.com,1.0(1),352622063881655,smartphone,-8,magnetometer,1464136632000000000,1464136633000000000,AK09911C Magnetic field Sensor,23.88,-34.32,-24.18,1464136632651294114
0,crowdsignals.algosnap.com,1.0(1),352622063881655,smartphone,-8,magnetometer,1464136632000000000,1464136633000000000,AK09911C Magnetic field Sensor,23.76,-34.44,-24.12,1464136632661152031
0,crowdsignals.algosnap.com,1.0(1),352622063881655,smartphone,-8,magnetometer,1464136632000000000,1464136633000000000,AK09911C Magnetic field Sensor,23.64,-34.56,-24.12,1464136632671322604
0,crowdsignals.algosnap.com,1.0(1),352622063881655,smartphone,-8,magnetometer,1464136632000000000,1464136633000000000,AK09911C Magnetic field Sensor,23.58,-34.68,-24.06,1464136632681069635
0,crowdsignals.algosnap.com,1.0(1),352622063881655,smartphone,-8,magnetometer,1464136632000000000,1464136633000000000,AK09911C Magnetic field Sensor,23.52,-34.74,-24.06,1464136632691119167
0,crowdsignals.algosnap.com,1.0(1),352622063881655,smartphone,-8,magnetometer,1464136632000000000,1464136633000000000,AK09911C Magnetic field Sensor,23.46,-34.86,-24.0,1464136632700132813
0,crowdsignals.algosnap.com,1.0(1),352622063881655,smartphone,-8,magnetometer,1464136632000000000,1464136633000000000,AK09911C Magnetic field Sensor,23.46,-34.92,-23.94,1464136632710194843
0,crowdsignals.algosnap.com,1.0(1),352622063881655,smartphone,-8,magnetometer,1464136632000000000,1464136633000000000,AK09911C Magnetic field Sensor,23.46,-35.04,-23.82,1464136632720150469
0,crowdsignals.algosnap.com,1.0(1),352622063881655,smartphone,-8,magnetometer,1464136632000000000,1464136633000000000,AK09911C Magnetic field Sensor,23.4,-35.1,-23.76,1464136632730155677
0,crowdsignals.algosnap.com,1.0(1),352622063881655,smartphone,-8,magnetometer,1464136632000000000,1464136633000000000,AK09911C Magnetic field Sensor,23.46,-35.16,-23.64,1464136632740239584
0,crowdsignals.algosnap.com,1.0(1),352622063881655,smartphone,-8,magnetometer,1464136632000000000,1464136633000000000,AK09911C Magnetic field Sensor,23.46,-35.22,-23.52,1464136632750243542
0,crowdsignals.algosnap.com,1.0(1),352622063881655,smartphone,-8,magnetometer,1464136632000000000,1464136633000000000,AK09911C Magnetic field Sensor,23.46,-35.34,-23.34,1464136632760217552
0,crowdsignals.algosnap.com,1.0(1),352622063881655,smartphone,-8,magnetometer,1464136632000000000,1464136633000000000,AK09911C Magnetic field Sensor,23.46,-35.4,-23.1,1464136632769224636
0,crowdsignals.algosnap.com,1.0(1),352622063881655,smartphone,-8,magnetometer,1464136632000000000,1464136633000000000,AK09911C Magnetic field Sensor,23.46,-35.52,-22.86,1464136632779183125
0,crowdsignals.algosnap.com,1.0(1),352622063881655,smartphone,-8,magnetometer,1464136632000000000,1464136633000000000,AK09911C Magnetic field Sensor,23.46,-35.64,-22.56,1464136632789925364
0,crowdsignals.algosnap.com,1.0(1),352622063881655,smartphone,-8,magnetometer,1464136632000000000,1464136633000000000,AK09911C Magnetic field Sensor,23.46,-35.7,-22.26,1464136632799149063
0,crowdsignals.algosnap.com,1.0(1),352622063881655,smartphone,-8,magnetometer,1464136632000000000,1464136633000000000,AK09911C Magnetic field Sensor,23.52,-35.82,-21.96,1464136632809201563
0,crowdsignals.algosnap.com,1.0(1),352622063881655,smartphone,-8,magnetometer,1464136632000000000,1464136633000000000,AK09911C Magnetic field Sensor,23.52,-36.0,-21.66,1464136632819238281
0,crowdsignals.algosnap.com,1.0(1),352622063881655,smartphone,-8,magnetometer,1464136632000000000,1464136633000000000,AK09911C Magnetic field Sensor,23.58,-36.12,-21.36,1464136632829210104
0,crowdsignals.algosnap.com,1.0(1),352622063881655,smartphone,-8,magnetometer,1464136632000000000,1464136633000000000,AK09911C Magnetic field Sensor,23.64,-36.3,-21.0,1464136632839165364
0,crowdsignals.algosnap.com,1.0(1),352622063881655,smartphone,-8,magnetometer,1464136632000000000,1464136633000000000,AK09911C Magnetic field Sensor,23.7,-36.42,-20.7,1464136632849189479
0,crowdsignals.algosnap.com,1.0(1),352622063881655,smartphone,-8,magnetometer,1464136632000000000,1464136633000000000,AK09911C Magnetic field Sensor,23.7,-36.6,-20.4,1464136632858223698
0,crowdsignals.algosnap.com,1.0(1),352622063881655,smartphone,-8,magnetometer,1464136632000000000,1464136633000000000,AK09911C Magnetic field Sensor,23.76,-36.78,-20.1,1464136632868228230
0,crowdsignals.algosnap.com,1.0(1),352622063881655,smartphone,-8,magnetometer,1464136632000000000,1464136633000000000,AK09911C Magnetic field Sensor,23.76,-36.9,-19.8,1464136632878198281
0,crowdsignals.algosnap.com,1.0(1),352622063881655,smartphone,-8,magnetometer,1464136632000000000,1464136633000000000,AK09911C Magnetic field Sensor,23.76,-37.08,-19.44,1464136632888176458
0,crowdsignals.algosnap.com,1.0(1),352622063881655,smartphone,-8,magnetometer,1464136632000000000,1464136633000000000,AK09911C Magnetic field Sensor,23.7,-37.26,-19.08,1464136632898200937
0,crowdsignals.algosnap.com,1.0(1),352622063881655,smartphone,-8,magnetometer,1464136632000000000,1464136633000000000,AK09911C Magnetic field Sensor,23.7,-37.44,-18.72,1464136632908225677
0,crowdsignals.algosnap.com,1.0(1),352622063881655,smartphone,-8,magnetometer,1464136632000000000,1464136633000000000,AK09911C Magnetic field Sensor,23.7,-37.62,-18.3,1464136632918255990
0,crowdsignals.algosnap.com,1.0(1),352622063881655,smartphone,-8,magnetometer,1464136632000000000,1464136633000000000,AK09911C Magnetic field Sensor,23.64,-37.8,-17.94,1464136632928075364
0,crowdsignals.algosnap.com,1.0(1),352622063881655,smartphone,-8,magnetometer,1464136632000000000,1464136633000000000,AK09911C Magnetic field Sensor,23.58,-37.92,-17.64,1464136632938236823
0,crowdsignals.algosnap.com,1.0(1),352622063881655,smartphone,-8,magnetometer,1464136632000000000,1464136633000000000,AK09911C Magnetic field Sensor,23.52,-38.04,-17.4,1464136632947176041
0,crowdsignals.algosnap.com,1.0(1),352622063881655,smartphone,-8,magnetometer,1464136632000000000,1464136633000000000,AK09911C Magnetic field Sensor,23.46,-38.16,-17.16,1464136632957946303
0,crowdsignals.algosnap.com,1.0(1),352622063881655,smartphone,-8,magnetometer,1464136632000000000,1464136633000000000,AK09911C Magnetic field Sensor,23.4,-38.22,-16.92,1464136632967201354
0,crowdsignals.algosnap.com,1.0(1),352622063881655,smartphone,-8,magnetometer,1464136632000000000,1464136633000000000,AK09911C Magnetic field Sensor,23.34,-38.22,-16.62,1464136632977013021
0,crowdsignals.algosnap.com,1.0(1),352622063881655,smartphone,-8,magnetometer,1464136632000000000,1464136633000000000,AK09911C Magnetic field Sensor,23.34,-38.28,-16.38,1464136632987247709
0,crowdsignals.algosnap.com,1.0(1),352622063881655,smartphone,-8,magnetometer,1464136632000000000,1464136633000000000,AK09911C Magnetic field Sensor,23.34,-38.34,-16.14,1464136632997366666
0,crowdsignals.algosnap.com,1.0(1),352622063881655,smartphone,-8,magnetometer,1464136633000000000,1464136634000000000,AK09911C Magnetic field Sensor,23.34,-38.4,-15.96,1464136633007001614
0,crowdsignals.algosnap.com,1.0(1),352622063881655,smartphone,-8,magnetometer,1464136633000000000,1464136634000000000,AK09911C Magnetic field Sensor,23.4,-38.46,-15.72,1464136633017101563
0,crowdsignals.algosnap.com,1.0(1),352622063881655,smartphone,-8,magnetometer,1464136633000000000,1464136634000000000,AK09911C Magnetic field Sensor,23.52,-38.46,-15.54,1464136633026935782
0,crowdsignals.algosnap.com,1.0(1),352622063881655,smartphone,-8,magnetometer,1464136633000000000,1464136634000000000,AK09911C Magnetic field Sensor,23.58,-38.46,-15.36,1464136633036432136
0,crowdsignals.algosnap.com,1.0(1),352622063881655,smartphone,-8,magnetometer,1464136633000000000,1464136634000000000,AK09911C Magnetic field Sensor,23.7,-38.46,-15.18,1464136633046175209
0,crowdsignals.algosnap.com,1.0(1),352622063881655,smartphone,-8,magnetometer,1464136633000000000,1464136634000000000,AK09911C Magnetic field Sensor,23.88,-38.4,-15.12,1464136633056126354
0,crowdsignals.algosnap.com,1.0(1),352622063881655,smartphone,-8,magnetometer,1464136633000000000,1464136634000000000,AK09911C Magnetic field Sensor,24.06,-38.34,-15.06,1464136633066639636
0,crowdsignals.algosnap.com,1.0(1),352622063881655,smartphone,-8,magnetometer,1464136633000000000,1464136634000000000,AK09911C Magnetic field Sensor,24.3,-38.28,-15.06,1464136633075797084
0,crowdsignals.algosnap.com,1.0(1),352622063881655,smartphone,-8,magnetometer,1464136633000000000,1464136634000000000,AK09911C Magnetic field Sensor,24.48,-38.22,-15.06,1464136633085671511
0,crowdsignals.algosnap.com,1.0(1),352622063881655,smartphone,-8,magnetometer,1464136633000000000,1464136634000000000,AK09911C Magnetic field Sensor,24.72,-38.16,-15.0,1464136633095497084
0,crowdsignals.algosnap.com,1.0(1),352622063881655,smartphone,-8,magnetometer,1464136633000000000,1464136634000000000,AK09911C Magnetic field Sensor,24.96,-38.1,-15.0,1464136633106206719
0,crowdsignals.algosnap.com,1.0(1),352622063881655,smartphone,-8,magnetometer,1464136633000000000,1464136634000000000,AK09911C Magnetic field Sensor,25.2,-38.04,-15.0,1464136633115208594
0,crowdsignals.algosnap.com,1.0(1),352622063881655,smartphone,-8,magnetometer,1464136633000000000,1464136634000000000,AK09911C Magnetic field Sensor,25.44,-37.92,-15.06,1464136633125119896
0,crowdsignals.algosnap.com,1.0(1),352622063881655,smartphone,-8,magnetometer,1464136633000000000,1464136634000000000,AK09911C Magnetic field Sensor,25.68,-37.86,-15.06,1464136633135139740
0,crowdsignals.algosnap.com,1.0(1),352622063881655,smartphone,-8,magnetometer,1464136633000000000,1464136634000000000,AK09911C Magnetic field Sensor,25.8,-37.8,-15.12,1464136633145221770
0,crowdsignals.algosnap.com,1.0(1),352622063881655,smartphone,-8,magnetometer,1464136633000000000,1464136634000000000,AK09911C Magnetic field Sensor,25.92,-37.74,-15.12,1464136633155151719
0,crowdsignals.algosnap.com,1.0(1),352622063881655,smartphone,-8,magnetometer,1464136633000000000,1464136634000000000,AK09911C Magnetic field Sensor,26.04,-37.68,-15.24,1464136633165174844
0,crowdsignals.algosnap.com,1.0(1),352622063881655,smartphone,-8,magnetometer,1464136633000000000,1464136634000000000,AK09911C Magnetic field Sensor,26.04,-37.56,-15.3,1464136633175194219
0,crowdsignals.algosnap.com,1.0(1),352622063881655,smartphone,-8,magnetometer,1464136633000000000,1464136634000000000,AK09911C Magnetic field Sensor,25.98,-37.5,-15.48,1464136633185139896
0,crowdsignals.algosnap.com,1.0(1),352622063881655,smartphone,-8,magnetometer,1464136633000000000,1464136634000000000,AK09911C Magnetic field Sensor,25.92,-37.5,-15.72,1464136633195054271
0,crowdsignals.algosnap.com,1.0(1),352622063881655,smartphone,-8,magnetometer,1464136633000000000,1464136634000000000,AK09911C Magnetic field Sensor,25.86,-37.44,-15.96,1464136633204150416
0,crowdsignals.algosnap.com,1.0(1),352622063881655,smartphone,-8,magnetometer,1464136633000000000,1464136634000000000,AK09911C Magnetic field Sensor,25.74,-37.44,-16.26,1464136633214807865
0,crowdsignals.algosnap.com,1.0(1),352622063881655,smartphone,-8,magnetometer,1464136633000000000,1464136634000000000,AK09911C Magnetic field Sensor,25.62,-37.38,-16.56,1464136633224341771
0,crowdsignals.algosnap.com,1.0(1),352622063881655,smartphone,-8,magnetometer,1464136633000000000,1464136634000000000,AK09911C Magnetic field Sensor,25.5,-37.32,-16.92,1464136633234334427
0,crowdsignals.algosnap.com,1.0(1),352622063881655,smartphone,-8,magnetometer,1464136633000000000,1464136634000000000,AK09911C Magnetic field Sensor,25.32,-37.2,-17.22,1464136633244272135
0,crowdsignals.algosnap.com,1.0(1),352622063881655,smartphone,-8,magnetometer,1464136633000000000,1464136634000000000,AK09911C Magnetic field Sensor,25.2,-37.08,-17.58,1464136633253967136
0,crowdsignals.algosnap.com,1.0(1),352622063881655,smartphone,-8,magnetometer,1464136633000000000,1464136634000000000,AK09911C Magnetic field Sensor,25.08,-37.02,-17.94,1464136633264323177
0,crowdsignals.algosnap.com,1.0(1),352622063881655,smartphone,-8,magnetometer,1464136633000000000,1464136634000000000,AK09911C Magnetic field Sensor,24.9,-36.96,-18.3,1464136633274262500
0,crowdsignals.algosnap.com,1.0(1),352622063881655,smartphone,-8,magnetometer,1464136633000000000,1464136634000000000,AK09911C Magnetic field Sensor,24.78,-36.84,-18.6,1464136633283929323
0,crowdsignals.algosnap.com,1.0(1),352622063881655,smartphone,-8,magnetometer,1464136633000000000,1464136634000000000,AK09911C Magnetic field Sensor,24.66,-36.78,-18.9,1464136633293283438
0,crowdsignals.algosnap.com,1.0(1),352622063881655,smartphone,-8,magnetometer,1464136633000000000,1464136634000000000,AK09911C Magnetic field Sensor,24.54,-36.72,-19.26,1464136633303002761
0,crowdsignals.algosnap.com,1.0(1),352622063881655,smartphone,-8,magnetometer,1464136633000000000,1464136634000000000,AK09911C Magnetic field Sensor,24.42,-36.6,-19.56,1464136633313221510
0,crowdsignals.algosnap.com,1.0(1),352622063881655,smartphone,-8,magnetometer,1464136633000000000,1464136634000000000,AK09911C Magnetic field Sensor,24.3,-36.54,-19.86,1464136633323314688
0,crowdsignals.algosnap.com,1.0(1),352622063881655,smartphone,-8,magnetometer,1464136633000000000,1464136634000000000,AK09911C Magnetic field Sensor,24.18,-36.42,-20.1,1464136633333391979
0,crowdsignals.algosnap.com,1.0(1),352622063881655,smartphone,-8,magnetometer,1464136633000000000,1464136634000000000,AK09911C Magnetic field Sensor,24.12,-36.36,-20.34,1464136633343443334
0,crowdsignals.algosnap.com,1.0(1),352622063881655,smartphone,-8,magnetometer,1464136633000000000,1464136634000000000,AK09911C Magnetic field Sensor,23.94,-36.3,-20.52,1464136633353232708
0,crowdsignals.algosnap.com,1.0(1),352622063881655,smartphone,-8,magnetometer,1464136633000000000,1464136634000000000,AK09911C Magnetic field Sensor,23.82,-36.24,-20.64,1464136633363064479
0,crowdsignals.algosnap.com,1.0(1),352622063881655,smartphone,-8,magnetometer,1464136633000000000,1464136634000000000,AK09911C Magnetic field Sensor,23.64,-36.24,-20.76,1464136633373200677
0,crowdsignals.algosnap.com,1.0(1),352622063881655,smartphone,-8,magnetometer,1464136633000000000,1464136634000000000,AK09911C Magnetic field Sensor,23.46,-36.24,-20.88,1464136633382117708
0,crowdsignals.algosnap.com,1.0(1),352622063881655,smartphone,-8,magnetometer,1464136633000000000,1464136634000000000,AK09911C Magnetic field Sensor,23.28,-36.3,-20.94,1464136633392223177
0,crowdsignals.algosnap.com,1.0(1),352622063881655,smartphone,-8,magnetometer,1464136633000000000,1464136634000000000,AK09911C Magnetic field Sensor,23.16,-36.36,-21.0,1464136633402297187
0,crowdsignals.algosnap.com,1.0(1),352622063881655,smartphone,-8,magnetometer,1464136633000000000,1464136634000000000,AK09911C Magnetic field Sensor,22.98,-36.36,-21.0,1464136633412073072
0,crowdsignals.algosnap.com,1.0(1),352622063881655,smartphone,-8,magnetometer,1464136633000000000,1464136634000000000,AK09911C Magnetic field Sensor,22.86,-36.42,-21.06,1464136633422191094
0,crowdsignals.algosnap.com,1.0(1),352622063881655,smartphone,-8,magnetometer,1464136633000000000,1464136634000000000,AK09911C Magnetic field Sensor,22.74,-36.42,-21.06,1464136633431592082
0,crowdsignals.algosnap.com,1.0(1),352622063881655,smartphone,-8,magnetometer,1464136633000000000,1464136634000000000,AK09911C Magnetic field Sensor,22.62,-36.48,-21.12,1464136633442197134
0,crowdsignals.algosnap.com,1.0(1),352622063881655,smartphone,-8,magnetometer,1464136633000000000,1464136634000000000,AK09911C Magnetic field Sensor,22.5,-36.48,-21.12,1464136633452209010
0,crowdsignals.algosnap.com,1.0(1),352622063881655,smartphone,-8,magnetometer,1464136633000000000,1464136634000000000,AK09911C Magnetic field Sensor,22.38,-36.54,-21.18,1464136633462073177
0,crowdsignals.algosnap.com,1.0(1),352622063881655,smartphone,-8,magnetometer,1464136633000000000,1464136634000000000,AK09911C Magnetic field Sensor,22.2,-36.6,-21.18,1464136633471208593
0,crowdsignals.algosnap.com,1.0(1),352622063881655,smartphone,-8,magnetometer,1464136633000000000,1464136634000000000,AK09911C Magnetic field Sensor,22.14,-36.6,-21.24,1464136633481497135
0,crowdsignals.algosnap.com,1.0(1),352622063881655,smartphone,-8,magnetometer,1464136633000000000,1464136634000000000,AK09911C Magnetic field Sensor,22.08,-36.66,-21.24,1464136633491267396
0,crowdsignals.algosnap.com,1.0(1),352622063881655,smartphone,-8,magnetometer,1464136633000000000,1464136634000000000,AK09911C Magnetic field Sensor,22.02,-36.66,-21.3,1464136633501303229
0,crowdsignals.algosnap.com,1.0(1),352622063881655,smartphone,-8,magnetometer,1464136633000000000,1464136634000000000,AK09911C Magnetic field Sensor,22.02,-36.72,-21.3,1464136633510798540
0,crowdsignals.algosnap.com,1.0(1),352622063881655,smartphone,-8,magnetometer,1464136633000000000,1464136634000000000,AK09911C Magnetic field Sensor,22.08,-36.72,-21.3,1464136633521247136
0,crowdsignals.algosnap.com,1.0(1),352622063881655,smartphone,-8,magnetometer,1464136633000000000,1464136634000000000,AK09911C Magnetic field Sensor,22.08,-36.72,-21.3,1464136633531288438
0,crowdsignals.algosnap.com,1.0(1),352622063881655,smartphone,-8,magnetometer,1464136633000000000,1464136634000000000,AK09911C Magnetic field Sensor,22.14,-36.66,-21.3,1464136633541212500
0,crowdsignals.algosnap.com,1.0(1),352622063881655,smartphone,-8,magnetometer,1464136633000000000,1464136634000000000,AK09911C Magnetic field Sensor,22.2,-36.66,-21.3,1464136633550115521
0,crowdsignals.algosnap.com,1.0(1),352622063881655,smartphone,-8,magnetometer,1464136633000000000,1464136634000000000,AK09911C Magnetic field Sensor,22.26,-36.66,-21.3,1464136633560093594
0,crowdsignals.algosnap.com,1.0(1),352622063881655,smartphone,-8,magnetometer,1464136633000000000,1464136634000000000,AK09911C Magnetic field Sensor,22.32,-36.66,-21.3,1464136633570165313
0,crowdsignals.algosnap.com,1.0(1),352622063881655,smartphone,-8,magnetometer,1464136633000000000,1464136634000000000,AK09911C Magnetic field Sensor,22.44,-36.66,-21.24,1464136633580239687
0,crowdsignals.algosnap.com,1.0(1),352622063881655,smartphone,-8,magnetometer,1464136633000000000,1464136634000000000,AK09911C Magnetic field Sensor,22.62,-36.6,-21.18,1464136633590218073
0,crowdsignals.algosnap.com,1.0(1),352622063881655,smartphone,-8,magnetometer,1464136633000000000,1464136634000000000,AK09911C Magnetic field Sensor,22.74,-36.6,-21.12,1464136633600271771
0,crowdsignals.algosnap.com,1.0(1),352622063881655,smartphone,-8,magnetometer,1464136633000000000,1464136634000000000,AK09911C Magnetic field Sensor,22.92,-36.6,-21.06,1464136633610307084
0,crowdsignals.algosnap.com,1.0(1),352622063881655,smartphone,-8,magnetometer,1464136633000000000,1464136634000000000,AK09911C Magnetic field Sensor,23.04,-36.6,-20.94,1464136633620299167
0,crowdsignals.algosnap.com,1.0(1),352622063881655,smartphone,-8,magnetometer,1464136633000000000,1464136634000000000,AK09911C Magnetic field Sensor,23.16,-36.6,-20.76,1464136633630149219
0,crowdsignals.algosnap.com,1.0(1),352622063881655,smartphone,-8,magnetometer,1464136633000000000,1464136634000000000,AK09911C Magnetic field Sensor,23.34,-36.6,-20.64,1464136633640334687
0,crowdsignals.algosnap.com,1.0(1),352622063881655,smartphone,-8,magnetometer,1464136633000000000,1464136634000000000,AK09911C Magnetic field Sensor,23.46,-36.6,-20.4,1464136633649309427
0,crowdsignals.algosnap.com,1.0(1),352622063881655,smartphone,-8,magnetometer,1464136633000000000,1464136634000000000,AK09911C Magnetic field Sensor,23.58,-36.66,-20.22,1464136633659335885
0,crowdsignals.algosnap.com,1.0(1),352622063881655,smartphone,-8,magnetometer,1464136633000000000,1464136634000000000,AK09911C Magnetic field Sensor,23.7,-36.78,-19.98,1464136633670212969
0,crowdsignals.algosnap.com,1.0(1),352622063881655,smartphone,-8,magnetometer,1464136633000000000,1464136634000000000,AK09911C Magnetic field Sensor,23.82,-36.84,-19.74,1464136633679415104
0,crowdsignals.algosnap.com,1.0(1),352622063881655,smartphone,-8,magnetometer,1464136633000000000,1464136634000000000,AK09911C Magnetic field Sensor,23.94,-37.02,-19.5,1464136633689315313
0,crowdsignals.algosnap.com,1.0(1),352622063881655,smartphone,-8,magnetometer,1464136633000000000,1464136634000000000,AK09911C Magnetic field Sensor,24.0,-37.14,-19.2,1464136633699146979
0,crowdsignals.algosnap.com,1.0(1),352622063881655,smartphone,-8,magnetometer,1464136633000000000,1464136634000000000,AK09911C Magnetic field Sensor,24.12,-37.26,-18.84,1464136633709076667
0,crowdsignals.algosnap.com,1.0(1),352622063881655,smartphone,-8,magnetometer,1464136633000000000,1464136634000000000,AK09911C Magnetic field Sensor,24.18,-37.44,-18.54,1464136633719041094
0,crowdsignals.algosnap.com,1.0(1),352622063881655,smartphone,-8,magnetometer,1464136633000000000,1464136634000000000,AK09911C Magnetic field Sensor,24.24,-37.56,-18.18,1464136633728281980
0,crowdsignals.algosnap.com,1.0(1),352622063881655,smartphone,-8,magnetometer,1464136633000000000,1464136634000000000,AK09911C Magnetic field Sensor,24.24,-37.74,-17.82,1464136633738985781
0,crowdsignals.algosnap.com,1.0(1),352622063881655,smartphone,-8,magnetometer,1464136633000000000,1464136634000000000,AK09911C Magnetic field Sensor,24.18,-37.86,-17.58,1464136633748307135
0,crowdsignals.algosnap.com,1.0(1),352622063881655,smartphone,-8,magnetometer,1464136633000000000,1464136634000000000,AK09911C Magnetic field Sensor,24.12,-38.04,-17.28,1464136633758164740
0,crowdsignals.algosnap.com,1.0(1),352622063881655,smartphone,-8,magnetometer,1464136633000000000,1464136634000000000,AK09911C Magnetic field Sensor,24.12,-38.22,-17.04,1464136633768158698
0,crowdsignals.algosnap.com,1.0(1),352622063881655,smartphone,-8,magnetometer,1464136633000000000,1464136634000000000,AK09911C Magnetic field Sensor,24.12,-38.34,-16.86,1464136633778339948
0,crowdsignals.algosnap.com,1.0(1),352622063881655,smartphone,-8,magnetometer,1464136633000000000,1464136634000000000,AK09911C Magnetic field Sensor,24.06,-38.52,-16.68,1464136633788239427
0,crowdsignals.algosnap.com,1.0(1),352622063881655,smartphone,-8,magnetometer,1464136633000000000,1464136634000000000,AK09911C Magnetic field Sensor,24.06,-38.64,-16.56,1464136633797323282
0,crowdsignals.algosnap.com,1.0(1),352622063881655,smartphone,-8,magnetometer,1464136633000000000,1464136634000000000,AK09911C Magnetic field Sensor,24.06,-38.76,-16.56,1464136633807280625
0,crowdsignals.algosnap.com,1.0(1),352622063881655,smartphone,-8,magnetometer,1464136633000000000,1464136634000000000,AK09911C Magnetic field Sensor,24.06,-38.88,-16.62,1464136633817967969
0,crowdsignals.algosnap.com,1.0(1),352622063881655,smartphone,-8,magnetometer,1464136633000000000,1464136634000000000,AK09911C Magnetic field Sensor,24.06,-38.88,-16.68,1464136633827903178
0,crowdsignals.algosnap.com,1.0(1),352622063881655,smartphone,-8,magnetometer,1464136633000000000,1464136634000000000,AK09911C Magnetic field Sensor,24.06,-38.82,-16.74,1464136633837289115
0,crowdsignals.algosnap.com,1.0(1),352622063881655,smartphone,-8,magnetometer,1464136633000000000,1464136634000000000,AK09911C Magnetic field Sensor,24.06,-38.7,-16.86,1464136633847116042
0,crowdsignals.algosnap.com,1.0(1),352622063881655,smartphone,-8,magnetometer,1464136633000000000,1464136634000000000,AK09911C Magnetic field Sensor,24.06,-38.58,-16.98,1464136633857060886
0,crowdsignals.algosnap.com,1.0(1),352622063881655,smartphone,-8,magnetometer,1464136633000000000,1464136634000000000,AK09911C Magnetic field Sensor,24.06,-38.4,-17.22,1464136633866831094
0,crowdsignals.algosnap.com,1.0(1),352622063881655,smartphone,-8,magnetometer,1464136633000000000,1464136634000000000,AK09911C Magnetic field Sensor,24.06,-38.28,-17.4,1464136633876914844
0,crowdsignals.algosnap.com,1.0(1),352622063881655,smartphone,-8,magnetometer,1464136633000000000,1464136634000000000,AK09911C Magnetic field Sensor,24.06,-38.04,-17.7,1464136633886304531
0,crowdsignals.algosnap.com,1.0(1),352622063881655,smartphone,-8,magnetometer,1464136633000000000,1464136634000000000,AK09911C Magnetic field Sensor,24.06,-37.86,-17.94,1464136633896159479
0,crowdsignals.algosnap.com,1.0(1),352622063881655,smartphone,-8,magnetometer,1464136633000000000,1464136634000000000,AK09911C Magnetic field Sensor,24.06,-37.68,-18.18,1464136633906007136
0,crowdsignals.algosnap.com,1.0(1),352622063881655,smartphone,-8,magnetometer,1464136633000000000,1464136634000000000,AK09911C Magnetic field Sensor,24.06,-37.44,-18.42,1464136633916257188
0,crowdsignals.algosnap.com,1.0(1),352622063881655,smartphone,-8,magnetometer,1464136633000000000,1464136634000000000,AK09911C Magnetic field Sensor,24.06,-37.2,-18.78,1464136633926224323
0,crowdsignals.algosnap.com,1.0(1),352622063881655,smartphone,-8,magnetometer,1464136633000000000,1464136634000000000,AK09911C Magnetic field Sensor,24.06,-36.96,-19.14,1464136633936265365
0,crowdsignals.algosnap.com,1.0(1),352622063881655,smartphone,-8,magnetometer,1464136633000000000,1464136634000000000,AK09911C Magnetic field Sensor,24.06,-36.78,-19.44,1464136633946179219
0,crowdsignals.algosnap.com,1.0(1),352622063881655,smartphone,-8,magnetometer,1464136633000000000,1464136634000000000,AK09911C Magnetic field Sensor,24.06,-36.54,-19.68,1464136633956227084
0,crowdsignals.algosnap.com,1.0(1),352622063881655,smartphone,-8,magnetometer,1464136633000000000,1464136634000000000,AK09911C Magnetic field Sensor,24.06,-36.36,-19.86,1464136633965285261
0,crowdsignals.algosnap.com,1.0(1),352622063881655,smartphone,-8,magnetometer,1464136633000000000,1464136634000000000,AK09911C Magnetic field Sensor,24.06,-36.12,-20.04,1464136633975272656
0,crowdsignals.algosnap.com,1.0(1),352622063881655,smartphone,-8,magnetometer,1464136633000000000,1464136634000000000,AK09911C Magnetic field Sensor,24.06,-36.0,-20.22,1464136633986114063
0,crowdsignals.algosnap.com,1.0(1),352622063881655,smartphone,-8,magnetometer,1464136633000000000,1464136634000000000,AK09911C Magnetic field Sensor,24.06,-35.88,-20.4,1464136633995292656
0,crowdsignals.algosnap.com,1.0(1),352622063881655,smartphone,-8,magnetometer,1464136634000000000,1464136635000000000,AK09911C Magnetic field Sensor,24.06,-35.7,-20.82,1464136634015305260
0,crowdsignals.algosnap.com,1.0(1),352622063881655,smartphone,-8,magnetometer,1464136634000000000,1464136635000000000,AK09911C Magnetic field Sensor,24.06,-35.64,-21.06,1464136634025126250
0,crowdsignals.algosnap.com,1.0(1),352622063881655,smartphone,-8,magnetometer,1464136634000000000,1464136635000000000,AK09911C Magnetic field Sensor,24.06,-35.64,-21.24,1464136634035310677
0,crowdsignals.algosnap.com,1.0(1),352622063881655,smartphone,-8,magnetometer,1464136634000000000,1464136635000000000,AK09911C Magnetic field Sensor,24.06,-35.64,-21.48,1464136634045295416
0,crowdsignals.algosnap.com,1.0(1),352622063881655,smartphone,-8,magnetometer,1464136634000000000,1464136635000000000,AK09911C Magnetic field Sensor,24.12,-35.58,-21.66,1464136634054227656
0,crowdsignals.algosnap.com,1.0(1),352622063881655,smartphone,-8,magnetometer,1464136634000000000,1464136635000000000,AK09911C Magnetic field Sensor,24.12,-35.58,-21.84,1464136634064162552
0,crowdsignals.algosnap.com,1.0(1),352622063881655,smartphone,-8,magnetometer,1464136634000000000,1464136635000000000,AK09911C Magnetic field Sensor,24.12,-35.58,-22.02,1464136634074235417
0,crowdsignals.algosnap.com,1.0(1),352622063881655,smartphone,-8,magnetometer,1464136634000000000,1464136635000000000,AK09911C Magnetic field Sensor,24.12,-35.58,-22.14,1464136634084230729
0,crowdsignals.algosnap.com,1.0(1),352622063881655,smartphone,-8,magnetometer,1464136634000000000,1464136635000000000,AK09911C Magnetic field Sensor,24.12,-35.58,-22.2,1464136634094978177
0,crowdsignals.algosnap.com,1.0(1),352622063881655,smartphone,-8,magnetometer,1464136634000000000,1464136635000000000,AK09911C Magnetic field Sensor,24.06,-35.58,-22.32,1464136634104357292
0,crowdsignals.algosnap.com,1.0(1),352622063881655,smartphone,-8,magnetometer,1464136634000000000,1464136635000000000,AK09911C Magnetic field Sensor,24.06,-35.58,-22.38,1464136634114302448
0,crowdsignals.algosnap.com,1.0(1),352622063881655,smartphone,-8,magnetometer,1464136634000000000,1464136635000000000,AK09911C Magnetic field Sensor,24.06,-35.58,-22.5,1464136634124370052
0,crowdsignals.algosnap.com,1.0(1),352622063881655,smartphone,-8,magnetometer,1464136634000000000,1464136635000000000,AK09911C Magnetic field Sensor,24.0,-35.58,-22.56,1464136634133319219
0,crowdsignals.algosnap.com,1.0(1),352622063881655,smartphone,-8,magnetometer,1464136634000000000,1464136635000000000,AK09911C Magnetic field Sensor,23.88,-35.58,-22.62,1464136634144150365
0,crowdsignals.algosnap.com,1.0(1),352622063881655,smartphone,-8,magnetometer,1464136634000000000,1464136635000000000,AK09911C Magnetic field Sensor,23.88,-35.58,-22.68,1464136634153352188
0,crowdsignals.algosnap.com,1.0(1),352622063881655,smartphone,-8,magnetometer,1464136634000000000,1464136635000000000,AK09911C Magnetic field Sensor,23.82,-35.64,-22.68,1464136634163293125
0,crowdsignals.algosnap.com,1.0(1),352622063881655,smartphone,-8,magnetometer,1464136634000000000,1464136635000000000,AK09911C Magnetic field Sensor,23.76,-35.64,-22.74,1464136634173277344
0,crowdsignals.algosnap.com,1.0(1),352622063881655,smartphone,-8,magnetometer,1464136634000000000,1464136635000000000,AK09911C Magnetic field Sensor,23.7,-35.64,-22.74,1464136634183333437
0,crowdsignals.algosnap.com,1.0(1),352622063881655,smartphone,-8,magnetometer,1464136634000000000,1464136635000000000,AK09911C Magnetic field Sensor,23.64,-35.64,-22.68,1464136634193064948
0,crowdsignals.algosnap.com,1.0(1),352622063881655,smartphone,-8,magnetometer,1464136634000000000,1464136635000000000,AK09911C Magnetic field Sensor,23.58,-35.64,-22.62,1464136634203331406
0,crowdsignals.algosnap.com,1.0(1),352622063881655,smartphone,-8,magnetometer,1464136634000000000,1464136635000000000,AK09911C Magnetic field Sensor,23.52,-35.7,-22.5,1464136634213288385
0,crowdsignals.algosnap.com,1.0(1),352622063881655,smartphone,-8,magnetometer,1464136634000000000,1464136635000000000,AK09911C Magnetic field Sensor,23.52,-35.76,-22.32,1464136634223189062
0,crowdsignals.algosnap.com,1.0(1),352622063881655,smartphone,-8,magnetometer,1464136634000000000,1464136635000000000,AK09911C Magnetic field Sensor,23.46,-35.76,-22.08,1464136634232958229
0,crowdsignals.algosnap.com,1.0(1),352622063881655,smartphone,-8,magnetometer,1464136634000000000,1464136635000000000,AK09911C Magnetic field Sensor,23.46,-35.52,-22.08,1464136634243119479
0,crowdsignals.algosnap.com,1.0(1),352622063881655,smartphone,-8,magnetometer,1464136634000000000,1464136635000000000,AK09911C Magnetic field Sensor,23.46,-35.58,-21.78,1464136634252156667
0,crowdsignals.algosnap.com,1.0(1),352622063881655,smartphone,-8,magnetometer,1464136634000000000,1464136635000000000,AK09911C Magnetic field Sensor,23.46,-35.64,-21.42,1464136634262264843
0,crowdsignals.algosnap.com,1.0(1),352622063881655,smartphone,-8,magnetometer,1464136634000000000,1464136635000000000,AK09911C Magnetic field Sensor,23.4,-35.76,-21.12,1464136634272207812
0,crowdsignals.algosnap.com,1.0(1),352622063881655,smartphone,-8,magnetometer,1464136634000000000,1464136635000000000,AK09911C Magnetic field Sensor,23.46,-35.82,-20.7,1464136634282137134
0,crowdsignals.algosnap.com,1.0(1),352622063881655,smartphone,-8,magnetometer,1464136634000000000,1464136635000000000,AK09911C Magnetic field Sensor,23.46,-35.94,-20.34,1464136634292425989
0,crowdsignals.algosnap.com,1.0(1),352622063881655,smartphone,-8,magnetometer,1464136634000000000,1464136635000000000,AK09911C Magnetic field Sensor,23.52,-36.0,-19.98,1464136634302029166
0,crowdsignals.algosnap.com,1.0(1),352622063881655,smartphone,-8,magnetometer,1464136634000000000,1464136635000000000,AK09911C Magnetic field Sensor,23.52,-36.18,-19.56,1464136634312165156
0,crowdsignals.algosnap.com,1.0(1),352622063881655,smartphone,-8,magnetometer,1464136634000000000,1464136635000000000,AK09911C Magnetic field Sensor,23.52,-36.36,-19.2,1464136634321246770
0,crowdsignals.algosnap.com,1.0(1),352622063881655,smartphone,-8,magnetometer,1464136634000000000,1464136635000000000,AK09911C Magnetic field Sensor,23.58,-36.54,-18.78,1464136634331237031
0,crowdsignals.algosnap.com,1.0(1),352622063881655,smartphone,-8,magnetometer,1464136634000000000,1464136635000000000,AK09911C Magnetic field Sensor,23.58,-36.72,-18.42,1464136634341325521
0,crowdsignals.algosnap.com,1.0(1),352622063881655,smartphone,-8,magnetometer,1464136634000000000,1464136635000000000,AK09911C Magnetic field Sensor,23.58,-36.9,-18.06,1464136634351808905
0,crowdsignals.algosnap.com,1.0(1),352622063881655,smartphone,-8,magnetometer,1464136634000000000,1464136635000000000,AK09911C Magnetic field Sensor,23.64,-37.08,-17.64,1464136634361152135
0,crowdsignals.algosnap.com,1.0(1),352622063881655,smartphone,-8,magnetometer,1464136634000000000,1464136635000000000,AK09911C Magnetic field Sensor,23.64,-37.32,-17.4,1464136634371090104
0,crowdsignals.algosnap.com,1.0(1),352622063881655,smartphone,-8,magnetometer,1464136634000000000,1464136635000000000,AK09911C Magnetic field Sensor,23.64,-37.5,-17.16,1464136634381252291
0,crowdsignals.algosnap.com,1.0(1),352622063881655,smartphone,-8,magnetometer,1464136634000000000,1464136635000000000,AK09911C Magnetic field Sensor,23.64,-37.68,-16.92,1464136634390268073
0,crowdsignals.algosnap.com,1.0(1),352622063881655,smartphone,-8,magnetometer,1464136634000000000,1464136635000000000,AK09911C Magnetic field Sensor,23.64,-37.86,-16.74,1464136634400245573
0,crowdsignals.algosnap.com,1.0(1),352622063881655,smartphone,-8,magnetometer,1464136634000000000,1464136635000000000,AK09911C Magnetic field Sensor,23.64,-38.04,-16.56,1464136634410226823
0,crowdsignals.algosnap.com,1.0(1),352622063881655,smartphone,-8,magnetometer,1464136634000000000,1464136635000000000,AK09911C Magnetic field Sensor,23.58,-38.22,-16.5,1464136634420302812
0,crowdsignals.algosnap.com,1.0(1),352622063881655,smartphone,-8,magnetometer,1464136634000000000,1464136635000000000,AK09911C Magnetic field Sensor,23.58,-38.4,-16.32,1464136634430289480
0,crowdsignals.algosnap.com,1.0(1),352622063881655,smartphone,-8,magnetometer,1464136634000000000,1464136635000000000,AK09911C Magnetic field Sensor,23.58,-38.58,-16.2,1464136634440272864
0,crowdsignals.algosnap.com,1.0(1),352622063881655,smartphone,-8,magnetometer,1464136634000000000,1464136635000000000,AK09911C Magnetic field Sensor,23.52,-38.7,-16.14,1464136634450182239
0,crowdsignals.algosnap.com,1.0(1),352622063881655,smartphone,-8,magnetometer,1464136634000000000,1464136635000000000,AK09911C Magnetic field Sensor,23.52,-38.88,-15.96,1464136634460200156
0,crowdsignals.algosnap.com,1.0(1),352622063881655,smartphone,-8,magnetometer,1464136634000000000,1464136635000000000,AK09911C Magnetic field Sensor,23.46,-39.0,-15.84,1464136634469723854
0,crowdsignals.algosnap.com,1.0(1),352622063881655,smartphone,-8,magnetometer,1464136634000000000,1464136635000000000,AK09911C Magnetic field Sensor,23.4,-39.12,-15.78,1464136634479882239
0,crowdsignals.algosnap.com,1.0(1),352622063881655,smartphone,-8,magnetometer,1464136634000000000,1464136635000000000,AK09911C Magnetic field Sensor,23.28,-39.24,-15.66,1464136634490147968
0,crowdsignals.algosnap.com,1.0(1),352622063881655,smartphone,-8,magnetometer,1464136634000000000,1464136635000000000,AK09911C Magnetic field Sensor,23.22,-39.3,-15.54,1464136634499402865
0,crowdsignals.algosnap.com,1.0(1),352622063881655,smartphone,-8,magnetometer,1464136634000000000,1464136635000000000,AK09911C Magnetic field Sensor,23.1,-39.42,-15.42,1464136634509068281
0,crowdsignals.algosnap.com,1.0(1),352622063881655,smartphone,-8,magnetometer,1464136634000000000,1464136635000000000,AK09911C Magnetic field Sensor,23.04,-39.48,-15.36,1464136634519457916
0,crowdsignals.algosnap.com,1.0(1),352622063881655,smartphone,-8,magnetometer,1464136634000000000,1464136635000000000,AK09911C Magnetic field Sensor,22.98,-39.54,-15.3,1464136634530332292
0,crowdsignals.algosnap.com,1.0(1),352622063881655,smartphone,-8,magnetometer,1464136634000000000,1464136635000000000,AK09911C Magnetic field Sensor,22.86,-39.66,-15.18,1464136634539582240
0,crowdsignals.algosnap.com,1.0(1),352622063881655,smartphone,-8,magnetometer,1464136634000000000,1464136635000000000,AK09911C Magnetic field Sensor,22.8,-39.66,-15.18,1464136634549424166
0,crowdsignals.algosnap.com,1.0(1),352622063881655,smartphone,-8,magnetometer,1464136634000000000,1464136635000000000,AK09911C Magnetic field Sensor,22.68,-39.72,-15.12,1464136634558606251
0,crowdsignals.algosnap.com,1.0(1),352622063881655,smartphone,-8,magnetometer,1464136634000000000,1464136635000000000,AK09911C Magnetic field Sensor,22.62,-39.78,-15.12,1464136634568551146
0,crowdsignals.algosnap.com,1.0(1),352622063881655,smartphone,-8,magnetometer,1464136634000000000,1464136635000000000,AK09911C Magnetic field Sensor,22.56,-39.72,-15.12,1464136634578438646
0,crowdsignals.algosnap.com,1.0(1),352622063881655,smartphone,-8,magnetometer,1464136634000000000,1464136635000000000,AK09911C Magnetic field Sensor,22.5,-39.72,-15.18,1464136634588277240
0,crowdsignals.algosnap.com,1.0(1),352622063881655,smartphone,-8,magnetometer,1464136634000000000,1464136635000000000,AK09911C Magnetic field Sensor,22.44,-39.72,-15.3,1464136634598555990
0,crowdsignals.algosnap.com,1.0(1),352622063881655,smartphone,-8,magnetometer,1464136634000000000,1464136635000000000,AK09911C Magnetic field Sensor,22.38,-39.66,-15.42,1464136634608354271
0,crowdsignals.algosnap.com,1.0(1),352622063881655,smartphone,-8,magnetometer,1464136634000000000,1464136635000000000,AK09911C Magnetic field Sensor,22.32,-39.66,-15.54,1464136634618793385
0,crowdsignals.algosnap.com,1.0(1),352622063881655,smartphone,-8,magnetometer,1464136634000000000,1464136635000000000,AK09911C Magnetic field Sensor,22.2,-39.6,-15.72,1464136634628273541
0,crowdsignals.algosnap.com,1.0(1),352622063881655,smartphone,-8,magnetometer,1464136634000000000,1464136635000000000,AK09911C Magnetic field Sensor,22.14,-39.6,-16.02,1464136634638588854
0,crowdsignals.algosnap.com,1.0(1),352622063881655,smartphone,-8,magnetometer,1464136634000000000,1464136635000000000,AK09911C Magnetic field Sensor,22.08,-39.54,-16.26,1464136634648291719
0,crowdsignals.algosnap.com,1.0(1),352622063881655,smartphone,-8,magnetometer,1464136634000000000,1464136635000000000,AK09911C Magnetic field Sensor,22.02,-39.48,-16.5,1464136634658515104
0,crowdsignals.algosnap.com,1.0(1),352622063881655,smartphone,-8,magnetometer,1464136634000000000,1464136635000000000,AK09911C Magnetic field Sensor,21.9,-39.42,-16.8,1464136634668171459
0,crowdsignals.algosnap.com,1.0(1),352622063881655,smartphone,-8,magnetometer,1464136634000000000,1464136635000000000,AK09911C Magnetic field Sensor,21.84,-39.42,-17.1,1464136634678028385
0,crowdsignals.algosnap.com,1.0(1),352622063881655,smartphone,-8,magnetometer,1464136634000000000,1464136635000000000,AK09911C Magnetic field Sensor,21.72,-39.36,-17.34,1464136634687529167
0,crowdsignals.algosnap.com,1.0(1),352622063881655,smartphone,-8,magnetometer,1464136634000000000,1464136635000000000,AK09911C Magnetic field Sensor,21.66,-39.3,-17.58,1464136634697686458
0,crowdsignals.algosnap.com,1.0(1),352622063881655,smartphone,-8,magnetometer,1464136634000000000,1464136635000000000,AK09911C Magnetic field Sensor,21.54,-39.24,-17.82,1464136634707330260
0,crowdsignals.algosnap.com,1.0(1),352622063881655,smartphone,-8,magnetometer,1464136634000000000,1464136635000000000,AK09911C Magnetic field Sensor,21.48,-39.24,-18.12,1464136634717282917
0,crowdsignals.algosnap.com,1.0(1),352622063881655,smartphone,-8,magnetometer,1464136634000000000,1464136635000000000,AK09911C Magnetic field Sensor,21.36,-39.18,-18.36,1464136634727345261
0,crowdsignals.algosnap.com,1.0(1),352622063881655,smartphone,-8,magnetometer,1464136634000000000,1464136635000000000,AK09911C Magnetic field Sensor,21.3,-39.18,-18.6,1464136634737315886
0,crowdsignals.algosnap.com,1.0(1),352622063881655,smartphone,-8,magnetometer,1464136634000000000,1464136635000000000,AK09911C Magnetic field Sensor,21.18,-39.18,-18.78,1464136634747284428
0,crowdsignals.algosnap.com,1.0(1),352622063881655,smartphone,-8,magnetometer,1464136634000000000,1464136635000000000,AK09911C Magnetic field Sensor,21.12,-39.18,-18.96,1464136634757339010
0,crowdsignals.algosnap.com,1.0(1),352622063881655,smartphone,-8,magnetometer,1464136634000000000,1464136635000000000,AK09911C Magnetic field Sensor,21.0,-39.18,-19.14,1464136634767051459
0,crowdsignals.algosnap.com,1.0(1),352622063881655,smartphone,-8,magnetometer,1464136634000000000,1464136635000000000,AK09911C Magnetic field Sensor,20.94,-39.18,-19.32,1464136634776667343
0,crowdsignals.algosnap.com,1.0(1),352622063881655,smartphone,-8,magnetometer,1464136634000000000,1464136635000000000,AK09911C Magnetic field Sensor,20.88,-39.18,-19.5,1464136634786342291
0,crowdsignals.algosnap.com,1.0(1),352622063881655,smartphone,-8,magnetometer,1464136634000000000,1464136635000000000,AK09911C Magnetic field Sensor,20.82,-39.12,-19.56,1464136634796205885
0,crowdsignals.algosnap.com,1.0(1),352622063881655,smartphone,-8,magnetometer,1464136634000000000,1464136635000000000,AK09911C Magnetic field Sensor,20.82,-39.06,-19.74,1464136634806115677
0,crowdsignals.algosnap.com,1.0(1),352622063881655,smartphone,-8,magnetometer,1464136634000000000,1464136635000000000,AK09911C Magnetic field Sensor,21.0,-38.46,-20.46,1464136634817318489
0,crowdsignals.algosnap.com,1.0(1),352622063881655,smartphone,-8,magnetometer,1464136634000000000,1464136635000000000,AK09911C Magnetic field Sensor,21.0,-38.34,-20.58,1464136634826271615
0,crowdsignals.algosnap.com,1.0(1),352622063881655,smartphone,-8,magnetometer,1464136634000000000,1464136635000000000,AK09911C Magnetic field Sensor,20.94,-38.22,-20.76,1464136634835386198
0,crowdsignals.algosnap.com,1.0(1),352622063881655,smartphone,-8,magnetometer,1464136634000000000,1464136635000000000,AK09911C Magnetic field Sensor,20.94,-38.04,-20.94,1464136634845264219
0,crowdsignals.algosnap.com,1.0(1),352622063881655,smartphone,-8,magnetometer,1464136634000000000,1464136635000000000,AK09911C Magnetic field Sensor,20.94,-37.92,-21.18,1464136634855141354
0,crowdsignals.algosnap.com,1.0(1),352622063881655,smartphone,-8,magnetometer,1464136634000000000,1464136635000000000,AK09911C Magnetic field Sensor,20.88,-37.74,-21.36,1464136634865314010
0,crowdsignals.algosnap.com,1.0(1),352622063881655,smartphone,-8,magnetometer,1464136634000000000,1464136635000000000,AK09911C Magnetic field Sensor,20.88,-37.62,-21.54,1464136634875119375
0,crowdsignals.algosnap.com,1.0(1),352622063881655,smartphone,-8,magnetometer,1464136634000000000,1464136635000000000,AK09911C Magnetic field Sensor,20.82,-37.44,-21.72,1464136634885107187
0,crowdsignals.algosnap.com,1.0(1),352622063881655,smartphone,-8,magnetometer,1464136634000000000,1464136635000000000,AK09911C Magnetic field Sensor,20.76,-37.32,-21.9,1464136634895195000
0,crowdsignals.algosnap.com,1.0(1),352622063881655,smartphone,-8,magnetometer,1464136634000000000,1464136635000000000,AK09911C Magnetic field Sensor,20.7,-37.14,-22.08,1464136634905087708
0,crowdsignals.algosnap.com,1.0(1),352622063881655,smartphone,-8,magnetometer,1464136634000000000,1464136635000000000,AK09911C Magnetic field Sensor,20.64,-36.96,-22.32,1464136634915106511
0,crowdsignals.algosnap.com,1.0(1),352622063881655,smartphone,-8,magnetometer,1464136634000000000,1464136635000000000,AK09911C Magnetic field Sensor,20.58,-36.84,-22.56,1464136634924314740
0,crowdsignals.algosnap.com,1.0(1),352622063881655,smartphone,-8,magnetometer,1464136634000000000,1464136635000000000,AK09911C Magnetic field Sensor,20.46,-36.66,-22.8,1464136634934271302
0,crowdsignals.algosnap.com,1.0(1),352622063881655,smartphone,-8,magnetometer,1464136634000000000,1464136635000000000,AK09911C Magnetic field Sensor,20.4,-36.54,-22.98,1464136634944148698
0,crowdsignals.algosnap.com,1.0(1),352622063881655,smartphone,-8,magnetometer,1464136634000000000,1464136635000000000,AK09911C Magnetic field Sensor,20.28,-36.42,-23.22,1464136634954132240
0,crowdsignals.algosnap.com,1.0(1),352622063881655,smartphone,-8,magnetometer,1464136634000000000,1464136635000000000,AK09911C Magnetic field Sensor,20.16,-36.3,-23.4,1464136634964284115
0,crowdsignals.algosnap.com,1.0(1),352622063881655,smartphone,-8,magnetometer,1464136634000000000,1464136635000000000,AK09911C Magnetic field Sensor,20.1,-36.24,-23.58,1464136634973628333
0,crowdsignals.algosnap.com,1.0(1),352622063881655,smartphone,-8,magnetometer,1464136634000000000,1464136635000000000,AK09911C Magnetic field Sensor,19.98,-36.12,-23.76,1464136634983621979
0,crowdsignals.algosnap.com,1.0(1),352622063881655,smartphone,-8,magnetometer,1464136634000000000,1464136635000000000,AK09911C Magnetic field Sensor,19.92,-36.06,-23.94,1464136634993753855
0,crowdsignals.algosnap.com,1.0(1),352622063881655,smartphone,-8,magnetometer,1464136635000000000,1464136636000000000,AK09911C Magnetic field Sensor,19.74,-35.94,-24.24,1464136635013291459
0,crowdsignals.algosnap.com,1.0(1),352622063881655,smartphone,-8,magnetometer,1464136635000000000,1464136636000000000,AK09911C Magnetic field Sensor,19.68,-35.88,-24.42,1464136635023145156
0,crowdsignals.algosnap.com,1.0(1),352622063881655,smartphone,-8,magnetometer,1464136635000000000,1464136636000000000,AK09911C Magnetic field Sensor,19.62,-35.82,-24.6,1464136635036451615
0,crowdsignals.algosnap.com,1.0(1),352622063881655,smartphone,-8,magnetometer,1464136635000000000,1464136636000000000,AK09911C Magnetic field Sensor,19.62,-35.82,-24.6,1464136635042888490
0,crowdsignals.algosnap.com,1.0(1),352622063881655,smartphone,-8,magnetometer,1464136635000000000,1464136636000000000,AK09911C Magnetic field Sensor,19.62,-35.76,-24.72,1464136635052720938
0,crowdsignals.algosnap.com,1.0(1),352622063881655,smartphone,-8,magnetometer,1464136635000000000,1464136636000000000,AK09911C Magnetic field Sensor,19.62,-35.7,-24.84,1464136635062733543
0,crowdsignals.algosnap.com,1.0(1),352622063881655,smartphone,-8,magnetometer,1464136635000000000,1464136636000000000,AK09911C Magnetic field Sensor,19.62,-35.58,-25.02,1464136635073160729
0,crowdsignals.algosnap.com,1.0(1),352622063881655,smartphone,-8,magnetometer,1464136635000000000,1464136636000000000,AK09911C Magnetic field Sensor,19.62,-35.46,-25.08,1464136635083144063
0,crowdsignals.algosnap.com,1.0(1),352622063881655,smartphone,-8,magnetometer,1464136635000000000,1464136636000000000,AK09911C Magnetic field Sensor,19.68,-35.28,-25.26,1464136635093069375
0,crowdsignals.algosnap.com,1.0(1),352622063881655,smartphone,-8,magnetometer,1464136635000000000,1464136636000000000,AK09911C Magnetic field Sensor,19.74,-35.04,-25.38,1464136635102215104
0,crowdsignals.algosnap.com,1.0(1),352622063881655,smartphone,-8,magnetometer,1464136635000000000,1464136636000000000,AK09911C Magnetic field Sensor,19.86,-34.8,-25.5,1464136635112176823
0,crowdsignals.algosnap.com,1.0(1),352622063881655,smartphone,-8,magnetometer,1464136635000000000,1464136636000000000,AK09911C Magnetic field Sensor,20.04,-34.5,-25.68,1464136635122102812
0,crowdsignals.algosnap.com,1.0(1),352622063881655,smartphone,-8,magnetometer,1464136635000000000,1464136636000000000,AK09911C Magnetic field Sensor,20.28,-34.14,-25.86,1464136635132230209
0,crowdsignals.algosnap.com,1.0(1),352622063881655,smartphone,-8,magnetometer,1464136635000000000,1464136636000000000,AK09911C Magnetic field Sensor,20.52,-33.72,-26.04,1464136635142088958
0,crowdsignals.algosnap.com,1.0(1),352622063881655,smartphone,-8,magnetometer,1464136635000000000,1464136636000000000,AK09911C Magnetic field Sensor,20.76,-33.42,-26.28,1464136635152210676
0,crowdsignals.algosnap.com,1.0(1),352622063881655,smartphone,-8,magnetometer,1464136635000000000,1464136636000000000,AK09911C Magnetic field Sensor,20.94,-33.06,-26.52,1464136635162026250
0,crowdsignals.algosnap.com,1.0(1),352622063881655,smartphone,-8,magnetometer,1464136635000000000,1464136636000000000,AK09911C Magnetic field Sensor,21.12,-32.76,-26.76,1464136635171824582
0,crowdsignals.algosnap.com,1.0(1),352622063881655,smartphone,-8,magnetometer,1464136635000000000,1464136636000000000,AK09911C Magnetic field Sensor,21.3,-32.4,-26.94,1464136635181348906
0,crowdsignals.algosnap.com,1.0(1),352622063881655,smartphone,-8,magnetometer,1464136635000000000,1464136636000000000,AK09911C Magnetic field Sensor,21.48,-32.1,-27.18,1464136635191357656
0,crowdsignals.algosnap.com,1.0(1),352622063881655,smartphone,-8,magnetometer,1464136635000000000,1464136636000000000,AK09911C Magnetic field Sensor,21.66,-31.8,-27.42,1464136635201834634
0,crowdsignals.algosnap.com,1.0(1),352622063881655,smartphone,-8,magnetometer,1464136635000000000,1464136636000000000,AK09911C Magnetic field Sensor,21.78,-31.5,-27.66,1464136635211322500
0,crowdsignals.algosnap.com,1.0(1),352622063881655,smartphone,-8,magnetometer,1464136635000000000,1464136636000000000,AK09911C Magnetic field Sensor,21.96,-31.2,-27.84,1464136635221403385
0,crowdsignals.algosnap.com,1.0(1),352622063881655,smartphone,-8,magnetometer,1464136635000000000,1464136636000000000,AK09911C Magnetic field Sensor,22.02,-31.02,-28.02,1464136635230644531
0,crowdsignals.algosnap.com,1.0(1),352622063881655,smartphone,-8,magnetometer,1464136635000000000,1464136636000000000,AK09911C Magnetic field Sensor,22.08,-30.78,-28.26,1464136635241122135
0,crowdsignals.algosnap.com,1.0(1),352622063881655,smartphone,-8,magnetometer,1464136635000000000,1464136636000000000,AK09911C Magnetic field Sensor,22.08,-30.66,-28.38,1464136635251119947
0,crowdsignals.algosnap.com,1.0(1),352622063881655,smartphone,-8,magnetometer,1464136635000000000,1464136636000000000,AK09911C Magnetic field Sensor,22.08,-30.54,-28.56,1464136635260317188
0,crowdsignals.algosnap.com,1.0(1),352622063881655,smartphone,-8,magnetometer,1464136635000000000,1464136636000000000,AK09911C Magnetic field Sensor,22.02,-30.42,-28.68,1464136635270246667
0,crowdsignals.algosnap.com,1.0(1),352622063881655,smartphone,-8,magnetometer,1464136635000000000,1464136636000000000,AK09911C Magnetic field Sensor,21.9,-30.42,-28.74,1464136635280322916
0,crowdsignals.algosnap.com,1.0(1),352622063881655,smartphone,-8,magnetometer,1464136635000000000,1464136636000000000,AK09911C Magnetic field Sensor,21.78,-30.48,-28.86,1464136635290243021
0,crowdsignals.algosnap.com,1.0(1),352622063881655,smartphone,-8,magnetometer,1464136635000000000,1464136636000000000,AK09911C Magnetic field Sensor,21.66,-30.54,-28.86,1464136635300169062
0,crowdsignals.algosnap.com,1.0(1),352622063881655,smartphone,-8,magnetometer,1464136635000000000,1464136636000000000,AK09911C Magnetic field Sensor,21.54,-30.6,-28.86,1464136635310358854
0,crowdsignals.algosnap.com,1.0(1),352622063881655,smartphone,-8,magnetometer,1464136635000000000,1464136636000000000,AK09911C Magnetic field Sensor,21.36,-30.66,-28.86,1464136635320290520
0,crowdsignals.algosnap.com,1.0(1),352622063881655,smartphone,-8,magnetometer,1464136635000000000,1464136636000000000,AK09911C Magnetic field Sensor,21.24,-30.72,-28.86,1464136635329801198
0,crowdsignals.algosnap.com,1.0(1),352622063881655,smartphone,-8,magnetometer,1464136635000000000,1464136636000000000,AK09911C Magnetic field Sensor,21.12,-30.78,-28.86,1464136635339623750
0,crowdsignals.algosnap.com,1.0(1),352622063881655,smartphone,-8,magnetometer,1464136635000000000,1464136636000000000,AK09911C Magnetic field Sensor,21.06,-30.84,-28.86,1464136635350133802
0,crowdsignals.algosnap.com,1.0(1),352622063881655,smartphone,-8,magnetometer,1464136635000000000,1464136636000000000,AK09911C Magnetic field Sensor,20.94,-30.84,-28.86,1464136635359235781
0,crowdsignals.algosnap.com,1.0(1),352622063881655,smartphone,-8,magnetometer,1464136635000000000,1464136636000000000,AK09911C Magnetic field Sensor,20.88,-30.9,-28.92,1464136635369806041
0,crowdsignals.algosnap.com,1.0(1),352622063881655,smartphone,-8,magnetometer,1464136635000000000,1464136636000000000,AK09911C Magnetic field Sensor,20.76,-30.96,-28.92,1464136635378979375
0,crowdsignals.algosnap.com,1.0(1),352622063881655,smartphone,-8,magnetometer,1464136635000000000,1464136636000000000,AK09911C Magnetic field Sensor,20.76,-30.96,-28.98,1464136635389284010
0,crowdsignals.algosnap.com,1.0(1),352622063881655,smartphone,-8,magnetometer,1464136635000000000,1464136636000000000,AK09911C Magnetic field Sensor,20.7,-31.02,-28.98,1464136635399280469
0,crowdsignals.algosnap.com,1.0(1),352622063881655,smartphone,-8,magnetometer,1464136635000000000,1464136636000000000,AK09911C Magnetic field Sensor,20.7,-31.02,-29.04,1464136635409282552
0,crowdsignals.algosnap.com,1.0(1),352622063881655,smartphone,-8,magnetometer,1464136635000000000,1464136636000000000,AK09911C Magnetic field Sensor,20.7,-31.02,-29.04,1464136635419197968
0,crowdsignals.algosnap.com,1.0(1),352622063881655,smartphone,-8,magnetometer,1464136635000000000,1464136636000000000,AK09911C Magnetic field Sensor,20.7,-31.02,-29.1,1464136635428263125
0,crowdsignals.algosnap.com,1.0(1),352622063881655,smartphone,-8,magnetometer,1464136635000000000,1464136636000000000,AK09911C Magnetic field Sensor,20.76,-31.02,-29.16,1464136635438295417
0,crowdsignals.algosnap.com,1.0(1),352622063881655,smartphone,-8,magnetometer,1464136635000000000,1464136636000000000,AK09911C Magnetic field Sensor,20.82,-31.02,-29.16,1464136635448541927
0,crowdsignals.algosnap.com,1.0(1),352622063881655,smartphone,-8,magnetometer,1464136635000000000,1464136636000000000,AK09911C Magnetic field Sensor,20.82,-31.02,-29.22,1464136635457940469
0,crowdsignals.algosnap.com,1.0(1),352622063881655,smartphone,-8,magnetometer,1464136635000000000,1464136636000000000,AK09911C Magnetic field Sensor,20.88,-30.96,-29.22,1464136635468121823
0,crowdsignals.algosnap.com,1.0(1),352622063881655,smartphone,-8,magnetometer,1464136635000000000,1464136636000000000,AK09911C Magnetic field Sensor,20.94,-30.96,-29.28,1464136635478240105
0,crowdsignals.algosnap.com,1.0(1),352622063881655,smartphone,-8,magnetometer,1464136635000000000,1464136636000000000,AK09911C Magnetic field Sensor,21.06,-30.96,-29.28,1464136635488317344
0,crowdsignals.algosnap.com,1.0(1),352622063881655,smartphone,-8,magnetometer,1464136635000000000,1464136636000000000,AK09911C Magnetic field Sensor,21.12,-30.96,-29.34,1464136635498219063
0,crowdsignals.algosnap.com,1.0(1),352622063881655,smartphone,-8,magnetometer,1464136635000000000,1464136636000000000,AK09911C Magnetic field Sensor,21.18,-30.96,-29.34,1464136635507704843
0,crowdsignals.algosnap.com,1.0(1),352622063881655,smartphone,-8,magnetometer,1464136635000000000,1464136636000000000,AK09911C Magnetic field Sensor,21.24,-30.9,-29.28,1464136635517527812
0,crowdsignals.algosnap.com,1.0(1),352622063881655,smartphone,-8,magnetometer,1464136635000000000,1464136636000000000,AK09911C Magnetic field Sensor,21.36,-30.9,-29.28,1464136635527274688
0,crowdsignals.algosnap.com,1.0(1),352622063881655,smartphone,-8,magnetometer,1464136635000000000,1464136636000000000,AK09911C Magnetic field Sensor,21.42,-30.9,-29.28,1464136635537124740
0,crowdsignals.algosnap.com,1.0(1),352622063881655,smartphone,-8,magnetometer,1464136635000000000,1464136636000000000,AK09911C Magnetic field Sensor,21.54,-30.9,-29.28,1464136635547268958
0,crowdsignals.algosnap.com,1.0(1),352622063881655,smartphone,-8,magnetometer,1464136635000000000,1464136636000000000,AK09911C Magnetic field Sensor,21.6,-30.9,-29.28,1464136635557450625
0,crowdsignals.algosnap.com,1.0(1),352622063881655,smartphone,-8,magnetometer,1464136635000000000,1464136636000000000,AK09911C Magnetic field Sensor,21.6,-30.9,-29.22,1464136635567266563
0,crowdsignals.algosnap.com,1.0(1),352622063881655,smartphone,-8,magnetometer,1464136635000000000,1464136636000000000,AK09911C Magnetic field Sensor,21.66,-30.9,-29.22,1464136635576810000
0,crowdsignals.algosnap.com,1.0(1),352622063881655,smartphone,-8,magnetometer,1464136635000000000,1464136636000000000,AK09911C Magnetic field Sensor,21.6,-30.96,-29.16,1464136635586389688
0,crowdsignals.algosnap.com,1.0(1),352622063881655,smartphone,-8,magnetometer,1464136635000000000,1464136636000000000,AK09911C Magnetic field Sensor,21.48,-31.02,-29.1,1464136635597339948
0,crowdsignals.algosnap.com,1.0(1),352622063881655,smartphone,-8,magnetometer,1464136635000000000,1464136636000000000,AK09911C Magnetic field Sensor,21.36,-31.08,-29.1,1464136635606398542
0,crowdsignals.algosnap.com,1.0(1),352622063881655,smartphone,-8,magnetometer,1464136635000000000,1464136636000000000,AK09911C Magnetic field Sensor,21.12,-31.14,-29.04,1464136635616414427
0,crowdsignals.algosnap.com,1.0(1),352622063881655,smartphone,-8,magnetometer,1464136635000000000,1464136636000000000,AK09911C Magnetic field Sensor,20.94,-31.26,-28.98,1464136635626354584
0,crowdsignals.algosnap.com,1.0(1),352622063881655,smartphone,-8,magnetometer,1464136635000000000,1464136636000000000,AK09911C Magnetic field Sensor,20.7,-31.38,-28.86,1464136635636360573
0,crowdsignals.algosnap.com,1.0(1),352622063881655,smartphone,-8,magnetometer,1464136635000000000,1464136636000000000,AK09911C Magnetic field Sensor,20.46,-31.44,-28.8,1464136635646343125
0,crowdsignals.algosnap.com,1.0(1),352622063881655,smartphone,-8,magnetometer,1464136635000000000,1464136636000000000,AK09911C Magnetic field Sensor,20.28,-31.56,-28.68,1464136635656247448
0,crowdsignals.algosnap.com,1.0(1),352622063881655,smartphone,-8,magnetometer,1464136635000000000,1464136636000000000,AK09911C Magnetic field Sensor,20.04,-31.68,-28.62,1464136635666236511
0,crowdsignals.algosnap.com,1.0(1),352622063881655,smartphone,-8,magnetometer,1464136635000000000,1464136636000000000,AK09911C Magnetic field Sensor,19.86,-31.8,-28.56,1464136635676006875
0,crowdsignals.algosnap.com,1.0(1),352622063881655,smartphone,-8,magnetometer,1464136635000000000,1464136636000000000,AK09911C Magnetic field Sensor,19.62,-31.92,-28.44,1464136635685376615
0,crowdsignals.algosnap.com,1.0(1),352622063881655,smartphone,-8,magnetometer,1464136635000000000,1464136636000000000,AK09911C Magnetic field Sensor,19.44,-32.1,-28.38,1464136635695326198
0,crowdsignals.algosnap.com,1.0(1),352622063881655,smartphone,-8,magnetometer,1464136635000000000,1464136636000000000,AK09911C Magnetic field Sensor,19.26,-32.22,-28.26,1464136635705289062
0,crowdsignals.algosnap.com,1.0(1),352622063881655,smartphone,-8,magnetometer,1464136635000000000,1464136636000000000,AK09911C Magnetic field Sensor,19.14,-32.34,-28.2,1464136635715276562
0,crowdsignals.algosnap.com,1.0(1),352622063881655,smartphone,-8,magnetometer,1464136635000000000,1464136636000000000,AK09911C Magnetic field Sensor,19.02,-32.46,-28.08,1464136635725217135
0,crowdsignals.algosnap.com,1.0(1),352622063881655,smartphone,-8,magnetometer,1464136635000000000,1464136636000000000,AK09911C Magnetic field Sensor,18.96,-32.58,-28.02,1464136635734917031
0,crowdsignals.algosnap.com,1.0(1),352622063881655,smartphone,-8,magnetometer,1464136635000000000,1464136636000000000,AK09911C Magnetic field Sensor,18.96,-32.7,-27.96,1464136635745299115
0,crowdsignals.algosnap.com,1.0(1),352622063881655,smartphone,-8,magnetometer,1464136635000000000,1464136636000000000,AK09911C Magnetic field Sensor,19.08,-32.76,-27.9,1464136635755044531
0,crowdsignals.algosnap.com,1.0(1),352622063881655,smartphone,-8,magnetometer,1464136635000000000,1464136636000000000,AK09911C Magnetic field Sensor,19.2,-32.82,-27.84,1464136635765226667
0,crowdsignals.algosnap.com,1.0(1),352622063881655,smartphone,-8,magnetometer,1464136635000000000,1464136636000000000,AK09911C Magnetic field Sensor,19.5,-32.88,-27.78,1464136635774634323
0,crowdsignals.algosnap.com,1.0(1),352622063881655,smartphone,-8,magnetometer,1464136635000000000,1464136636000000000,AK09911C Magnetic field Sensor,19.74,-32.88,-27.72,1464136635784591198
0,crowdsignals.algosnap.com,1.0(1),352622063881655,smartphone,-8,magnetometer,1464136635000000000,1464136636000000000,AK09911C Magnetic field Sensor,20.04,-32.82,-27.72,1464136635794281458
0,crowdsignals.algosnap.com,1.0(1),352622063881655,smartphone,-8,magnetometer,1464136635000000000,1464136636000000000,AK09911C Magnetic field Sensor,20.34,-32.82,-27.66,1464136635804713594
0,crowdsignals.algosnap.com,1.0(1),352622063881655,smartphone,-8,magnetometer,1464136635000000000,1464136636000000000,AK09911C Magnetic field Sensor,20.64,-32.76,-27.6,1464136635814283073
0,crowdsignals.algosnap.com,1.0(1),352622063881655,smartphone,-8,magnetometer,1464136635000000000,1464136636000000000,AK09911C Magnetic field Sensor,20.94,-32.7,-27.54,1464136635824445937
0,crowdsignals.algosnap.com,1.0(1),352622063881655,smartphone,-8,magnetometer,1464136635000000000,1464136636000000000,AK09911C Magnetic field Sensor,21.18,-32.64,-27.48,1464136635833841771
0,crowdsignals.algosnap.com,1.0(1),352622063881655,smartphone,-8,magnetometer,1464136635000000000,1464136636000000000,AK09911C Magnetic field Sensor,21.48,-32.58,-27.36,1464136635844186146
0,crowdsignals.algosnap.com,1.0(1),352622063881655,smartphone,-8,magnetometer,1464136635000000000,1464136636000000000,AK09911C Magnetic field Sensor,21.78,-32.52,-27.3,1464136635853308802
0,crowdsignals.algosnap.com,1.0(1),352622063881655,smartphone,-8,magnetometer,1464136635000000000,1464136636000000000,AK09911C Magnetic field Sensor,22.02,-32.46,-27.18,1464136635864967031
0,crowdsignals.algosnap.com,1.0(1),352622063881655,smartphone,-8,magnetometer,1464136635000000000,1464136636000000000,AK09911C Magnetic field Sensor,22.32,-32.34,-27.0,1464136635873973073
0,crowdsignals.algosnap.com,1.0(1),352622063881655,smartphone,-8,magnetometer,1464136635000000000,1464136636000000000,AK09911C Magnetic field Sensor,22.5,-32.28,-26.88,1464136635883106719
0,crowdsignals.algosnap.com,1.0(1),352622063881655,smartphone,-8,magnetometer,1464136635000000000,1464136636000000000,AK09911C Magnetic field Sensor,22.74,-32.22,-26.7,1464136635893009062
0,crowdsignals.algosnap.com,1.0(1),352622063881655,smartphone,-8,magnetometer,1464136635000000000,1464136636000000000,AK09911C Magnetic field Sensor,22.92,-32.16,-26.58,1464136635903273646
0,crowdsignals.algosnap.com,1.0(1),352622063881655,smartphone,-8,magnetometer,1464136635000000000,1464136636000000000,AK09911C Magnetic field Sensor,23.04,-32.1,-26.46,1464136635913102865
0,crowdsignals.algosnap.com,1.0(1),352622063881655,smartphone,-8,magnetometer,1464136635000000000,1464136636000000000,AK09911C Magnetic field Sensor,23.16,-32.1,-26.28,1464136635923022812
0,crowdsignals.algosnap.com,1.0(1),352622063881655,smartphone,-8,magnetometer,1464136635000000000,1464136636000000000,AK09911C Magnetic field Sensor,23.28,-32.1,-26.16,1464136635932953854
0,crowdsignals.algosnap.com,1.0(1),352622063881655,smartphone,-8,magnetometer,1464136635000000000,1464136636000000000,AK09911C Magnetic field Sensor,23.34,-32.28,-26.04,1464136635942925782
0,crowdsignals.algosnap.com,1.0(1),352622063881655,smartphone,-8,magnetometer,1464136635000000000,1464136636000000000,AK09911C Magnetic field Sensor,23.34,-32.46,-25.86,1464136635952471355
0,crowdsignals.algosnap.com,1.0(1),352622063881655,smartphone,-8,magnetometer,1464136635000000000,1464136636000000000,AK09911C Magnetic field Sensor,23.34,-32.7,-25.74,1464136635962974272
