user_id,sw_name,sw_version,device_id,device_type,timezone,type,start,end,motion,pace,speed,totalDistance,timestamps
0,crowdsignals.algosnap.com,1.0(1),352622063881655,smartphone,-8,msBandDistance,1464757732000000000,1464757733000000000,idle,0.0,0.0,3921932,1464757732862000000
0,crowdsignals.algosnap.com,1.0(1),352622063881655,smartphone,-8,msBandDistance,1464757733000000000,1464757734000000000,idle,0.0,0.0,3921932,1464757733850000000
0,crowdsignals.algosnap.com,1.0(1),352622063881655,smartphone,-8,msBandDistance,1464757734000000000,1464757735000000000,idle,0.0,0.0,3921932,1464757734852000000
0,crowdsignals.algosnap.com,1.0(1),352622063881655,smartphone,-8,msBandDistance,1464757735000000000,1464757736000000000,idle,0.0,0.0,3921932,1464757735864000000
0,crowdsignals.algosnap.com,1.0(1),352622063881655,smartphone,-8,msBandDistance,1464757736000000000,1464757737000000000,idle,0.0,0.0,3921932,1464757736891000000
0,crowdsignals.algosnap.com,1.0(1),352622063881655,smartphone,-8,msBandDistance,1464757737000000000,1464757738000000000,idle,0.0,0.0,3921932,1464757737890000000
0,crowdsignals.algosnap.com,1.0(1),352622063881655,smartphone,-8,msBandDistance,1464757738000000000,1464757739000000000,idle,0.0,0.0,3921932,1464757738901000000
0,crowdsignals.algosnap.com,1.0(1),352622063881655,smartphone,-8,msBandDistance,1464757739000000000,1464757740000000000,idle,0.0,0.0,3921932,1464757739897000000
0,crowdsignals.algosnap.com,1.0(1),352622063881655,smartphone,-8,msBandDistance,1464757740000000000,1464757741000000000,idle,0.0,0.0,3921932,1464757740910000000
0,crowdsignals.algosnap.com,1.0(1),352622063881655,smartphone,-8,msBandDistance,1464757741000000000,1464757742000000000,idle,0.0,0.0,3921932,1464757741907000000
0,crowdsignals.algosnap.com,1.0(1),352622063881655,smartphone,-8,msBandDistance,1464757742000000000,1464757743000000000,idle,0.0,0.0,3921932,1464757742919000000
0,crowdsignals.algosnap.com,1.0(1),352622063881655,smartphone,-8,msBandDistance,1464757743000000000,1464757744000000000,idle,0.0,0.0,3921932,1464757743939000000
0,crowdsignals.algosnap.com,1.0(1),352622063881655,smartphone,-8,msBandDistance,1464757744000000000,1464757745000000000,idle,0.0,0.0,3921932,1464757744932000000
0,crowdsignals.algosnap.com,1.0(1),352622063881655,smartphone,-8,msBandDistance,1464757745000000000,1464757746000000000,idle,0.0,0.0,3921932,1464757745939000000
0,crowdsignals.algosnap.com,1.0(1),352622063881655,smartphone,-8,msBandDistance,1464757746000000000,1464757747000000000,idle,0.0,0.0,3921932,1464757746963000000
0,crowdsignals.algosnap.com,1.0(1),352622063881655,smartphone,-8,msBandDistance,1464757747000000000,1464757748000000000,idle,0.0,0.0,3921932,1464757747950000000
0,crowdsignals.algosnap.com,1.0(1),352622063881655,smartphone,-8,msBandDistance,1464757748000000000,1464757749000000000,idle,0.0,0.0,3921932,1464757748985000000
0,crowdsignals.algosnap.com,1.0(1),352622063881655,smartphone,-8,msBandDistance,1464757749000000000,1464757750000000000,idle,0.0,0.0,3921932,1464757749994000000
0,crowdsignals.algosnap.com,1.0(1),352622063881655,smartphone,-8,msBandDistance,1464757751000000000,1464757752000000000,idle,0.0,0.0,3921932,1464757751987000000
0,crowdsignals.algosnap.com,1.0(1),352622063881655,smartphone,-8,msBandDistance,1464757752000000000,1464757753000000000,idle,0.0,0.0,3921932,1464757752991000000
0,crowdsignals.algosnap.com,1.0(1),352622063881655,smartphone,-8,msBandDistance,1464757754000000000,1464757755000000000,idle,0.0,0.0,3921932,1464757754018000000
0,crowdsignals.algosnap.com,1.0(1),352622063881655,smartphone,-8,msBandDistance,1464757755000000000,1464757756000000000,idle,0.0,0.0,3921932,1464757755022000000
