user_id,sw_name,sw_version,device_id,device_type,timezone,type,start,end,phone_position,watch_position,label,timestamps
0,crowdsignals.algosnap.com,1.0(1),352622063881655,smartphone,-8,event_label,1464757737898000000,1464757737898000000,Phone in Flat Surface,Watch on right wrist,Fork at mouth,1464757737898000000
0,crowdsignals.algosnap.com,1.0(1),352622063881655,smartphone,-8,event_label,1464757748210000000,1464757748210000000,Phone in Flat Surface,Watch on right wrist,Fork at mouth,1464757748210000000
0,crowdsignals.algosnap.com,1.0(1),352622063881655,smartphone,-8,event_label,1464757759303000000,1464757759303000000,Phone in Flat Surface,Watch on right wrist,Fork at mouth,1464757759303000000
0,crowdsignals.algosnap.com,1.0(1),352622063881655,smartphone,-8,event_label,1464757766852000000,1464757766852000000,Phone in Flat Surface,Watch on right wrist,Fork at mouth,1464757766852000000
0,crowdsignals.algosnap.com,1.0(1),352622063881655,smartphone,-8,event_label,1464757774263000000,1464757774263000000,Phone in Flat Surface,Watch on right wrist,Fork at mouth,1464757774263000000
0,crowdsignals.algosnap.com,1.0(1),352622063881655,smartphone,-8,event_label,1464757782322000000,1464757782322000000,Phone in Flat Surface,Watch on right wrist,Fork at mouth,1464757782322000000
0,crowdsignals.algosnap.com,1.0(1),352622063881655,smartphone,-8,event_label,1464757791299000000,1464757791299000000,Phone in Flat Surface,Watch on right wrist,Drink at mouth,1464757791299000000
0,crowdsignals.algosnap.com,1.0(1),352622063881655,smartphone,-8,event_label,1464757801915000000,1464757801915000000,Phone in Flat Surface,Watch on right wrist,Drink at mouth,1464757801915000000
0,crowdsignals.algosnap.com,1.0(1),352622063881655,smartphone,-8,event_label,1464757809123000000,1464757809123000000,Phone in Flat Surface,Watch on right wrist,Drink at mouth,1464757809123000000
0,crowdsignals.algosnap.com,1.0(1),352622063881655,smartphone,-8,event_label,1464757817683000000,1464757817683000000,Phone in Flat Surface,Watch on right wrist,Drink at mouth,1464757817683000000
0,crowdsignals.algosnap.com,1.0(1),352622063881655,smartphone,-8,event_label,1464757823856000000,1464757823856000000,Phone in Flat Surface,Watch on right wrist,Drink at mouth,1464757823856000000
