user_id,sw_name,sw_version,device_id,device_type,timezone,type,start,end,resistance,timestamps
0,crowdsignals.algosnap.com,1.0(1),352622063881655,smartphone,-8,msBandGsr,1464757735000000000,1464757736000000000,105,1464757735076000000
0,crowdsignals.algosnap.com,1.0(1),352622063881655,smartphone,-8,msBandGsr,1464757740000000000,1464757741000000000,109,1464757740057000000
0,crowdsignals.algosnap.com,1.0(1),352622063881655,smartphone,-8,msBandGsr,1464757745000000000,1464757746000000000,106,1464757745046000000
0,crowdsignals.algosnap.com,1.0(1),352622063881655,smartphone,-8,msBandGsr,1464757750000000000,1464757751000000000,109,1464757750042000000
0,crowdsignals.algosnap.com,1.0(1),352622063881655,smartphone,-8,msBandGsr,1464757754000000000,1464757755000000000,100,1464757754990000000
0,crowdsignals.algosnap.com,1.0(1),352622063881655,smartphone,-8,msBandGsr,1464757759000000000,1464757760000000000,98,1464757759999000000
0,crowdsignals.algosnap.com,1.0(1),352622063881655,smartphone,-8,msBandGsr,1464757764000000000,1464757765000000000,99,1464757764959000000
