user_id,sw_name,sw_version,device_id,device_type,timezone,type,start,end,event_type,data,number,timestamps
0,crowdsignals.algosnap.com,1.0(1),352622063881655,smartphone,-8,phonestate,1464757765178000000,1464757765178000000,DataActivity,DATA_ACTIVITY_INOUT,null,1464757765178000000
0,crowdsignals.algosnap.com,1.0(1),352622063881655,smartphone,-8,phonestate,1464757766184000000,1464757766184000000,DataActivity,DATA_ACTIVITY_NONE,null,1464757766184000000
0,crowdsignals.algosnap.com,1.0(1),352622063881655,smartphone,-8,phonestate,1464757779246000000,1464757779246000000,DataActivity,DATA_ACTIVITY_IN,null,1464757779246000000
0,crowdsignals.algosnap.com,1.0(1),352622063881655,smartphone,-8,phonestate,1464757781279000000,1464757781279000000,DataActivity,DATA_ACTIVITY_NONE,null,1464757781279000000
0,crowdsignals.algosnap.com,1.0(1),352622063881655,smartphone,-8,phonestate,1464757783309000000,1464757783309000000,DataActivity,DATA_ACTIVITY_IN,null,1464757783309000000
0,crowdsignals.algosnap.com,1.0(1),352622063881655,smartphone,-8,phonestate,1464757784373000000,1464757784373000000,DataActivity,DATA_ACTIVITY_NONE,null,1464757784373000000
0,crowdsignals.algosnap.com,1.0(1),352622063881655,smartphone,-8,phonestate,1464757787338000000,1464757787338000000,DataActivity,DATA_ACTIVITY_IN,null,1464757787338000000
0,crowdsignals.algosnap.com,1.0(1),352622063881655,smartphone,-8,phonestate,1464757788347000000,1464757788347000000,DataActivity,DATA_ACTIVITY_NONE,null,1464757788347000000
0,crowdsignals.algosnap.com,1.0(1),352622063881655,smartphone,-8,phonestate,1464757796394000000,1464757796394000000,DataActivity,DATA_ACTIVITY_IN,null,1464757796394000000
0,crowdsignals.algosnap.com,1.0(1),352622063881655,smartphone,-8,phonestate,1464757797416000000,1464757797416000000,DataActivity,DATA_ACTIVITY_NONE,null,1464757797416000000
0,crowdsignals.algosnap.com,1.0(1),352622063881655,smartphone,-8,phonestate,1464757816519000000,1464757816519000000,DataActivity,DATA_ACTIVITY_IN,null,1464757816519000000
0,crowdsignals.algosnap.com,1.0(1),352622063881655,smartphone,-8,phonestate,1464757817529000000,1464757817529000000,DataActivity,DATA_ACTIVITY_NONE,null,1464757817529000000
0,crowdsignals.algosnap.com,1.0(1),352622063881655,smartphone,-8,phonestate,1464757825589000000,1464757825589000000,DataActivity,DATA_ACTIVITY_INOUT,null,1464757825589000000
0,crowdsignals.algosnap.com,1.0(1),352622063881655,smartphone,-8,phonestate,1464757826615000000,1464757826615000000,DataActivity,DATA_ACTIVITY_NONE,null,1464757826615000000
0,crowdsignals.algosnap.com,1.0(1),352622063881655,smartphone,-8,phonestate,1464757828634000000,1464757828634000000,DataActivity,DATA_ACTIVITY_IN,null,1464757828634000000
0,crowdsignals.algosnap.com,1.0(1),352622063881655,smartphone,-8,phonestate,1464757829656000000,1464757829656000000,DataActivity,DATA_ACTIVITY_NONE,null,1464757829656000000
