user_id,sw_name,sw_version,device_id,device_type,timezone,type,start,end,temperature,timestamps
0,crowdsignals.algosnap.com,1.0(1),352622063881655,smartphone,-8,msBandSkinTemperature,1464757734000000000,1464757735000000000,32.35,1464757734289000000
0,crowdsignals.algosnap.com,1.0(1),352622063881655,smartphone,-8,msBandSkinTemperature,1464757764000000000,1464757765000000000,32.49,1464757764372000000
0,crowdsignals.algosnap.com,1.0(1),352622063881655,smartphone,-8,msBandSkinTemperature,1464757794000000000,1464757795000000000,32.58,1464757794439000000
0,crowdsignals.algosnap.com,1.0(1),352622063881655,smartphone,-8,msBandSkinTemperature,1464757824000000000,1464757825000000000,32.64,1464757824532000000
