user_id,sw_name,sw_version,device_id,device_type,timezone,type,start,end,sensor_name,pressure,timestamps
0,crowdsignals.algosnap.com,1.0(1),352622063881655,smartphone,-8,pressure,1464757754000000000,1464757755000000000,Barometer Sensor,1007.42065,1464757754213818125
0,crowdsignals.algosnap.com,1.0(1),352622063881655,smartphone,-8,pressure,1464757754000000000,1464757755000000000,Barometer Sensor,1007.4033,1464757754390926511
0,crowdsignals.algosnap.com,1.0(1),352622063881655,smartphone,-8,pressure,1464757754000000000,1464757755000000000,Barometer Sensor,1007.5935,1464757754569422968
0,crowdsignals.algosnap.com,1.0(1),352622063881655,smartphone,-8,pressure,1464757754000000000,1464757755000000000,Barometer Sensor,1007.57104,1464757754747919219
0,crowdsignals.algosnap.com,1.0(1),352622063881655,smartphone,-8,pressure,1464757754000000000,1464757755000000000,Barometer Sensor,1007.59985,1464757754925521824
0,crowdsignals.algosnap.com,1.0(1),352622063881655,smartphone,-8,pressure,1464757755000000000,1464757756000000000,Barometer Sensor,1007.396,1464757755281254271
0,crowdsignals.algosnap.com,1.0(1),352622063881655,smartphone,-8,pressure,1464757755000000000,1464757756000000000,Barometer Sensor,1007.47363,1464757755459295780
0,crowdsignals.algosnap.com,1.0(1),352622063881655,smartphone,-8,pressure,1464757755000000000,1464757756000000000,Barometer Sensor,1007.4026,1464757755637317135
0,crowdsignals.algosnap.com,1.0(1),352622063881655,smartphone,-8,pressure,1464757755000000000,1464757756000000000,Barometer Sensor,1007.4048,1464757755815674427
0,crowdsignals.algosnap.com,1.0(1),352622063881655,smartphone,-8,pressure,1464757755000000000,1464757756000000000,Barometer Sensor,1007.5764,1464757755992932865
0,crowdsignals.algosnap.com,1.0(1),352622063881655,smartphone,-8,pressure,1464757756000000000,1464757757000000000,Barometer Sensor,1007.45435,1464757756348948489
0,crowdsignals.algosnap.com,1.0(1),352622063881655,smartphone,-8,pressure,1464757756000000000,1464757757000000000,Barometer Sensor,1007.6345,1464757756527214063
0,crowdsignals.algosnap.com,1.0(1),352622063881655,smartphone,-8,pressure,1464757756000000000,1464757757000000000,Barometer Sensor,1007.50073,1464757756705175157
0,crowdsignals.algosnap.com,1.0(1),352622063881655,smartphone,-8,pressure,1464757756000000000,1464757757000000000,Barometer Sensor,1007.3733,1464757756882437708
0,crowdsignals.algosnap.com,1.0(1),352622063881655,smartphone,-8,pressure,1464757757000000000,1464757758000000000,Barometer Sensor,1007.4092,1464757757238685416
0,crowdsignals.algosnap.com,1.0(1),352622063881655,smartphone,-8,pressure,1464757757000000000,1464757758000000000,Barometer Sensor,1007.39624,1464757757416093907
0,crowdsignals.algosnap.com,1.0(1),352622063881655,smartphone,-8,pressure,1464757757000000000,1464757758000000000,Barometer Sensor,1007.5288,1464757757594140260
0,crowdsignals.algosnap.com,1.0(1),352622063881655,smartphone,-8,pressure,1464757757000000000,1464757758000000000,Barometer Sensor,1007.5947,1464757757771884636
0,crowdsignals.algosnap.com,1.0(1),352622063881655,smartphone,-8,pressure,1464757757000000000,1464757758000000000,Barometer Sensor,1007.6387,1464757757950248176
0,crowdsignals.algosnap.com,1.0(1),352622063881655,smartphone,-8,pressure,1464757758000000000,1464757759000000000,Barometer Sensor,1007.3899,1464757758305773021
0,crowdsignals.algosnap.com,1.0(1),352622063881655,smartphone,-8,pressure,1464757758000000000,1464757759000000000,Barometer Sensor,1007.62573,1464757758484077604
0,crowdsignals.algosnap.com,1.0(1),352622063881655,smartphone,-8,pressure,1464757758000000000,1464757759000000000,Barometer Sensor,1007.6399,1464757758661092187
0,crowdsignals.algosnap.com,1.0(1),352622063881655,smartphone,-8,pressure,1464757758000000000,1464757759000000000,Barometer Sensor,1007.61206,1464757758840011302
0,crowdsignals.algosnap.com,1.0(1),352622063881655,smartphone,-8,pressure,1464757759000000000,1464757760000000000,Barometer Sensor,1007.57983,1464757759195970000
0,crowdsignals.algosnap.com,1.0(1),352622063881655,smartphone,-8,pressure,1464757759000000000,1464757760000000000,Barometer Sensor,1007.5315,1464757759373778699
0,crowdsignals.algosnap.com,1.0(1),352622063881655,smartphone,-8,pressure,1464757759000000000,1464757760000000000,Barometer Sensor,1007.354,1464757759551309115
0,crowdsignals.algosnap.com,1.0(1),352622063881655,smartphone,-8,pressure,1464757759000000000,1464757760000000000,Barometer Sensor,1007.38403,1464757759729564427
0,crowdsignals.algosnap.com,1.0(1),352622063881655,smartphone,-8,pressure,1464757759000000000,1464757760000000000,Barometer Sensor,1007.4258,1464757759907461250
0,crowdsignals.algosnap.com,1.0(1),352622063881655,smartphone,-8,pressure,1464757760000000000,1464757761000000000,Barometer Sensor,1007.43066,1464757760263247553
0,crowdsignals.algosnap.com,1.0(1),352622063881655,smartphone,-8,pressure,1464757760000000000,1464757761000000000,Barometer Sensor,1007.5708,1464757760440765625
0,crowdsignals.algosnap.com,1.0(1),352622063881655,smartphone,-8,pressure,1464757760000000000,1464757761000000000,Barometer Sensor,1007.416,1464757760619211250
0,crowdsignals.algosnap.com,1.0(1),352622063881655,smartphone,-8,pressure,1464757760000000000,1464757761000000000,Barometer Sensor,1007.583,1464757760797085364
0,crowdsignals.algosnap.com,1.0(1),352622063881655,smartphone,-8,pressure,1464757760000000000,1464757761000000000,Barometer Sensor,1007.5679,1464757760975184948
0,crowdsignals.algosnap.com,1.0(1),352622063881655,smartphone,-8,pressure,1464757761000000000,1464757762000000000,Barometer Sensor,1007.4275,1464757761152750312
0,crowdsignals.algosnap.com,1.0(1),352622063881655,smartphone,-8,pressure,1464757761000000000,1464757762000000000,Barometer Sensor,1007.40186,1464757761330532344
0,crowdsignals.algosnap.com,1.0(1),352622063881655,smartphone,-8,pressure,1464757761000000000,1464757762000000000,Barometer Sensor,1007.5974,1464757761508619791
0,crowdsignals.algosnap.com,1.0(1),352622063881655,smartphone,-8,pressure,1464757761000000000,1464757762000000000,Barometer Sensor,1007.6238,1464757761687067553
0,crowdsignals.algosnap.com,1.0(1),352622063881655,smartphone,-8,pressure,1464757761000000000,1464757762000000000,Barometer Sensor,1007.6008,1464757761864790834
0,crowdsignals.algosnap.com,1.0(1),352622063881655,smartphone,-8,pressure,1464757762000000000,1464757763000000000,Barometer Sensor,1007.4446,1464757762220407552
0,crowdsignals.algosnap.com,1.0(1),352622063881655,smartphone,-8,pressure,1464757762000000000,1464757763000000000,Barometer Sensor,1007.40015,1464757762397566719
0,crowdsignals.algosnap.com,1.0(1),352622063881655,smartphone,-8,pressure,1464757762000000000,1464757763000000000,Barometer Sensor,1007.4292,1464757762576478803
0,crowdsignals.algosnap.com,1.0(1),352622063881655,smartphone,-8,pressure,1464757762000000000,1464757763000000000,Barometer Sensor,1007.6089,1464757762754043750
0,crowdsignals.algosnap.com,1.0(1),352622063881655,smartphone,-8,pressure,1464757762000000000,1464757763000000000,Barometer Sensor,1007.6018,1464757762931735782
0,crowdsignals.algosnap.com,1.0(1),352622063881655,smartphone,-8,pressure,1464757763000000000,1464757764000000000,Barometer Sensor,1007.4336,1464757763287631354
0,crowdsignals.algosnap.com,1.0(1),352622063881655,smartphone,-8,pressure,1464757763000000000,1464757764000000000,Barometer Sensor,1007.34155,1464757763465110833
0,crowdsignals.algosnap.com,1.0(1),352622063881655,smartphone,-8,pressure,1464757763000000000,1464757764000000000,Barometer Sensor,1007.4075,1464757763643939897
0,crowdsignals.algosnap.com,1.0(1),352622063881655,smartphone,-8,pressure,1464757763000000000,1464757764000000000,Barometer Sensor,1007.5989,1464757763822150417
0,crowdsignals.algosnap.com,1.0(1),352622063881655,smartphone,-8,pressure,1464757763000000000,1464757764000000000,Barometer Sensor,1007.59155,1464757763999990051
0,crowdsignals.algosnap.com,1.0(1),352622063881655,smartphone,-8,pressure,1464757764000000000,1464757765000000000,Barometer Sensor,1007.344,1464757764354800573
0,crowdsignals.algosnap.com,1.0(1),352622063881655,smartphone,-8,pressure,1464757764000000000,1464757765000000000,Barometer Sensor,1007.58936,1464757764533699114
0,crowdsignals.algosnap.com,1.0(1),352622063881655,smartphone,-8,pressure,1464757764000000000,1464757765000000000,Barometer Sensor,1007.60547,1464757764710741772
0,crowdsignals.algosnap.com,1.0(1),352622063881655,smartphone,-8,pressure,1464757764000000000,1464757765000000000,Barometer Sensor,1007.61597,1464757764889316093
0,crowdsignals.algosnap.com,1.0(1),352622063881655,smartphone,-8,pressure,1464757765000000000,1464757766000000000,Barometer Sensor,1007.44165,1464757765244385105
0,crowdsignals.algosnap.com,1.0(1),352622063881655,smartphone,-8,pressure,1464757765000000000,1464757766000000000,Barometer Sensor,1007.41895,1464757765422525729
0,crowdsignals.algosnap.com,1.0(1),352622063881655,smartphone,-8,pressure,1464757765000000000,1464757766000000000,Barometer Sensor,1007.532,1464757765600849011
0,crowdsignals.algosnap.com,1.0(1),352622063881655,smartphone,-8,pressure,1464757765000000000,1464757766000000000,Barometer Sensor,1007.62427,1464757765778462812
0,crowdsignals.algosnap.com,1.0(1),352622063881655,smartphone,-8,pressure,1464757765000000000,1464757766000000000,Barometer Sensor,1007.38965,1464757765956100625
0,crowdsignals.algosnap.com,1.0(1),352622063881655,smartphone,-8,pressure,1464757766000000000,1464757767000000000,Barometer Sensor,1007.3992,1464757766312606146
0,crowdsignals.algosnap.com,1.0(1),352622063881655,smartphone,-8,pressure,1464757766000000000,1464757767000000000,Barometer Sensor,1007.4033,1464757766490091561
0,crowdsignals.algosnap.com,1.0(1),352622063881655,smartphone,-8,pressure,1464757766000000000,1464757767000000000,Barometer Sensor,1007.3794,1464757766668216615
0,crowdsignals.algosnap.com,1.0(1),352622063881655,smartphone,-8,pressure,1464757766000000000,1464757767000000000,Barometer Sensor,1007.41943,1464757766845864584
0,crowdsignals.algosnap.com,1.0(1),352622063881655,smartphone,-8,pressure,1464757767000000000,1464757768000000000,Barometer Sensor,1007.374,1464757767202018646
0,crowdsignals.algosnap.com,1.0(1),352622063881655,smartphone,-8,pressure,1464757767000000000,1464757768000000000,Barometer Sensor,1007.3926,1464757767379516302
0,crowdsignals.algosnap.com,1.0(1),352622063881655,smartphone,-8,pressure,1464757767000000000,1464757768000000000,Barometer Sensor,1007.34985,1464757767557800833
0,crowdsignals.algosnap.com,1.0(1),352622063881655,smartphone,-8,pressure,1464757767000000000,1464757768000000000,Barometer Sensor,1007.40796,1464757767736115990
0,crowdsignals.algosnap.com,1.0(1),352622063881655,smartphone,-8,pressure,1464757767000000000,1464757768000000000,Barometer Sensor,1007.3601,1464757767913361042
0,crowdsignals.algosnap.com,1.0(1),352622063881655,smartphone,-8,pressure,1464757768000000000,1464757769000000000,Barometer Sensor,1007.38965,1464757768269043749
0,crowdsignals.algosnap.com,1.0(1),352622063881655,smartphone,-8,pressure,1464757768000000000,1464757769000000000,Barometer Sensor,1007.4248,1464757768446648854
0,crowdsignals.algosnap.com,1.0(1),352622063881655,smartphone,-8,pressure,1464757768000000000,1464757769000000000,Barometer Sensor,1007.4241,1464757768625790261
0,crowdsignals.algosnap.com,1.0(1),352622063881655,smartphone,-8,pressure,1464757768000000000,1464757769000000000,Barometer Sensor,1007.43115,1464757768803263907
0,crowdsignals.algosnap.com,1.0(1),352622063881655,smartphone,-8,pressure,1464757768000000000,1464757769000000000,Barometer Sensor,1007.4238,1464757768981345574
0,crowdsignals.algosnap.com,1.0(1),352622063881655,smartphone,-8,pressure,1464757769000000000,1464757770000000000,Barometer Sensor,1007.4092,1464757769337235104
0,crowdsignals.algosnap.com,1.0(1),352622063881655,smartphone,-8,pressure,1464757769000000000,1464757770000000000,Barometer Sensor,1007.39795,1464757769515483906
0,crowdsignals.algosnap.com,1.0(1),352622063881655,smartphone,-8,pressure,1464757769000000000,1464757770000000000,Barometer Sensor,1007.386,1464757769692865834
0,crowdsignals.algosnap.com,1.0(1),352622063881655,smartphone,-8,pressure,1464757769000000000,1464757770000000000,Barometer Sensor,1007.3804,1464757769870808333
0,crowdsignals.algosnap.com,1.0(1),352622063881655,smartphone,-8,pressure,1464757770000000000,1464757771000000000,Barometer Sensor,1007.4961,1464757770226116823
0,crowdsignals.algosnap.com,1.0(1),352622063881655,smartphone,-8,pressure,1464757770000000000,1464757771000000000,Barometer Sensor,1007.625,1464757770404739115
0,crowdsignals.algosnap.com,1.0(1),352622063881655,smartphone,-8,pressure,1464757770000000000,1464757771000000000,Barometer Sensor,1007.39453,1464757770582818490
0,crowdsignals.algosnap.com,1.0(1),352622063881655,smartphone,-8,pressure,1464757770000000000,1464757771000000000,Barometer Sensor,1007.59717,1464757770760374947
0,crowdsignals.algosnap.com,1.0(1),352622063881655,smartphone,-8,pressure,1464757770000000000,1464757771000000000,Barometer Sensor,1007.6262,1464757770938234948
0,crowdsignals.algosnap.com,1.0(1),352622063881655,smartphone,-8,pressure,1464757771000000000,1464757772000000000,Barometer Sensor,1007.5989,1464757771116327969
0,crowdsignals.algosnap.com,1.0(1),352622063881655,smartphone,-8,pressure,1464757771000000000,1464757772000000000,Barometer Sensor,1007.37573,1464757771294199115
0,crowdsignals.algosnap.com,1.0(1),352622063881655,smartphone,-8,pressure,1464757771000000000,1464757772000000000,Barometer Sensor,1007.6035,1464757771472309219
0,crowdsignals.algosnap.com,1.0(1),352622063881655,smartphone,-8,pressure,1464757771000000000,1464757772000000000,Barometer Sensor,1007.3994,1464757771649575156
0,crowdsignals.algosnap.com,1.0(1),352622063881655,smartphone,-8,pressure,1464757771000000000,1464757772000000000,Barometer Sensor,1007.4204,1464757771827696407
0,crowdsignals.algosnap.com,1.0(1),352622063881655,smartphone,-8,pressure,1464757772000000000,1464757773000000000,Barometer Sensor,1007.511,1464757772183093177
0,crowdsignals.algosnap.com,1.0(1),352622063881655,smartphone,-8,pressure,1464757772000000000,1464757773000000000,Barometer Sensor,1007.43286,1464757772361351354
0,crowdsignals.algosnap.com,1.0(1),352622063881655,smartphone,-8,pressure,1464757772000000000,1464757773000000000,Barometer Sensor,1007.6338,1464757772539079583
0,crowdsignals.algosnap.com,1.0(1),352622063881655,smartphone,-8,pressure,1464757772000000000,1464757773000000000,Barometer Sensor,1007.583,1464757772717316406
0,crowdsignals.algosnap.com,1.0(1),352622063881655,smartphone,-8,pressure,1464757772000000000,1464757773000000000,Barometer Sensor,1007.6343,1464757772895622396
0,crowdsignals.algosnap.com,1.0(1),352622063881655,smartphone,-8,pressure,1464757773000000000,1464757774000000000,Barometer Sensor,1007.50195,1464757773251010886
0,crowdsignals.algosnap.com,1.0(1),352622063881655,smartphone,-8,pressure,1464757773000000000,1464757774000000000,Barometer Sensor,1007.38916,1464757773429158280
0,crowdsignals.algosnap.com,1.0(1),352622063881655,smartphone,-8,pressure,1464757773000000000,1464757774000000000,Barometer Sensor,1007.62256,1464757773606820105
0,crowdsignals.algosnap.com,1.0(1),352622063881655,smartphone,-8,pressure,1464757773000000000,1464757774000000000,Barometer Sensor,1007.39453,1464757773784617240
0,crowdsignals.algosnap.com,1.0(1),352622063881655,smartphone,-8,pressure,1464757773000000000,1464757774000000000,Barometer Sensor,1007.6301,1464757773962594531
0,crowdsignals.algosnap.com,1.0(1),352622063881655,smartphone,-8,pressure,1464757774000000000,1464757775000000000,Barometer Sensor,1007.33276,1464757774318532968
0,crowdsignals.algosnap.com,1.0(1),352622063881655,smartphone,-8,pressure,1464757774000000000,1464757775000000000,Barometer Sensor,1007.3862,1464757774496553802
0,crowdsignals.algosnap.com,1.0(1),352622063881655,smartphone,-8,pressure,1464757774000000000,1464757775000000000,Barometer Sensor,1007.43506,1464757774674770990
0,crowdsignals.algosnap.com,1.0(1),352622063881655,smartphone,-8,pressure,1464757774000000000,1464757775000000000,Barometer Sensor,1007.4236,1464757774852529688
0,crowdsignals.algosnap.com,1.0(1),352622063881655,smartphone,-8,pressure,1464757775000000000,1464757776000000000,Barometer Sensor,1007.46094,1464757775207976719
0,crowdsignals.algosnap.com,1.0(1),352622063881655,smartphone,-8,pressure,1464757775000000000,1464757776000000000,Barometer Sensor,1007.4519,1464757775386579688
0,crowdsignals.algosnap.com,1.0(1),352622063881655,smartphone,-8,pressure,1464757775000000000,1464757776000000000,Barometer Sensor,1007.5796,1464757775564521250
0,crowdsignals.algosnap.com,1.0(1),352622063881655,smartphone,-8,pressure,1464757775000000000,1464757776000000000,Barometer Sensor,1007.5222,1464757775742464011
0,crowdsignals.algosnap.com,1.0(1),352622063881655,smartphone,-8,pressure,1464757775000000000,1464757776000000000,Barometer Sensor,1007.6538,1464757775920097134
0,crowdsignals.algosnap.com,1.0(1),352622063881655,smartphone,-8,pressure,1464757776000000000,1464757777000000000,Barometer Sensor,1007.4016,1464757776276250156
0,crowdsignals.algosnap.com,1.0(1),352622063881655,smartphone,-8,pressure,1464757776000000000,1464757777000000000,Barometer Sensor,1007.5596,1464757776453697396
0,crowdsignals.algosnap.com,1.0(1),352622063881655,smartphone,-8,pressure,1464757776000000000,1464757777000000000,Barometer Sensor,1007.64575,1464757776632086094
0,crowdsignals.algosnap.com,1.0(1),352622063881655,smartphone,-8,pressure,1464757776000000000,1464757777000000000,Barometer Sensor,1007.3982,1464757776810358905
0,crowdsignals.algosnap.com,1.0(1),352622063881655,smartphone,-8,pressure,1464757776000000000,1464757777000000000,Barometer Sensor,1007.4241,1464757776987854583
0,crowdsignals.algosnap.com,1.0(1),352622063881655,smartphone,-8,pressure,1464757777000000000,1464757778000000000,Barometer Sensor,1007.38794,1464757777343227708
0,crowdsignals.algosnap.com,1.0(1),352622063881655,smartphone,-8,pressure,1464757777000000000,1464757778000000000,Barometer Sensor,1007.5642,1464757777521459271
0,crowdsignals.algosnap.com,1.0(1),352622063881655,smartphone,-8,pressure,1464757777000000000,1464757778000000000,Barometer Sensor,1007.6304,1464757777698906250
0,crowdsignals.algosnap.com,1.0(1),352622063881655,smartphone,-8,pressure,1464757777000000000,1464757778000000000,Barometer Sensor,1007.3855,1464757777877510104
0,crowdsignals.algosnap.com,1.0(1),352622063881655,smartphone,-8,pressure,1464757778000000000,1464757779000000000,Barometer Sensor,1007.386,1464757778232620365
0,crowdsignals.algosnap.com,1.0(1),352622063881655,smartphone,-8,pressure,1464757778000000000,1464757779000000000,Barometer Sensor,1007.42554,1464757778410570469
0,crowdsignals.algosnap.com,1.0(1),352622063881655,smartphone,-8,pressure,1464757778000000000,1464757779000000000,Barometer Sensor,1007.4365,1464757778588547552
0,crowdsignals.algosnap.com,1.0(1),352622063881655,smartphone,-8,pressure,1464757778000000000,1464757779000000000,Barometer Sensor,1007.6279,1464757778767455885
0,crowdsignals.algosnap.com,1.0(1),352622063881655,smartphone,-8,pressure,1464757778000000000,1464757779000000000,Barometer Sensor,1007.5188,1464757778945133958
0,crowdsignals.algosnap.com,1.0(1),352622063881655,smartphone,-8,pressure,1464757779000000000,1464757780000000000,Barometer Sensor,1007.42065,1464757779300664427
0,crowdsignals.algosnap.com,1.0(1),352622063881655,smartphone,-8,pressure,1464757779000000000,1464757780000000000,Barometer Sensor,1007.4336,1464757779478696041
0,crowdsignals.algosnap.com,1.0(1),352622063881655,smartphone,-8,pressure,1464757779000000000,1464757780000000000,Barometer Sensor,1007.38916,1464757779656029063
0,crowdsignals.algosnap.com,1.0(1),352622063881655,smartphone,-8,pressure,1464757779000000000,1464757780000000000,Barometer Sensor,1007.5979,1464757779834058542
0,crowdsignals.algosnap.com,1.0(1),352622063881655,smartphone,-8,pressure,1464757780000000000,1464757781000000000,Barometer Sensor,1007.40967,1464757780190211822
0,crowdsignals.algosnap.com,1.0(1),352622063881655,smartphone,-8,pressure,1464757780000000000,1464757781000000000,Barometer Sensor,1007.4038,1464757780368276355
0,crowdsignals.algosnap.com,1.0(1),352622063881655,smartphone,-8,pressure,1464757780000000000,1464757781000000000,Barometer Sensor,1007.4116,1464757780546034531
0,crowdsignals.algosnap.com,1.0(1),352622063881655,smartphone,-8,pressure,1464757780000000000,1464757781000000000,Barometer Sensor,1007.6145,1464757780724432136
0,crowdsignals.algosnap.com,1.0(1),352622063881655,smartphone,-8,pressure,1464757780000000000,1464757781000000000,Barometer Sensor,1007.5486,1464757780901749688
0,crowdsignals.algosnap.com,1.0(1),352622063881655,smartphone,-8,pressure,1464757781000000000,1464757782000000000,Barometer Sensor,1007.6492,1464757781079482083
0,crowdsignals.algosnap.com,1.0(1),352622063881655,smartphone,-8,pressure,1464757781000000000,1464757782000000000,Barometer Sensor,1007.5862,1464757781257614636
0,crowdsignals.algosnap.com,1.0(1),352622063881655,smartphone,-8,pressure,1464757781000000000,1464757782000000000,Barometer Sensor,1007.42017,1464757781436057032
0,crowdsignals.algosnap.com,1.0(1),352622063881655,smartphone,-8,pressure,1464757781000000000,1464757782000000000,Barometer Sensor,1007.4309,1464757781613670260
0,crowdsignals.algosnap.com,1.0(1),352622063881655,smartphone,-8,pressure,1464757781000000000,1464757782000000000,Barometer Sensor,1007.417,1464757781791281458
0,crowdsignals.algosnap.com,1.0(1),352622063881655,smartphone,-8,pressure,1464757781000000000,1464757782000000000,Barometer Sensor,1007.6382,1464757781969722239
0,crowdsignals.algosnap.com,1.0(1),352622063881655,smartphone,-8,pressure,1464757782000000000,1464757783000000000,Barometer Sensor,1007.55225,1464757782324960156
0,crowdsignals.algosnap.com,1.0(1),352622063881655,smartphone,-8,pressure,1464757782000000000,1464757783000000000,Barometer Sensor,1007.29956,1464757782503140678
0,crowdsignals.algosnap.com,1.0(1),352622063881655,smartphone,-8,pressure,1464757782000000000,1464757783000000000,Barometer Sensor,1007.3762,1464757782680645417
0,crowdsignals.algosnap.com,1.0(1),352622063881655,smartphone,-8,pressure,1464757782000000000,1464757783000000000,Barometer Sensor,1007.437,1464757782858690885
0,crowdsignals.algosnap.com,1.0(1),352622063881655,smartphone,-8,pressure,1464757783000000000,1464757784000000000,Barometer Sensor,1007.41626,1464757783215193437
0,crowdsignals.algosnap.com,1.0(1),352622063881655,smartphone,-8,pressure,1464757783000000000,1464757784000000000,Barometer Sensor,1007.4458,1464757783392575261
0,crowdsignals.algosnap.com,1.0(1),352622063881655,smartphone,-8,pressure,1464757783000000000,1464757784000000000,Barometer Sensor,1007.4087,1464757783570373594
0,crowdsignals.algosnap.com,1.0(1),352622063881655,smartphone,-8,pressure,1464757783000000000,1464757784000000000,Barometer Sensor,1007.6074,1464757783748641406
0,crowdsignals.algosnap.com,1.0(1),352622063881655,smartphone,-8,pressure,1464757783000000000,1464757784000000000,Barometer Sensor,1007.6345,1464757783926201042
0,crowdsignals.algosnap.com,1.0(1),352622063881655,smartphone,-8,pressure,1464757784000000000,1464757785000000000,Barometer Sensor,1007.6135,1464757784282057812
0,crowdsignals.algosnap.com,1.0(1),352622063881655,smartphone,-8,pressure,1464757784000000000,1464757785000000000,Barometer Sensor,1007.3762,1464757784460272134
0,crowdsignals.algosnap.com,1.0(1),352622063881655,smartphone,-8,pressure,1464757784000000000,1464757785000000000,Barometer Sensor,1007.36426,1464757784638516354
0,crowdsignals.algosnap.com,1.0(1),352622063881655,smartphone,-8,pressure,1464757784000000000,1464757785000000000,Barometer Sensor,1007.3833,1464757784815930886
0,crowdsignals.algosnap.com,1.0(1),352622063881655,smartphone,-8,pressure,1464757784000000000,1464757785000000000,Barometer Sensor,1007.6008,1464757784994334115
0,crowdsignals.algosnap.com,1.0(1),352622063881655,smartphone,-8,pressure,1464757785000000000,1464757786000000000,Barometer Sensor,1007.345,1464757785349857655
0,crowdsignals.algosnap.com,1.0(1),352622063881655,smartphone,-8,pressure,1464757785000000000,1464757786000000000,Barometer Sensor,1007.3706,1464757785528144376
0,crowdsignals.algosnap.com,1.0(1),352622063881655,smartphone,-8,pressure,1464757785000000000,1464757786000000000,Barometer Sensor,1007.38306,1464757785705970677
0,crowdsignals.algosnap.com,1.0(1),352622063881655,smartphone,-8,pressure,1464757785000000000,1464757786000000000,Barometer Sensor,1007.5293,1464757785883960730
0,crowdsignals.algosnap.com,1.0(1),352622063881655,smartphone,-8,pressure,1464757786000000000,1464757787000000000,Barometer Sensor,1007.4243,1464757786238997864
0,crowdsignals.algosnap.com,1.0(1),352622063881655,smartphone,-8,pressure,1464757786000000000,1464757787000000000,Barometer Sensor,1007.5857,1464757786417410834
0,crowdsignals.algosnap.com,1.0(1),352622063881655,smartphone,-8,pressure,1464757786000000000,1464757787000000000,Barometer Sensor,1007.56616,1464757786595365417
0,crowdsignals.algosnap.com,1.0(1),352622063881655,smartphone,-8,pressure,1464757786000000000,1464757787000000000,Barometer Sensor,1007.6516,1464757786773412396
0,crowdsignals.algosnap.com,1.0(1),352622063881655,smartphone,-8,pressure,1464757786000000000,1464757787000000000,Barometer Sensor,1007.55884,1464757786951003021
0,crowdsignals.algosnap.com,1.0(1),352622063881655,smartphone,-8,pressure,1464757787000000000,1464757788000000000,Barometer Sensor,1007.37915,1464757787307198229
0,crowdsignals.algosnap.com,1.0(1),352622063881655,smartphone,-8,pressure,1464757787000000000,1464757788000000000,Barometer Sensor,1007.60425,1464757787484822448
0,crowdsignals.algosnap.com,1.0(1),352622063881655,smartphone,-8,pressure,1464757787000000000,1464757788000000000,Barometer Sensor,1007.39404,1464757787662902292
0,crowdsignals.algosnap.com,1.0(1),352622063881655,smartphone,-8,pressure,1464757787000000000,1464757788000000000,Barometer Sensor,1007.6133,1464757787840874844
0,crowdsignals.algosnap.com,1.0(1),352622063881655,smartphone,-8,pressure,1464757788000000000,1464757789000000000,Barometer Sensor,1007.5679,1464757788196341875
0,crowdsignals.algosnap.com,1.0(1),352622063881655,smartphone,-8,pressure,1464757788000000000,1464757789000000000,Barometer Sensor,1007.5613,1464757788374882083
0,crowdsignals.algosnap.com,1.0(1),352622063881655,smartphone,-8,pressure,1464757788000000000,1464757789000000000,Barometer Sensor,1007.4175,1464757788552202344
0,crowdsignals.algosnap.com,1.0(1),352622063881655,smartphone,-8,pressure,1464757788000000000,1464757789000000000,Barometer Sensor,1007.44116,1464757788730457813
0,crowdsignals.algosnap.com,1.0(1),352622063881655,smartphone,-8,pressure,1464757788000000000,1464757789000000000,Barometer Sensor,1007.6221,1464757788908365521
0,crowdsignals.algosnap.com,1.0(1),352622063881655,smartphone,-8,pressure,1464757789000000000,1464757790000000000,Barometer Sensor,1007.4021,1464757789264393593
0,crowdsignals.algosnap.com,1.0(1),352622063881655,smartphone,-8,pressure,1464757789000000000,1464757790000000000,Barometer Sensor,1007.5193,1464757789440724687
0,crowdsignals.algosnap.com,1.0(1),352622063881655,smartphone,-8,pressure,1464757789000000000,1464757790000000000,Barometer Sensor,1007.3926,1464757789620065208
0,crowdsignals.algosnap.com,1.0(1),352622063881655,smartphone,-8,pressure,1464757789000000000,1464757790000000000,Barometer Sensor,1007.57764,1464757789798168230
0,crowdsignals.algosnap.com,1.0(1),352622063881655,smartphone,-8,pressure,1464757789000000000,1464757790000000000,Barometer Sensor,1007.56616,1464757789975528073
0,crowdsignals.algosnap.com,1.0(1),352622063881655,smartphone,-8,pressure,1464757790000000000,1464757791000000000,Barometer Sensor,1007.3694,1464757790331080834
0,crowdsignals.algosnap.com,1.0(1),352622063881655,smartphone,-8,pressure,1464757790000000000,1464757791000000000,Barometer Sensor,1007.41284,1464757790509454271
0,crowdsignals.algosnap.com,1.0(1),352622063881655,smartphone,-8,pressure,1464757790000000000,1464757791000000000,Barometer Sensor,1007.43286,1464757790687805989
0,crowdsignals.algosnap.com,1.0(1),352622063881655,smartphone,-8,pressure,1464757790000000000,1464757791000000000,Barometer Sensor,1007.56836,1464757790865370782
0,crowdsignals.algosnap.com,1.0(1),352622063881655,smartphone,-8,pressure,1464757791000000000,1464757792000000000,Barometer Sensor,1007.6636,1464757791043361094
0,crowdsignals.algosnap.com,1.0(1),352622063881655,smartphone,-8,pressure,1464757791000000000,1464757792000000000,Barometer Sensor,1007.41675,1464757791221262864
0,crowdsignals.algosnap.com,1.0(1),352622063881655,smartphone,-8,pressure,1464757791000000000,1464757792000000000,Barometer Sensor,1007.5615,1464757791398783698
0,crowdsignals.algosnap.com,1.0(1),352622063881655,smartphone,-8,pressure,1464757791000000000,1464757792000000000,Barometer Sensor,1007.44165,1464757791577601041
0,crowdsignals.algosnap.com,1.0(1),352622063881655,smartphone,-8,pressure,1464757791000000000,1464757792000000000,Barometer Sensor,1007.41504,1464757791755445469
0,crowdsignals.algosnap.com,1.0(1),352622063881655,smartphone,-8,pressure,1464757791000000000,1464757792000000000,Barometer Sensor,1007.37573,1464757791933384219
0,crowdsignals.algosnap.com,1.0(1),352622063881655,smartphone,-8,pressure,1464757792000000000,1464757793000000000,Barometer Sensor,1007.3938,1464757792289374635
0,crowdsignals.algosnap.com,1.0(1),352622063881655,smartphone,-8,pressure,1464757792000000000,1464757793000000000,Barometer Sensor,1007.4011,1464757792466491146
0,crowdsignals.algosnap.com,1.0(1),352622063881655,smartphone,-8,pressure,1464757792000000000,1464757793000000000,Barometer Sensor,1007.6301,1464757792644386041
0,crowdsignals.algosnap.com,1.0(1),352622063881655,smartphone,-8,pressure,1464757792000000000,1464757793000000000,Barometer Sensor,1007.6011,1464757792822483959
0,crowdsignals.algosnap.com,1.0(1),352622063881655,smartphone,-8,pressure,1464757792000000000,1464757793000000000,Barometer Sensor,1007.62476,1464757792999955104
0,crowdsignals.algosnap.com,1.0(1),352622063881655,smartphone,-8,pressure,1464757793000000000,1464757794000000000,Barometer Sensor,1007.3628,1464757793356043281
0,crowdsignals.algosnap.com,1.0(1),352622063881655,smartphone,-8,pressure,1464757793000000000,1464757794000000000,Barometer Sensor,1007.41284,1464757793534422865
0,crowdsignals.algosnap.com,1.0(1),352622063881655,smartphone,-8,pressure,1464757793000000000,1464757794000000000,Barometer Sensor,1007.6201,1464757793711840625
0,crowdsignals.algosnap.com,1.0(1),352622063881655,smartphone,-8,pressure,1464757793000000000,1464757794000000000,Barometer Sensor,1007.3882,1464757793890030728
0,crowdsignals.algosnap.com,1.0(1),352622063881655,smartphone,-8,pressure,1464757794000000000,1464757795000000000,Barometer Sensor,1007.58203,1464757794245675521
0,crowdsignals.algosnap.com,1.0(1),352622063881655,smartphone,-8,pressure,1464757794000000000,1464757795000000000,Barometer Sensor,1007.354,1464757794423810573
0,crowdsignals.algosnap.com,1.0(1),352622063881655,smartphone,-8,pressure,1464757794000000000,1464757795000000000,Barometer Sensor,1007.37256,1464757794601366927
0,crowdsignals.algosnap.com,1.0(1),352622063881655,smartphone,-8,pressure,1464757794000000000,1464757795000000000,Barometer Sensor,1007.5237,1464757794779393853
0,crowdsignals.algosnap.com,1.0(1),352622063881655,smartphone,-8,pressure,1464757794000000000,1464757795000000000,Barometer Sensor,1007.5488,1464757794957236562
0,crowdsignals.algosnap.com,1.0(1),352622063881655,smartphone,-8,pressure,1464757795000000000,1464757796000000000,Barometer Sensor,1007.4258,1464757795313514948
0,crowdsignals.algosnap.com,1.0(1),352622063881655,smartphone,-8,pressure,1464757795000000000,1464757796000000000,Barometer Sensor,1007.4402,1464757795490960156
0,crowdsignals.algosnap.com,1.0(1),352622063881655,smartphone,-8,pressure,1464757795000000000,1464757796000000000,Barometer Sensor,1007.6384,1464757795669622812
0,crowdsignals.algosnap.com,1.0(1),352622063881655,smartphone,-8,pressure,1464757795000000000,1464757796000000000,Barometer Sensor,1007.63403,1464757795847743907
0,crowdsignals.algosnap.com,1.0(1),352622063881655,smartphone,-8,pressure,1464757796000000000,1464757797000000000,Barometer Sensor,1007.40186,1464757796202823958
0,crowdsignals.algosnap.com,1.0(1),352622063881655,smartphone,-8,pressure,1464757796000000000,1464757797000000000,Barometer Sensor,1007.5923,1464757796381005313
0,crowdsignals.algosnap.com,1.0(1),352622063881655,smartphone,-8,pressure,1464757796000000000,1464757797000000000,Barometer Sensor,1007.38477,1464757796559041927
0,crowdsignals.algosnap.com,1.0(1),352622063881655,smartphone,-8,pressure,1464757796000000000,1464757797000000000,Barometer Sensor,1007.5947,1464757796737280209
0,crowdsignals.algosnap.com,1.0(1),352622063881655,smartphone,-8,pressure,1464757796000000000,1464757797000000000,Barometer Sensor,1007.6289,1464757796914891094
0,crowdsignals.algosnap.com,1.0(1),352622063881655,smartphone,-8,pressure,1464757797000000000,1464757798000000000,Barometer Sensor,1007.43115,1464757797270943751
0,crowdsignals.algosnap.com,1.0(1),352622063881655,smartphone,-8,pressure,1464757797000000000,1464757798000000000,Barometer Sensor,1007.489,1464757797447959375
0,crowdsignals.algosnap.com,1.0(1),352622063881655,smartphone,-8,pressure,1464757797000000000,1464757798000000000,Barometer Sensor,1007.38354,1464757797626437396
0,crowdsignals.algosnap.com,1.0(1),352622063881655,smartphone,-8,pressure,1464757797000000000,1464757798000000000,Barometer Sensor,1007.62085,1464757797804093646
0,crowdsignals.algosnap.com,1.0(1),352622063881655,smartphone,-8,pressure,1464757797000000000,1464757798000000000,Barometer Sensor,1007.58276,1464757797981935937
0,crowdsignals.algosnap.com,1.0(1),352622063881655,smartphone,-8,pressure,1464757798000000000,1464757799000000000,Barometer Sensor,1007.407,1464757798337895834
0,crowdsignals.algosnap.com,1.0(1),352622063881655,smartphone,-8,pressure,1464757798000000000,1464757799000000000,Barometer Sensor,1007.42847,1464757798516095417
0,crowdsignals.algosnap.com,1.0(1),352622063881655,smartphone,-8,pressure,1464757798000000000,1464757799000000000,Barometer Sensor,1007.40845,1464757798693865365
0,crowdsignals.algosnap.com,1.0(1),352622063881655,smartphone,-8,pressure,1464757798000000000,1464757799000000000,Barometer Sensor,1007.41626,1464757798871152656
0,crowdsignals.algosnap.com,1.0(1),352622063881655,smartphone,-8,pressure,1464757799000000000,1464757800000000000,Barometer Sensor,1007.43896,1464757799227207865
0,crowdsignals.algosnap.com,1.0(1),352622063881655,smartphone,-8,pressure,1464757799000000000,1464757800000000000,Barometer Sensor,1007.43774,1464757799404948646
0,crowdsignals.algosnap.com,1.0(1),352622063881655,smartphone,-8,pressure,1464757799000000000,1464757800000000000,Barometer Sensor,1007.3977,1464757799583275000
0,crowdsignals.algosnap.com,1.0(1),352622063881655,smartphone,-8,pressure,1464757799000000000,1464757800000000000,Barometer Sensor,1007.4258,1464757799761234271
0,crowdsignals.algosnap.com,1.0(1),352622063881655,smartphone,-8,pressure,1464757799000000000,1464757800000000000,Barometer Sensor,1007.4177,1464757799939377968
0,crowdsignals.algosnap.com,1.0(1),352622063881655,smartphone,-8,pressure,1464757800000000000,1464757801000000000,Barometer Sensor,1007.3767,1464757800294690677
0,crowdsignals.algosnap.com,1.0(1),352622063881655,smartphone,-8,pressure,1464757800000000000,1464757801000000000,Barometer Sensor,1007.60425,1464757800473229635
0,crowdsignals.algosnap.com,1.0(1),352622063881655,smartphone,-8,pressure,1464757800000000000,1464757801000000000,Barometer Sensor,1007.4087,1464757800651639324
0,crowdsignals.algosnap.com,1.0(1),352622063881655,smartphone,-8,pressure,1464757800000000000,1464757801000000000,Barometer Sensor,1007.6345,1464757800828521041
0,crowdsignals.algosnap.com,1.0(1),352622063881655,smartphone,-8,pressure,1464757801000000000,1464757802000000000,Barometer Sensor,1007.6113,1464757801006522552
0,crowdsignals.algosnap.com,1.0(1),352622063881655,smartphone,-8,pressure,1464757801000000000,1464757802000000000,Barometer Sensor,1007.6201,1464757801185087188
0,crowdsignals.algosnap.com,1.0(1),352622063881655,smartphone,-8,pressure,1464757801000000000,1464757802000000000,Barometer Sensor,1007.4104,1464757801362656927
0,crowdsignals.algosnap.com,1.0(1),352622063881655,smartphone,-8,pressure,1464757801000000000,1464757802000000000,Barometer Sensor,1007.65845,1464757801540642344
0,crowdsignals.algosnap.com,1.0(1),352622063881655,smartphone,-8,pressure,1464757801000000000,1464757802000000000,Barometer Sensor,1007.37915,1464757801718170729
0,crowdsignals.algosnap.com,1.0(1),352622063881655,smartphone,-8,pressure,1464757801000000000,1464757802000000000,Barometer Sensor,1007.6748,1464757801896572657
0,crowdsignals.algosnap.com,1.0(1),352622063881655,smartphone,-8,pressure,1464757802000000000,1464757803000000000,Barometer Sensor,1007.4094,1464757802251770313
0,crowdsignals.algosnap.com,1.0(1),352622063881655,smartphone,-8,pressure,1464757802000000000,1464757803000000000,Barometer Sensor,1007.42676,1464757802430212031
0,crowdsignals.algosnap.com,1.0(1),352622063881655,smartphone,-8,pressure,1464757802000000000,1464757803000000000,Barometer Sensor,1007.39966,1464757802608207240
0,crowdsignals.algosnap.com,1.0(1),352622063881655,smartphone,-8,pressure,1464757802000000000,1464757803000000000,Barometer Sensor,1007.36694,1464757802786880156
0,crowdsignals.algosnap.com,1.0(1),352622063881655,smartphone,-8,pressure,1464757802000000000,1464757803000000000,Barometer Sensor,1007.61035,1464757802963683802
0,crowdsignals.algosnap.com,1.0(1),352622063881655,smartphone,-8,pressure,1464757803000000000,1464757804000000000,Barometer Sensor,1007.43677,1464757803320261874
0,crowdsignals.algosnap.com,1.0(1),352622063881655,smartphone,-8,pressure,1464757803000000000,1464757804000000000,Barometer Sensor,1007.5608,1464757803497568646
0,crowdsignals.algosnap.com,1.0(1),352622063881655,smartphone,-8,pressure,1464757803000000000,1464757804000000000,Barometer Sensor,1007.51807,1464757803676109584
0,crowdsignals.algosnap.com,1.0(1),352622063881655,smartphone,-8,pressure,1464757803000000000,1464757804000000000,Barometer Sensor,1007.5803,1464757803855242709
0,crowdsignals.algosnap.com,1.0(1),352622063881655,smartphone,-8,pressure,1464757804000000000,1464757805000000000,Barometer Sensor,1007.4131,1464757804209273853
0,crowdsignals.algosnap.com,1.0(1),352622063881655,smartphone,-8,pressure,1464757804000000000,1464757805000000000,Barometer Sensor,1007.427,1464757804387270260
0,crowdsignals.algosnap.com,1.0(1),352622063881655,smartphone,-8,pressure,1464757804000000000,1464757805000000000,Barometer Sensor,1007.66675,1464757804565736562
0,crowdsignals.algosnap.com,1.0(1),352622063881655,smartphone,-8,pressure,1464757804000000000,1464757805000000000,Barometer Sensor,1007.58984,1464757804743679480
0,crowdsignals.algosnap.com,1.0(1),352622063881655,smartphone,-8,pressure,1464757804000000000,1464757805000000000,Barometer Sensor,1007.57715,1464757804921155261
0,crowdsignals.algosnap.com,1.0(1),352622063881655,smartphone,-8,pressure,1464757805000000000,1464757806000000000,Barometer Sensor,1007.4612,1464757805277080625
0,crowdsignals.algosnap.com,1.0(1),352622063881655,smartphone,-8,pressure,1464757805000000000,1464757806000000000,Barometer Sensor,1007.395,1464757805455155417
0,crowdsignals.algosnap.com,1.0(1),352622063881655,smartphone,-8,pressure,1464757805000000000,1464757806000000000,Barometer Sensor,1007.6074,1464757805632726511
0,crowdsignals.algosnap.com,1.0(1),352622063881655,smartphone,-8,pressure,1464757805000000000,1464757806000000000,Barometer Sensor,1007.6272,1464757805810161770
0,crowdsignals.algosnap.com,1.0(1),352622063881655,smartphone,-8,pressure,1464757805000000000,1464757806000000000,Barometer Sensor,1007.57886,1464757805988398386
0,crowdsignals.algosnap.com,1.0(1),352622063881655,smartphone,-8,pressure,1464757806000000000,1464757807000000000,Barometer Sensor,1007.3938,1464757806344348230
0,crowdsignals.algosnap.com,1.0(1),352622063881655,smartphone,-8,pressure,1464757806000000000,1464757807000000000,Barometer Sensor,1007.44116,1464757806522037344
0,crowdsignals.algosnap.com,1.0(1),352622063881655,smartphone,-8,pressure,1464757806000000000,1464757807000000000,Barometer Sensor,1007.5925,1464757806700652552
0,crowdsignals.algosnap.com,1.0(1),352622063881655,smartphone,-8,pressure,1464757806000000000,1464757807000000000,Barometer Sensor,1007.6123,1464757806878482031
0,crowdsignals.algosnap.com,1.0(1),352622063881655,smartphone,-8,pressure,1464757807000000000,1464757808000000000,Barometer Sensor,1007.4353,1464757807233696719
0,crowdsignals.algosnap.com,1.0(1),352622063881655,smartphone,-8,pressure,1464757807000000000,1464757808000000000,Barometer Sensor,1007.61743,1464757807411687083
0,crowdsignals.algosnap.com,1.0(1),352622063881655,smartphone,-8,pressure,1464757807000000000,1464757808000000000,Barometer Sensor,1007.4214,1464757807590031978
0,crowdsignals.algosnap.com,1.0(1),352622063881655,smartphone,-8,pressure,1464757807000000000,1464757808000000000,Barometer Sensor,1007.62646,1464757807767788645
0,crowdsignals.algosnap.com,1.0(1),352622063881655,smartphone,-8,pressure,1464757807000000000,1464757808000000000,Barometer Sensor,1007.6155,1464757807945670157
0,crowdsignals.algosnap.com,1.0(1),352622063881655,smartphone,-8,pressure,1464757808000000000,1464757809000000000,Barometer Sensor,1007.4219,1464757808301039843
0,crowdsignals.algosnap.com,1.0(1),352622063881655,smartphone,-8,pressure,1464757808000000000,1464757809000000000,Barometer Sensor,1007.62256,1464757808479687759
0,crowdsignals.algosnap.com,1.0(1),352622063881655,smartphone,-8,pressure,1464757808000000000,1464757809000000000,Barometer Sensor,1007.4004,1464757808657383176
0,crowdsignals.algosnap.com,1.0(1),352622063881655,smartphone,-8,pressure,1464757808000000000,1464757809000000000,Barometer Sensor,1007.62036,1464757808835724844
0,crowdsignals.algosnap.com,1.0(1),352622063881655,smartphone,-8,pressure,1464757809000000000,1464757810000000000,Barometer Sensor,1007.6116,1464757809191152136
0,crowdsignals.algosnap.com,1.0(1),352622063881655,smartphone,-8,pressure,1464757809000000000,1464757810000000000,Barometer Sensor,1007.31104,1464757809369113229
0,crowdsignals.algosnap.com,1.0(1),352622063881655,smartphone,-8,pressure,1464757809000000000,1464757810000000000,Barometer Sensor,1007.3679,1464757809546621407
0,crowdsignals.algosnap.com,1.0(1),352622063881655,smartphone,-8,pressure,1464757809000000000,1464757810000000000,Barometer Sensor,1007.4197,1464757809724960678
0,crowdsignals.algosnap.com,1.0(1),352622063881655,smartphone,-8,pressure,1464757809000000000,1464757810000000000,Barometer Sensor,1007.6289,1464757809903562187
0,crowdsignals.algosnap.com,1.0(1),352622063881655,smartphone,-8,pressure,1464757810000000000,1464757811000000000,Barometer Sensor,1007.605,1464757810258860416
0,crowdsignals.algosnap.com,1.0(1),352622063881655,smartphone,-8,pressure,1464757810000000000,1464757811000000000,Barometer Sensor,1007.57446,1464757810435971146
0,crowdsignals.algosnap.com,1.0(1),352622063881655,smartphone,-8,pressure,1464757810000000000,1464757811000000000,Barometer Sensor,1007.44214,1464757810614283229
0,crowdsignals.algosnap.com,1.0(1),352622063881655,smartphone,-8,pressure,1464757810000000000,1464757811000000000,Barometer Sensor,1007.6113,1464757810792865209
0,crowdsignals.algosnap.com,1.0(1),352622063881655,smartphone,-8,pressure,1464757810000000000,1464757811000000000,Barometer Sensor,1007.64307,1464757810970709323
0,crowdsignals.algosnap.com,1.0(1),352622063881655,smartphone,-8,pressure,1464757811000000000,1464757812000000000,Barometer Sensor,1007.66187,1464757811148186770
0,crowdsignals.algosnap.com,1.0(1),352622063881655,smartphone,-8,pressure,1464757811000000000,1464757812000000000,Barometer Sensor,1007.3662,1464757811325822916
0,crowdsignals.algosnap.com,1.0(1),352622063881655,smartphone,-8,pressure,1464757811000000000,1464757812000000000,Barometer Sensor,1007.39307,1464757811504040834
0,crowdsignals.algosnap.com,1.0(1),352622063881655,smartphone,-8,pressure,1464757811000000000,1464757812000000000,Barometer Sensor,1007.4324,1464757811681856771
0,crowdsignals.algosnap.com,1.0(1),352622063881655,smartphone,-8,pressure,1464757811000000000,1464757812000000000,Barometer Sensor,1007.5686,1464757811860273333
0,crowdsignals.algosnap.com,1.0(1),352622063881655,smartphone,-8,pressure,1464757812000000000,1464757813000000000,Barometer Sensor,1007.56104,1464757812216213802
0,crowdsignals.algosnap.com,1.0(1),352622063881655,smartphone,-8,pressure,1464757812000000000,1464757813000000000,Barometer Sensor,1007.52856,1464757812393236407
0,crowdsignals.algosnap.com,1.0(1),352622063881655,smartphone,-8,pressure,1464757812000000000,1464757813000000000,Barometer Sensor,1007.6262,1464757812571462344
0,crowdsignals.algosnap.com,1.0(1),352622063881655,smartphone,-8,pressure,1464757812000000000,1464757813000000000,Barometer Sensor,1007.55786,1464757812749410885
0,crowdsignals.algosnap.com,1.0(1),352622063881655,smartphone,-8,pressure,1464757812000000000,1464757813000000000,Barometer Sensor,1007.4165,1464757812927891302
0,crowdsignals.algosnap.com,1.0(1),352622063881655,smartphone,-8,pressure,1464757813000000000,1464757814000000000,Barometer Sensor,1007.5874,1464757813283267865
0,crowdsignals.algosnap.com,1.0(1),352622063881655,smartphone,-8,pressure,1464757813000000000,1464757814000000000,Barometer Sensor,1007.4309,1464757813461953959
0,crowdsignals.algosnap.com,1.0(1),352622063881655,smartphone,-8,pressure,1464757813000000000,1464757814000000000,Barometer Sensor,1007.3989,1464757813639671093
0,crowdsignals.algosnap.com,1.0(1),352622063881655,smartphone,-8,pressure,1464757813000000000,1464757814000000000,Barometer Sensor,1007.5974,1464757813816981927
0,crowdsignals.algosnap.com,1.0(1),352622063881655,smartphone,-8,pressure,1464757813000000000,1464757814000000000,Barometer Sensor,1007.6167,1464757813995131667
0,crowdsignals.algosnap.com,1.0(1),352622063881655,smartphone,-8,pressure,1464757814000000000,1464757815000000000,Barometer Sensor,1007.4861,1464757814350977552
0,crowdsignals.algosnap.com,1.0(1),352622063881655,smartphone,-8,pressure,1464757814000000000,1464757815000000000,Barometer Sensor,1007.4514,1464757814528921354
0,crowdsignals.algosnap.com,1.0(1),352622063881655,smartphone,-8,pressure,1464757814000000000,1464757815000000000,Barometer Sensor,1007.54614,1464757814707140937
0,crowdsignals.algosnap.com,1.0(1),352622063881655,smartphone,-8,pressure,1464757814000000000,1464757815000000000,Barometer Sensor,1007.58496,1464757814884629271
0,crowdsignals.algosnap.com,1.0(1),352622063881655,smartphone,-8,pressure,1464757815000000000,1464757816000000000,Barometer Sensor,1007.4448,1464757815240842813
0,crowdsignals.algosnap.com,1.0(1),352622063881655,smartphone,-8,pressure,1464757815000000000,1464757816000000000,Barometer Sensor,1007.58496,1464757815418101094
0,crowdsignals.algosnap.com,1.0(1),352622063881655,smartphone,-8,pressure,1464757815000000000,1464757816000000000,Barometer Sensor,1007.43823,1464757815596783281
0,crowdsignals.algosnap.com,1.0(1),352622063881655,smartphone,-8,pressure,1464757815000000000,1464757816000000000,Barometer Sensor,1007.405,1464757815773969219
0,crowdsignals.algosnap.com,1.0(1),352622063881655,smartphone,-8,pressure,1464757815000000000,1464757816000000000,Barometer Sensor,1007.4158,1464757815952344740
0,crowdsignals.algosnap.com,1.0(1),352622063881655,smartphone,-8,pressure,1464757816000000000,1464757817000000000,Barometer Sensor,1007.35693,1464757816307741301
0,crowdsignals.algosnap.com,1.0(1),352622063881655,smartphone,-8,pressure,1464757816000000000,1464757817000000000,Barometer Sensor,1007.3806,1464757816486501510
0,crowdsignals.algosnap.com,1.0(1),352622063881655,smartphone,-8,pressure,1464757816000000000,1464757817000000000,Barometer Sensor,1007.43677,1464757816663642032
0,crowdsignals.algosnap.com,1.0(1),352622063881655,smartphone,-8,pressure,1464757816000000000,1464757817000000000,Barometer Sensor,1007.63745,1464757816841530625
0,crowdsignals.algosnap.com,1.0(1),352622063881655,smartphone,-8,pressure,1464757817000000000,1464757818000000000,Barometer Sensor,1007.375,1464757817197830416
0,crowdsignals.algosnap.com,1.0(1),352622063881655,smartphone,-8,pressure,1464757817000000000,1464757818000000000,Barometer Sensor,1007.41724,1464757817375295938
0,crowdsignals.algosnap.com,1.0(1),352622063881655,smartphone,-8,pressure,1464757817000000000,1464757818000000000,Barometer Sensor,1007.41113,1464757817553139844
0,crowdsignals.algosnap.com,1.0(1),352622063881655,smartphone,-8,pressure,1464757817000000000,1464757818000000000,Barometer Sensor,1007.5405,1464757817731157136
0,crowdsignals.algosnap.com,1.0(1),352622063881655,smartphone,-8,pressure,1464757817000000000,1464757818000000000,Barometer Sensor,1007.35693,1464757817909558542
0,crowdsignals.algosnap.com,1.0(1),352622063881655,smartphone,-8,pressure,1464757818000000000,1464757819000000000,Barometer Sensor,1007.39136,1464757818265156824
0,crowdsignals.algosnap.com,1.0(1),352622063881655,smartphone,-8,pressure,1464757818000000000,1464757819000000000,Barometer Sensor,1007.5796,1464757818443824740
0,crowdsignals.algosnap.com,1.0(1),352622063881655,smartphone,-8,pressure,1464757818000000000,1464757819000000000,Barometer Sensor,1007.3484,1464757818620805521
0,crowdsignals.algosnap.com,1.0(1),352622063881655,smartphone,-8,pressure,1464757818000000000,1464757819000000000,Barometer Sensor,1007.51733,1464757818799451146
0,crowdsignals.algosnap.com,1.0(1),352622063881655,smartphone,-8,pressure,1464757818000000000,1464757819000000000,Barometer Sensor,1007.59155,1464757818976710782
0,crowdsignals.algosnap.com,1.0(1),352622063881655,smartphone,-8,pressure,1464757819000000000,1464757820000000000,Barometer Sensor,1007.5823,1464757819333314636
0,crowdsignals.algosnap.com,1.0(1),352622063881655,smartphone,-8,pressure,1464757819000000000,1464757820000000000,Barometer Sensor,1007.5342,1464757819510984167
0,crowdsignals.algosnap.com,1.0(1),352622063881655,smartphone,-8,pressure,1464757819000000000,1464757820000000000,Barometer Sensor,1007.3684,1464757819688768229
0,crowdsignals.algosnap.com,1.0(1),352622063881655,smartphone,-8,pressure,1464757819000000000,1464757820000000000,Barometer Sensor,1007.62524,1464757819866245521
0,crowdsignals.algosnap.com,1.0(1),352622063881655,smartphone,-8,pressure,1464757820000000000,1464757821000000000,Barometer Sensor,1007.6731,1464757820222397865
0,crowdsignals.algosnap.com,1.0(1),352622063881655,smartphone,-8,pressure,1464757820000000000,1464757821000000000,Barometer Sensor,1007.4236,1464757820398675260
0,crowdsignals.algosnap.com,1.0(1),352622063881655,smartphone,-8,pressure,1464757820000000000,1464757821000000000,Barometer Sensor,1007.4138,1464757820578142917
0,crowdsignals.algosnap.com,1.0(1),352622063881655,smartphone,-8,pressure,1464757820000000000,1464757821000000000,Barometer Sensor,1007.5625,1464757820756338126
0,crowdsignals.algosnap.com,1.0(1),352622063881655,smartphone,-8,pressure,1464757820000000000,1464757821000000000,Barometer Sensor,1007.6062,1464757820934745312
0,crowdsignals.algosnap.com,1.0(1),352622063881655,smartphone,-8,pressure,1464757821000000000,1464757822000000000,Barometer Sensor,1007.58936,1464757821112201303
0,crowdsignals.algosnap.com,1.0(1),352622063881655,smartphone,-8,pressure,1464757821000000000,1464757822000000000,Barometer Sensor,1007.40796,1464757821290328489
0,crowdsignals.algosnap.com,1.0(1),352622063881655,smartphone,-8,pressure,1464757821000000000,1464757822000000000,Barometer Sensor,1007.6316,1464757821467732032
0,crowdsignals.algosnap.com,1.0(1),352622063881655,smartphone,-8,pressure,1464757821000000000,1464757822000000000,Barometer Sensor,1007.6284,1464757821646334584
0,crowdsignals.algosnap.com,1.0(1),352622063881655,smartphone,-8,pressure,1464757821000000000,1464757822000000000,Barometer Sensor,1007.4109,1464757821824038333
0,crowdsignals.algosnap.com,1.0(1),352622063881655,smartphone,-8,pressure,1464757822000000000,1464757823000000000,Barometer Sensor,1007.6145,1464757822180101301
0,crowdsignals.algosnap.com,1.0(1),352622063881655,smartphone,-8,pressure,1464757822000000000,1464757823000000000,Barometer Sensor,1007.38574,1464757822357128228
0,crowdsignals.algosnap.com,1.0(1),352622063881655,smartphone,-8,pressure,1464757822000000000,1464757823000000000,Barometer Sensor,1007.57104,1464757822535121094
0,crowdsignals.algosnap.com,1.0(1),352622063881655,smartphone,-8,pressure,1464757822000000000,1464757823000000000,Barometer Sensor,1007.63257,1464757822713109063
0,crowdsignals.algosnap.com,1.0(1),352622063881655,smartphone,-8,pressure,1464757822000000000,1464757823000000000,Barometer Sensor,1007.5747,1464757822891276250
0,crowdsignals.algosnap.com,1.0(1),352622063881655,smartphone,-8,pressure,1464757823000000000,1464757824000000000,Barometer Sensor,1007.3838,1464757823246841980
0,crowdsignals.algosnap.com,1.0(1),352622063881655,smartphone,-8,pressure,1464757823000000000,1464757824000000000,Barometer Sensor,1007.41284,1464757823424951094
0,crowdsignals.algosnap.com,1.0(1),352622063881655,smartphone,-8,pressure,1464757823000000000,1464757824000000000,Barometer Sensor,1007.58545,1464757823603230834
0,crowdsignals.algosnap.com,1.0(1),352622063881655,smartphone,-8,pressure,1464757823000000000,1464757824000000000,Barometer Sensor,1007.47363,1464757823780455781
0,crowdsignals.algosnap.com,1.0(1),352622063881655,smartphone,-8,pressure,1464757823000000000,1464757824000000000,Barometer Sensor,1007.28955,1464757823958486563
0,crowdsignals.algosnap.com,1.0(1),352622063881655,smartphone,-8,pressure,1464757824000000000,1464757825000000000,Barometer Sensor,1007.36035,1464757824314851615
0,crowdsignals.algosnap.com,1.0(1),352622063881655,smartphone,-8,pressure,1464757824000000000,1464757825000000000,Barometer Sensor,1007.4026,1464757824492524687
0,crowdsignals.algosnap.com,1.0(1),352622063881655,smartphone,-8,pressure,1464757824000000000,1464757825000000000,Barometer Sensor,1007.6001,1464757824669664374
0,crowdsignals.algosnap.com,1.0(1),352622063881655,smartphone,-8,pressure,1464757824000000000,1464757825000000000,Barometer Sensor,1007.63135,1464757824847791354
0,crowdsignals.algosnap.com,1.0(1),352622063881655,smartphone,-8,pressure,1464757825000000000,1464757826000000000,Barometer Sensor,1007.4055,1464757825203811303
0,crowdsignals.algosnap.com,1.0(1),352622063881655,smartphone,-8,pressure,1464757825000000000,1464757826000000000,Barometer Sensor,1007.39526,1464757825381967969
0,crowdsignals.algosnap.com,1.0(1),352622063881655,smartphone,-8,pressure,1464757825000000000,1464757826000000000,Barometer Sensor,1007.37427,1464757825560366510
0,crowdsignals.algosnap.com,1.0(1),352622063881655,smartphone,-8,pressure,1464757825000000000,1464757826000000000,Barometer Sensor,1007.62695,1464757825738347865
0,crowdsignals.algosnap.com,1.0(1),352622063881655,smartphone,-8,pressure,1464757825000000000,1464757826000000000,Barometer Sensor,1007.4116,1464757825915844792
0,crowdsignals.algosnap.com,1.0(1),352622063881655,smartphone,-8,pressure,1464757826000000000,1464757827000000000,Barometer Sensor,1007.43726,1464757826271411146
0,crowdsignals.algosnap.com,1.0(1),352622063881655,smartphone,-8,pressure,1464757826000000000,1464757827000000000,Barometer Sensor,1007.3613,1464757826449736145
0,crowdsignals.algosnap.com,1.0(1),352622063881655,smartphone,-8,pressure,1464757826000000000,1464757827000000000,Barometer Sensor,1007.6118,1464757826626893541
0,crowdsignals.algosnap.com,1.0(1),352622063881655,smartphone,-8,pressure,1464757826000000000,1464757827000000000,Barometer Sensor,1007.427,1464757826805488542
0,crowdsignals.algosnap.com,1.0(1),352622063881655,smartphone,-8,pressure,1464757826000000000,1464757827000000000,Barometer Sensor,1007.53345,1464757826983683386
0,crowdsignals.algosnap.com,1.0(1),352622063881655,smartphone,-8,pressure,1464757827000000000,1464757828000000000,Barometer Sensor,1007.572,1464757827338848386
0,crowdsignals.algosnap.com,1.0(1),352622063881655,smartphone,-8,pressure,1464757827000000000,1464757828000000000,Barometer Sensor,1007.3779,1464757827517176042
0,crowdsignals.algosnap.com,1.0(1),352622063881655,smartphone,-8,pressure,1464757827000000000,1464757828000000000,Barometer Sensor,1007.6194,1464757827694838698
0,crowdsignals.algosnap.com,1.0(1),352622063881655,smartphone,-8,pressure,1464757827000000000,1464757828000000000,Barometer Sensor,1007.64746,1464757827872887656
0,crowdsignals.algosnap.com,1.0(1),352622063881655,smartphone,-8,pressure,1464757828000000000,1464757829000000000,Barometer Sensor,1007.6443,1464757828228098958
0,crowdsignals.algosnap.com,1.0(1),352622063881655,smartphone,-8,pressure,1464757828000000000,1464757829000000000,Barometer Sensor,1007.50684,1464757828406306615
0,crowdsignals.algosnap.com,1.0(1),352622063881655,smartphone,-8,pressure,1464757828000000000,1464757829000000000,Barometer Sensor,1007.4094,1464757828585245365
0,crowdsignals.algosnap.com,1.0(1),352622063881655,smartphone,-8,pressure,1464757828000000000,1464757829000000000,Barometer Sensor,1007.5696,1464757828762514636
0,crowdsignals.algosnap.com,1.0(1),352622063881655,smartphone,-8,pressure,1464757828000000000,1464757829000000000,Barometer Sensor,1007.34937,1464757828940984480
0,crowdsignals.algosnap.com,1.0(1),352622063881655,smartphone,-8,pressure,1464757829000000000,1464757830000000000,Barometer Sensor,1007.51074,1464757829296512031
0,crowdsignals.algosnap.com,1.0(1),352622063881655,smartphone,-8,pressure,1464757829000000000,1464757830000000000,Barometer Sensor,1007.4282,1464757829473678750
0,crowdsignals.algosnap.com,1.0(1),352622063881655,smartphone,-8,pressure,1464757829000000000,1464757830000000000,Barometer Sensor,1007.41064,1464757829651688334
0,crowdsignals.algosnap.com,1.0(1),352622063881655,smartphone,-8,pressure,1464757829000000000,1464757830000000000,Barometer Sensor,1007.6277,1464757829830254739
0,crowdsignals.algosnap.com,1.0(1),352622063881655,smartphone,-8,pressure,1464757830000000000,1464757831000000000,Barometer Sensor,1007.6616,1464757830186384427
0,crowdsignals.algosnap.com,1.0(1),352622063881655,smartphone,-8,pressure,1464757830000000000,1464757831000000000,Barometer Sensor,1007.5034,1464757830363401302
0,crowdsignals.algosnap.com,1.0(1),352622063881655,smartphone,-8,pressure,1464757830000000000,1464757831000000000,Barometer Sensor,1007.60205,1464757830541338282
0,crowdsignals.algosnap.com,1.0(1),352622063881655,smartphone,-8,pressure,1464757830000000000,1464757831000000000,Barometer Sensor,1007.6116,1464757830719787135
0,crowdsignals.algosnap.com,1.0(1),352622063881655,smartphone,-8,pressure,1464757830000000000,1464757831000000000,Barometer Sensor,1007.57886,1464757830897021354
0,crowdsignals.algosnap.com,1.0(1),352622063881655,smartphone,-8,pressure,1464757831000000000,1464757832000000000,Barometer Sensor,1007.4126,1464757831075616719
0,crowdsignals.algosnap.com,1.0(1),352622063881655,smartphone,-8,pressure,1464757831000000000,1464757832000000000,Barometer Sensor,1007.3596,1464757831253870469
0,crowdsignals.algosnap.com,1.0(1),352622063881655,smartphone,-8,pressure,1464757831000000000,1464757832000000000,Barometer Sensor,1007.35596,1464757831431437760
0,crowdsignals.algosnap.com,1.0(1),352622063881655,smartphone,-8,pressure,1464757831000000000,1464757832000000000,Barometer Sensor,1007.60693,1464757831609021406
0,crowdsignals.algosnap.com,1.0(1),352622063881655,smartphone,-8,pressure,1464757831000000000,1464757832000000000,Barometer Sensor,1007.46313,1464757831786909948
0,crowdsignals.algosnap.com,1.0(1),352622063881655,smartphone,-8,pressure,1464757831000000000,1464757832000000000,Barometer Sensor,1007.4136,1464757831965346667
