user_id,sw_name,sw_version,device_id,device_type,timezone,type,start,end,lux,timestamps
0,crowdsignals.algosnap.com,1.0(1),352622063881655,smartphone,-8,msBandAmbientLight,1464757732000000000,1464757733000000000,2,1464757732379000000
0,crowdsignals.algosnap.com,1.0(1),352622063881655,smartphone,-8,msBandAmbientLight,1464757732000000000,1464757733000000000,2,1464757732894000000
0,crowdsignals.algosnap.com,1.0(1),352622063881655,smartphone,-8,msBandAmbientLight,1464757733000000000,1464757734000000000,3,1464757733384000000
0,crowdsignals.algosnap.com,1.0(1),352622063881655,smartphone,-8,msBandAmbientLight,1464757733000000000,1464757734000000000,3,1464757733883000000
0,crowdsignals.algosnap.com,1.0(1),352622063881655,smartphone,-8,msBandAmbientLight,1464757734000000000,1464757735000000000,2,1464757734400000000
0,crowdsignals.algosnap.com,1.0(1),352622063881655,smartphone,-8,msBandAmbientLight,1464757734000000000,1464757735000000000,2,1464757734883000000
0,crowdsignals.algosnap.com,1.0(1),352622063881655,smartphone,-8,msBandAmbientLight,1464757735000000000,1464757736000000000,3,1464757735385000000
0,crowdsignals.algosnap.com,1.0(1),352622063881655,smartphone,-8,msBandAmbientLight,1464757735000000000,1464757736000000000,0,1464757735897000000
0,crowdsignals.algosnap.com,1.0(1),352622063881655,smartphone,-8,msBandAmbientLight,1464757736000000000,1464757737000000000,7,1464757736403000000
0,crowdsignals.algosnap.com,1.0(1),352622063881655,smartphone,-8,msBandAmbientLight,1464757736000000000,1464757737000000000,2,1464757736903000000
0,crowdsignals.algosnap.com,1.0(1),352622063881655,smartphone,-8,msBandAmbientLight,1464757737000000000,1464757738000000000,0,1464757737426000000
0,crowdsignals.algosnap.com,1.0(1),352622063881655,smartphone,-8,msBandAmbientLight,1464757737000000000,1464757738000000000,0,1464757737884000000
0,crowdsignals.algosnap.com,1.0(1),352622063881655,smartphone,-8,msBandAmbientLight,1464757738000000000,1464757739000000000,0,1464757738391000000
0,crowdsignals.algosnap.com,1.0(1),352622063881655,smartphone,-8,msBandAmbientLight,1464757738000000000,1464757739000000000,0,1464757738890000000
0,crowdsignals.algosnap.com,1.0(1),352622063881655,smartphone,-8,msBandAmbientLight,1464757739000000000,1464757740000000000,0,1464757739375000000
0,crowdsignals.algosnap.com,1.0(1),352622063881655,smartphone,-8,msBandAmbientLight,1464757739000000000,1464757740000000000,1,1464757739893000000
0,crowdsignals.algosnap.com,1.0(1),352622063881655,smartphone,-8,msBandAmbientLight,1464757740000000000,1464757741000000000,1,1464757740403000000
0,crowdsignals.algosnap.com,1.0(1),352622063881655,smartphone,-8,msBandAmbientLight,1464757740000000000,1464757741000000000,1,1464757740877000000
0,crowdsignals.algosnap.com,1.0(1),352622063881655,smartphone,-8,msBandAmbientLight,1464757741000000000,1464757742000000000,0,1464757741412000000
0,crowdsignals.algosnap.com,1.0(1),352622063881655,smartphone,-8,msBandAmbientLight,1464757741000000000,1464757742000000000,1,1464757741877000000
0,crowdsignals.algosnap.com,1.0(1),352622063881655,smartphone,-8,msBandAmbientLight,1464757742000000000,1464757743000000000,1,1464757742409000000
0,crowdsignals.algosnap.com,1.0(1),352622063881655,smartphone,-8,msBandAmbientLight,1464757742000000000,1464757743000000000,1,1464757742884000000
0,crowdsignals.algosnap.com,1.0(1),352622063881655,smartphone,-8,msBandAmbientLight,1464757743000000000,1464757744000000000,1,1464757743385000000
0,crowdsignals.algosnap.com,1.0(1),352622063881655,smartphone,-8,msBandAmbientLight,1464757743000000000,1464757744000000000,1,1464757743883000000
0,crowdsignals.algosnap.com,1.0(1),352622063881655,smartphone,-8,msBandAmbientLight,1464757744000000000,1464757745000000000,10,1464757744374000000
0,crowdsignals.algosnap.com,1.0(1),352622063881655,smartphone,-8,msBandAmbientLight,1464757744000000000,1464757745000000000,1,1464757744901000000
0,crowdsignals.algosnap.com,1.0(1),352622063881655,smartphone,-8,msBandAmbientLight,1464757745000000000,1464757746000000000,5,1464757745407000000
0,crowdsignals.algosnap.com,1.0(1),352622063881655,smartphone,-8,msBandAmbientLight,1464757745000000000,1464757746000000000,4,1464757745878000000
0,crowdsignals.algosnap.com,1.0(1),352622063881655,smartphone,-8,msBandAmbientLight,1464757746000000000,1464757747000000000,1,1464757746406000000
0,crowdsignals.algosnap.com,1.0(1),352622063881655,smartphone,-8,msBandAmbientLight,1464757746000000000,1464757747000000000,6,1464757746881000000
0,crowdsignals.algosnap.com,1.0(1),352622063881655,smartphone,-8,msBandAmbientLight,1464757747000000000,1464757748000000000,0,1464757747387000000
0,crowdsignals.algosnap.com,1.0(1),352622063881655,smartphone,-8,msBandAmbientLight,1464757747000000000,1464757748000000000,0,1464757747885000000
0,crowdsignals.algosnap.com,1.0(1),352622063881655,smartphone,-8,msBandAmbientLight,1464757748000000000,1464757749000000000,0,1464757748390000000
0,crowdsignals.algosnap.com,1.0(1),352622063881655,smartphone,-8,msBandAmbientLight,1464757748000000000,1464757749000000000,0,1464757748894000000
0,crowdsignals.algosnap.com,1.0(1),352622063881655,smartphone,-8,msBandAmbientLight,1464757749000000000,1464757750000000000,1,1464757749389000000
0,crowdsignals.algosnap.com,1.0(1),352622063881655,smartphone,-8,msBandAmbientLight,1464757749000000000,1464757750000000000,3,1464757749881000000
0,crowdsignals.algosnap.com,1.0(1),352622063881655,smartphone,-8,msBandAmbientLight,1464757750000000000,1464757751000000000,1,1464757750380000000
0,crowdsignals.algosnap.com,1.0(1),352622063881655,smartphone,-8,msBandAmbientLight,1464757750000000000,1464757751000000000,8,1464757750897000000
0,crowdsignals.algosnap.com,1.0(1),352622063881655,smartphone,-8,msBandAmbientLight,1464757751000000000,1464757752000000000,13,1464757751409000000
0,crowdsignals.algosnap.com,1.0(1),352622063881655,smartphone,-8,msBandAmbientLight,1464757751000000000,1464757752000000000,10,1464757751879000000
0,crowdsignals.algosnap.com,1.0(1),352622063881655,smartphone,-8,msBandAmbientLight,1464757752000000000,1464757753000000000,10,1464757752394000000
0,crowdsignals.algosnap.com,1.0(1),352622063881655,smartphone,-8,msBandAmbientLight,1464757752000000000,1464757753000000000,9,1464757752876000000
