user_id,sw_name,sw_version,device_id,device_type,timezone,type,start,end,totalSteps,timestamps
0,crowdsignals.algosnap.com,1.0(1),352622063881655,smartphone,-8,msBandPedometer,1464757756000000000,1464757757000000000,49174,1464757756036000000
0,crowdsignals.algosnap.com,1.0(1),352622063881655,smartphone,-8,msBandPedometer,1464757757000000000,1464757758000000000,49174,1464757757043000000
0,crowdsignals.algosnap.com,1.0(1),352622063881655,smartphone,-8,msBandPedometer,1464757758000000000,1464757759000000000,49174,1464757758056000000
0,crowdsignals.algosnap.com,1.0(1),352622063881655,smartphone,-8,msBandPedometer,1464757759000000000,1464757760000000000,49174,1464757759047000000
0,crowdsignals.algosnap.com,1.0(1),352622063881655,smartphone,-8,msBandPedometer,1464757760000000000,1464757761000000000,49174,1464757760070000000
0,crowdsignals.algosnap.com,1.0(1),352622063881655,smartphone,-8,msBandPedometer,1464757761000000000,1464757762000000000,49174,1464757761078000000
0,crowdsignals.algosnap.com,1.0(1),352622063881655,smartphone,-8,msBandPedometer,1464757762000000000,1464757763000000000,49174,1464757762082000000
0,crowdsignals.algosnap.com,1.0(1),352622063881655,smartphone,-8,msBandPedometer,1464757763000000000,1464757764000000000,49174,1464757763072000000
0,crowdsignals.algosnap.com,1.0(1),352622063881655,smartphone,-8,msBandPedometer,1464757764000000000,1464757765000000000,49174,1464757764099000000
0,crowdsignals.algosnap.com,1.0(1),352622063881655,smartphone,-8,msBandPedometer,1464757765000000000,1464757766000000000,49174,1464757765107000000
0,crowdsignals.algosnap.com,1.0(1),352622063881655,smartphone,-8,msBandPedometer,1464757766000000000,1464757767000000000,49174,1464757766112000000
0,crowdsignals.algosnap.com,1.0(1),352622063881655,smartphone,-8,msBandPedometer,1464757767000000000,1464757768000000000,49174,1464757767129000000
0,crowdsignals.algosnap.com,1.0(1),352622063881655,smartphone,-8,msBandPedometer,1464757768000000000,1464757769000000000,49174,1464757768136000000
0,crowdsignals.algosnap.com,1.0(1),352622063881655,smartphone,-8,msBandPedometer,1464757769000000000,1464757770000000000,49174,1464757769137000000
0,crowdsignals.algosnap.com,1.0(1),352622063881655,smartphone,-8,msBandPedometer,1464757770000000000,1464757771000000000,49174,1464757770144000000
0,crowdsignals.algosnap.com,1.0(1),352622063881655,smartphone,-8,msBandPedometer,1464757771000000000,1464757772000000000,49174,1464757771160000000
0,crowdsignals.algosnap.com,1.0(1),352622063881655,smartphone,-8,msBandPedometer,1464757772000000000,1464757773000000000,49174,1464757772174000000
0,crowdsignals.algosnap.com,1.0(1),352622063881655,smartphone,-8,msBandPedometer,1464757773000000000,1464757774000000000,49174,1464757773187000000
0,crowdsignals.algosnap.com,1.0(1),352622063881655,smartphone,-8,msBandPedometer,1464757774000000000,1464757775000000000,49174,1464757774174000000
0,crowdsignals.algosnap.com,1.0(1),352622063881655,smartphone,-8,msBandPedometer,1464757775000000000,1464757776000000000,49174,1464757775192000000
0,crowdsignals.algosnap.com,1.0(1),352622063881655,smartphone,-8,msBandPedometer,1464757776000000000,1464757777000000000,49174,1464757776192000000
0,crowdsignals.algosnap.com,1.0(1),352622063881655,smartphone,-8,msBandPedometer,1464757777000000000,1464757778000000000,49174,1464757777197000000
0,crowdsignals.algosnap.com,1.0(1),352622063881655,smartphone,-8,msBandPedometer,1464757778000000000,1464757779000000000,49174,1464757778204000000
0,crowdsignals.algosnap.com,1.0(1),352622063881655,smartphone,-8,msBandPedometer,1464757779000000000,1464757780000000000,49174,1464757779212000000
0,crowdsignals.algosnap.com,1.0(1),352622063881655,smartphone,-8,msBandPedometer,1464757780000000000,1464757781000000000,49174,1464757780217000000
0,crowdsignals.algosnap.com,1.0(1),352622063881655,smartphone,-8,msBandPedometer,1464757781000000000,1464757782000000000,49174,1464757781229000000
0,crowdsignals.algosnap.com,1.0(1),352622063881655,smartphone,-8,msBandPedometer,1464757782000000000,1464757783000000000,49174,1464757782247000000
0,crowdsignals.algosnap.com,1.0(1),352622063881655,smartphone,-8,msBandPedometer,1464757783000000000,1464757784000000000,49174,1464757783246000000
0,crowdsignals.algosnap.com,1.0(1),352622063881655,smartphone,-8,msBandPedometer,1464757784000000000,1464757785000000000,49174,1464757784261000000
0,crowdsignals.algosnap.com,1.0(1),352622063881655,smartphone,-8,msBandPedometer,1464757785000000000,1464757786000000000,49174,1464757785261000000
0,crowdsignals.algosnap.com,1.0(1),352622063881655,smartphone,-8,msBandPedometer,1464757786000000000,1464757787000000000,49174,1464757786267000000
0,crowdsignals.algosnap.com,1.0(1),352622063881655,smartphone,-8,msBandPedometer,1464757787000000000,1464757788000000000,49174,1464757787286000000
0,crowdsignals.algosnap.com,1.0(1),352622063881655,smartphone,-8,msBandPedometer,1464757788000000000,1464757789000000000,49174,1464757788280000000
0,crowdsignals.algosnap.com,1.0(1),352622063881655,smartphone,-8,msBandPedometer,1464757789000000000,1464757790000000000,49174,1464757789305000000
0,crowdsignals.algosnap.com,1.0(1),352622063881655,smartphone,-8,msBandPedometer,1464757790000000000,1464757791000000000,49174,1464757790297000000
0,crowdsignals.algosnap.com,1.0(1),352622063881655,smartphone,-8,msBandPedometer,1464757791000000000,1464757792000000000,49174,1464757791319000000
0,crowdsignals.algosnap.com,1.0(1),352622063881655,smartphone,-8,msBandPedometer,1464757792000000000,1464757793000000000,49174,1464757792312000000
0,crowdsignals.algosnap.com,1.0(1),352622063881655,smartphone,-8,msBandPedometer,1464757793000000000,1464757794000000000,49174,1464757793322000000
0,crowdsignals.algosnap.com,1.0(1),352622063881655,smartphone,-8,msBandPedometer,1464757794000000000,1464757795000000000,49174,1464757794344000000
0,crowdsignals.algosnap.com,1.0(1),352622063881655,smartphone,-8,msBandPedometer,1464757795000000000,1464757796000000000,49174,1464757795340000000
0,crowdsignals.algosnap.com,1.0(1),352622063881655,smartphone,-8,msBandPedometer,1464757796000000000,1464757797000000000,49174,1464757796344000000
0,crowdsignals.algosnap.com,1.0(1),352622063881655,smartphone,-8,msBandPedometer,1464757797000000000,1464757798000000000,49174,1464757797354000000
0,crowdsignals.algosnap.com,1.0(1),352622063881655,smartphone,-8,msBandPedometer,1464757798000000000,1464757799000000000,49174,1464757798386000000
0,crowdsignals.algosnap.com,1.0(1),352622063881655,smartphone,-8,msBandPedometer,1464757799000000000,1464757800000000000,49174,1464757799366000000
0,crowdsignals.algosnap.com,1.0(1),352622063881655,smartphone,-8,msBandPedometer,1464757800000000000,1464757801000000000,49174,1464757800396000000
0,crowdsignals.algosnap.com,1.0(1),352622063881655,smartphone,-8,msBandPedometer,1464757801000000000,1464757802000000000,49174,1464757801398000000
0,crowdsignals.algosnap.com,1.0(1),352622063881655,smartphone,-8,msBandPedometer,1464757802000000000,1464757803000000000,49174,1464757802386000000
0,crowdsignals.algosnap.com,1.0(1),352622063881655,smartphone,-8,msBandPedometer,1464757803000000000,1464757804000000000,49174,1464757803415000000
0,crowdsignals.algosnap.com,1.0(1),352622063881655,smartphone,-8,msBandPedometer,1464757804000000000,1464757805000000000,49174,1464757804426000000
0,crowdsignals.algosnap.com,1.0(1),352622063881655,smartphone,-8,msBandPedometer,1464757805000000000,1464757806000000000,49174,1464757805422000000
0,crowdsignals.algosnap.com,1.0(1),352622063881655,smartphone,-8,msBandPedometer,1464757806000000000,1464757807000000000,49174,1464757806424000000
0,crowdsignals.algosnap.com,1.0(1),352622063881655,smartphone,-8,msBandPedometer,1464757807000000000,1464757808000000000,49174,1464757807439000000
0,crowdsignals.algosnap.com,1.0(1),352622063881655,smartphone,-8,msBandPedometer,1464757808000000000,1464757809000000000,49174,1464757808464000000
0,crowdsignals.algosnap.com,1.0(1),352622063881655,smartphone,-8,msBandPedometer,1464757809000000000,1464757810000000000,49174,1464757809453000000
0,crowdsignals.algosnap.com,1.0(1),352622063881655,smartphone,-8,msBandPedometer,1464757810000000000,1464757811000000000,49174,1464757810460000000
0,crowdsignals.algosnap.com,1.0(1),352622063881655,smartphone,-8,msBandPedometer,1464757811000000000,1464757812000000000,49174,1464757811489000000
0,crowdsignals.algosnap.com,1.0(1),352622063881655,smartphone,-8,msBandPedometer,1464757812000000000,1464757813000000000,49174,1464757812466000000
0,crowdsignals.algosnap.com,1.0(1),352622063881655,smartphone,-8,msBandPedometer,1464757813000000000,1464757814000000000,49174,1464757813474000000
0,crowdsignals.algosnap.com,1.0(1),352622063881655,smartphone,-8,msBandPedometer,1464757814000000000,1464757815000000000,49174,1464757814506000000
0,crowdsignals.algosnap.com,1.0(1),352622063881655,smartphone,-8,msBandPedometer,1464757815000000000,1464757816000000000,49174,1464757815499000000
0,crowdsignals.algosnap.com,1.0(1),352622063881655,smartphone,-8,msBandPedometer,1464757816000000000,1464757817000000000,49174,1464757816509000000
0,crowdsignals.algosnap.com,1.0(1),352622063881655,smartphone,-8,msBandPedometer,1464757817000000000,1464757818000000000,49174,1464757817519000000
0,crowdsignals.algosnap.com,1.0(1),352622063881655,smartphone,-8,msBandPedometer,1464757818000000000,1464757819000000000,49174,1464757818519000000
0,crowdsignals.algosnap.com,1.0(1),352622063881655,smartphone,-8,msBandPedometer,1464757819000000000,1464757820000000000,49174,1464757819526000000
0,crowdsignals.algosnap.com,1.0(1),352622063881655,smartphone,-8,msBandPedometer,1464757820000000000,1464757821000000000,49174,1464757820527000000
0,crowdsignals.algosnap.com,1.0(1),352622063881655,smartphone,-8,msBandPedometer,1464757821000000000,1464757822000000000,49174,1464757821559000000
0,crowdsignals.algosnap.com,1.0(1),352622063881655,smartphone,-8,msBandPedometer,1464757822000000000,1464757823000000000,49174,1464757822559000000
0,crowdsignals.algosnap.com,1.0(1),352622063881655,smartphone,-8,msBandPedometer,1464757823000000000,1464757824000000000,49174,1464757823574000000
0,crowdsignals.algosnap.com,1.0(1),352622063881655,smartphone,-8,msBandPedometer,1464757824000000000,1464757825000000000,49174,1464757824573000000
0,crowdsignals.algosnap.com,1.0(1),352622063881655,smartphone,-8,msBandPedometer,1464757825000000000,1464757826000000000,49174,1464757825577000000
0,crowdsignals.algosnap.com,1.0(1),352622063881655,smartphone,-8,msBandPedometer,1464757826000000000,1464757827000000000,49174,1464757826596000000
0,crowdsignals.algosnap.com,1.0(1),352622063881655,smartphone,-8,msBandPedometer,1464757827000000000,1464757828000000000,49174,1464757827605000000
0,crowdsignals.algosnap.com,1.0(1),352622063881655,smartphone,-8,msBandPedometer,1464757828000000000,1464757829000000000,49174,1464757828598000000
0,crowdsignals.algosnap.com,1.0(1),352622063881655,smartphone,-8,msBandPedometer,1464757829000000000,1464757830000000000,49174,1464757829620000000
0,crowdsignals.algosnap.com,1.0(1),352622063881655,smartphone,-8,msBandPedometer,1464757830000000000,1464757831000000000,49174,1464757830636000000
0,crowdsignals.algosnap.com,1.0(1),352622063881655,smartphone,-8,msBandPedometer,1464757831000000000,1464757832000000000,49174,1464757831633000000
