user_id,sw_name,sw_version,device_id,device_type,timezone,type,start,end,calories,timestamps
0,crowdsignals.algosnap.com,1.0(1),352622063881655,smartphone,-8,msBandCalories,1464757732000000000,1464757733000000000,43985,1464757732615000000
0,crowdsignals.algosnap.com,1.0(1),352622063881655,smartphone,-8,msBandCalories,1464757733000000000,1464757734000000000,43985,1464757733627000000
0,crowdsignals.algosnap.com,1.0(1),352622063881655,smartphone,-8,msBandCalories,1464757734000000000,1464757735000000000,43985,1464757734670000000
0,crowdsignals.algosnap.com,1.0(1),352622063881655,smartphone,-8,msBandCalories,1464757735000000000,1464757736000000000,43985,1464757735667000000
0,crowdsignals.algosnap.com,1.0(1),352622063881655,smartphone,-8,msBandCalories,1464757736000000000,1464757737000000000,43985,1464757736690000000
0,crowdsignals.algosnap.com,1.0(1),352622063881655,smartphone,-8,msBandCalories,1464757737000000000,1464757738000000000,43985,1464757737743000000
0,crowdsignals.algosnap.com,1.0(1),352622063881655,smartphone,-8,msBandCalories,1464757738000000000,1464757739000000000,43985,1464757738741000000
0,crowdsignals.algosnap.com,1.0(1),352622063881655,smartphone,-8,msBandCalories,1464757739000000000,1464757740000000000,43985,1464757739773000000
0,crowdsignals.algosnap.com,1.0(1),352622063881655,smartphone,-8,msBandCalories,1464757740000000000,1464757741000000000,43985,1464757740813000000
0,crowdsignals.algosnap.com,1.0(1),352622063881655,smartphone,-8,msBandCalories,1464757741000000000,1464757742000000000,43985,1464757741813000000
0,crowdsignals.algosnap.com,1.0(1),352622063881655,smartphone,-8,msBandCalories,1464757742000000000,1464757743000000000,43985,1464757742852000000
0,crowdsignals.algosnap.com,1.0(1),352622063881655,smartphone,-8,msBandCalories,1464757743000000000,1464757744000000000,43985,1464757743872000000
0,crowdsignals.algosnap.com,1.0(1),352622063881655,smartphone,-8,msBandCalories,1464757744000000000,1464757745000000000,43985,1464757744898000000
0,crowdsignals.algosnap.com,1.0(1),352622063881655,smartphone,-8,msBandCalories,1464757745000000000,1464757746000000000,43985,1464757745907000000
0,crowdsignals.algosnap.com,1.0(1),352622063881655,smartphone,-8,msBandCalories,1464757746000000000,1464757747000000000,43985,1464757746957000000
0,crowdsignals.algosnap.com,1.0(1),352622063881655,smartphone,-8,msBandCalories,1464757747000000000,1464757748000000000,43985,1464757747950000000
0,crowdsignals.algosnap.com,1.0(1),352622063881655,smartphone,-8,msBandCalories,1464757749000000000,1464757750000000000,43985,1464757749010000000
0,crowdsignals.algosnap.com,1.0(1),352622063881655,smartphone,-8,msBandCalories,1464757750000000000,1464757751000000000,43985,1464757750027000000
0,crowdsignals.algosnap.com,1.0(1),352622063881655,smartphone,-8,msBandCalories,1464757751000000000,1464757752000000000,43985,1464757751048000000
0,crowdsignals.algosnap.com,1.0(1),352622063881655,smartphone,-8,msBandCalories,1464757752000000000,1464757753000000000,43986,1464757752051000000
0,crowdsignals.algosnap.com,1.0(1),352622063881655,smartphone,-8,msBandCalories,1464757753000000000,1464757754000000000,43986,1464757753081000000
0,crowdsignals.algosnap.com,1.0(1),352622063881655,smartphone,-8,msBandCalories,1464757754000000000,1464757755000000000,43986,1464757754127000000
0,crowdsignals.algosnap.com,1.0(1),352622063881655,smartphone,-8,msBandCalories,1464757755000000000,1464757756000000000,43986,1464757755136000000
