user_id,sw_name,sw_version,device_id,device_type,timezone,type,start,end,resistance,timestamps
0,crowdsignals.algosnap.com,1.0(1),352622063881655,smartphone,-8,msBandGsr,1464757769000000000,1464757770000000000,94,1464757769943000000
0,crowdsignals.algosnap.com,1.0(1),352622063881655,smartphone,-8,msBandGsr,1464757774000000000,1464757775000000000,100,1464757774911000000
0,crowdsignals.algosnap.com,1.0(1),352622063881655,smartphone,-8,msBandGsr,1464757779000000000,1464757780000000000,101,1464757779917000000
0,crowdsignals.algosnap.com,1.0(1),352622063881655,smartphone,-8,msBandGsr,1464757784000000000,1464757785000000000,104,1464757784887000000
0,crowdsignals.algosnap.com,1.0(1),352622063881655,smartphone,-8,msBandGsr,1464757789000000000,1464757790000000000,102,1464757789850000000
0,crowdsignals.algosnap.com,1.0(1),352622063881655,smartphone,-8,msBandGsr,1464757794000000000,1464757795000000000,108,1464757794850000000
0,crowdsignals.algosnap.com,1.0(1),352622063881655,smartphone,-8,msBandGsr,1464757799000000000,1464757800000000000,107,1464757799817000000
0,crowdsignals.algosnap.com,1.0(1),352622063881655,smartphone,-8,msBandGsr,1464757804000000000,1464757805000000000,104,1464757804800000000
0,crowdsignals.algosnap.com,1.0(1),352622063881655,smartphone,-8,msBandGsr,1464757809000000000,1464757810000000000,109,1464757809785000000
0,crowdsignals.algosnap.com,1.0(1),352622063881655,smartphone,-8,msBandGsr,1464757814000000000,1464757815000000000,110,1464757814762000000
0,crowdsignals.algosnap.com,1.0(1),352622063881655,smartphone,-8,msBandGsr,1464757819000000000,1464757820000000000,111,1464757819732000000
0,crowdsignals.algosnap.com,1.0(1),352622063881655,smartphone,-8,msBandGsr,1464757824000000000,1464757825000000000,108,1464757824730000000
0,crowdsignals.algosnap.com,1.0(1),352622063881655,smartphone,-8,msBandGsr,1464757829000000000,1464757830000000000,104,1464757829710000000
