user_id,sw_name,sw_version,device_id,device_type,timezone,type,start,end,sensor_name,lux,timestamps
0,crowdsignals.algosnap.com,1.0(1),352622063881655,smartphone,-8,light,1464757731000000000,1464757732000000000,TMG399X RGB Sensor,8.0,1464757731973973854
0,crowdsignals.algosnap.com,1.0(1),352622063881655,smartphone,-8,light,1464757732000000000,1464757733000000000,TMG399X RGB Sensor,8.0,1464757732330796146
0,crowdsignals.algosnap.com,1.0(1),352622063881655,smartphone,-8,light,1464757732000000000,1464757733000000000,TMG399X RGB Sensor,3.0,1464757732510001614
0,crowdsignals.algosnap.com,1.0(1),352622063881655,smartphone,-8,light,1464757732000000000,1464757733000000000,TMG399X RGB Sensor,8.0,1464757732687652188
0,crowdsignals.algosnap.com,1.0(1),352622063881655,smartphone,-8,light,1464757732000000000,1464757733000000000,TMG399X RGB Sensor,8.0,1464757732864438229
0,crowdsignals.algosnap.com,1.0(1),352622063881655,smartphone,-8,light,1464757733000000000,1464757734000000000,TMG399X RGB Sensor,8.0,1464757733222028177
0,crowdsignals.algosnap.com,1.0(1),352622063881655,smartphone,-8,light,1464757733000000000,1464757734000000000,TMG399X RGB Sensor,8.0,1464757733398336562
0,crowdsignals.algosnap.com,1.0(1),352622063881655,smartphone,-8,light,1464757733000000000,1464757734000000000,TMG399X RGB Sensor,8.0,1464757733576274115
0,crowdsignals.algosnap.com,1.0(1),352622063881655,smartphone,-8,light,1464757733000000000,1464757734000000000,TMG399X RGB Sensor,8.0,1464757733755438490
0,crowdsignals.algosnap.com,1.0(1),352622063881655,smartphone,-8,light,1464757733000000000,1464757734000000000,TMG399X RGB Sensor,8.0,1464757733932930885
0,crowdsignals.algosnap.com,1.0(1),352622063881655,smartphone,-8,light,1464757734000000000,1464757735000000000,TMG399X RGB Sensor,8.0,1464757734289255729
0,crowdsignals.algosnap.com,1.0(1),352622063881655,smartphone,-8,light,1464757734000000000,1464757735000000000,TMG399X RGB Sensor,8.0,1464757734464564011
0,crowdsignals.algosnap.com,1.0(1),352622063881655,smartphone,-8,light,1464757734000000000,1464757735000000000,TMG399X RGB Sensor,8.0,1464757734643238750
0,crowdsignals.algosnap.com,1.0(1),352622063881655,smartphone,-8,light,1464757734000000000,1464757735000000000,TMG399X RGB Sensor,3.0,1464757734823175208
0,crowdsignals.algosnap.com,1.0(1),352622063881655,smartphone,-8,light,1464757734000000000,1464757735000000000,TMG399X RGB Sensor,3.0,1464757734999552604
0,crowdsignals.algosnap.com,1.0(1),352622063881655,smartphone,-8,light,1464757735000000000,1464757736000000000,TMG399X RGB Sensor,8.0,1464757735354855938
0,crowdsignals.algosnap.com,1.0(1),352622063881655,smartphone,-8,light,1464757735000000000,1464757736000000000,TMG399X RGB Sensor,3.0,1464757735534054583
0,crowdsignals.algosnap.com,1.0(1),352622063881655,smartphone,-8,light,1464757735000000000,1464757736000000000,TMG399X RGB Sensor,8.0,1464757735711772448
0,crowdsignals.algosnap.com,1.0(1),352622063881655,smartphone,-8,light,1464757735000000000,1464757736000000000,TMG399X RGB Sensor,8.0,1464757735888707501
0,crowdsignals.algosnap.com,1.0(1),352622063881655,smartphone,-8,light,1464757736000000000,1464757737000000000,TMG399X RGB Sensor,8.0,1464757736245106458
0,crowdsignals.algosnap.com,1.0(1),352622063881655,smartphone,-8,light,1464757736000000000,1464757737000000000,TMG399X RGB Sensor,8.0,1464757736422785834
0,crowdsignals.algosnap.com,1.0(1),352622063881655,smartphone,-8,light,1464757736000000000,1464757737000000000,TMG399X RGB Sensor,8.0,1464757736601163333
0,crowdsignals.algosnap.com,1.0(1),352622063881655,smartphone,-8,light,1464757736000000000,1464757737000000000,TMG399X RGB Sensor,8.0,1464757736779624999
0,crowdsignals.algosnap.com,1.0(1),352622063881655,smartphone,-8,light,1464757736000000000,1464757737000000000,TMG399X RGB Sensor,8.0,1464757736957144219
0,crowdsignals.algosnap.com,1.0(1),352622063881655,smartphone,-8,light,1464757737000000000,1464757738000000000,TMG399X RGB Sensor,8.0,1464757737313552448
0,crowdsignals.algosnap.com,1.0(1),352622063881655,smartphone,-8,light,1464757737000000000,1464757738000000000,TMG399X RGB Sensor,8.0,1464757737491113542
0,crowdsignals.algosnap.com,1.0(1),352622063881655,smartphone,-8,light,1464757737000000000,1464757738000000000,TMG399X RGB Sensor,8.0,1464757737667711979
0,crowdsignals.algosnap.com,1.0(1),352622063881655,smartphone,-8,light,1464757737000000000,1464757738000000000,TMG399X RGB Sensor,8.0,1464757737846141146
0,crowdsignals.algosnap.com,1.0(1),352622063881655,smartphone,-8,light,1464757738000000000,1464757739000000000,TMG399X RGB Sensor,8.0,1464757738201401198
0,crowdsignals.algosnap.com,1.0(1),352622063881655,smartphone,-8,light,1464757738000000000,1464757739000000000,TMG399X RGB Sensor,8.0,1464757738380127707
0,crowdsignals.algosnap.com,1.0(1),352622063881655,smartphone,-8,light,1464757738000000000,1464757739000000000,TMG399X RGB Sensor,3.0,1464757738559361926
0,crowdsignals.algosnap.com,1.0(1),352622063881655,smartphone,-8,light,1464757738000000000,1464757739000000000,TMG399X RGB Sensor,8.0,1464757738737029479
0,crowdsignals.algosnap.com,1.0(1),352622063881655,smartphone,-8,light,1464757738000000000,1464757739000000000,TMG399X RGB Sensor,8.0,1464757738913956615
0,crowdsignals.algosnap.com,1.0(1),352622063881655,smartphone,-8,light,1464757739000000000,1464757740000000000,TMG399X RGB Sensor,8.0,1464757739270666615
0,crowdsignals.algosnap.com,1.0(1),352622063881655,smartphone,-8,light,1464757739000000000,1464757740000000000,TMG399X RGB Sensor,8.0,1464757739448292500
0,crowdsignals.algosnap.com,1.0(1),352622063881655,smartphone,-8,light,1464757739000000000,1464757740000000000,TMG399X RGB Sensor,8.0,1464757739625247656
0,crowdsignals.algosnap.com,1.0(1),352622063881655,smartphone,-8,light,1464757739000000000,1464757740000000000,TMG399X RGB Sensor,8.0,1464757739803424948
0,crowdsignals.algosnap.com,1.0(1),352622063881655,smartphone,-8,light,1464757739000000000,1464757740000000000,TMG399X RGB Sensor,8.0,1464757739982051928
0,crowdsignals.algosnap.com,1.0(1),352622063881655,smartphone,-8,light,1464757740000000000,1464757741000000000,TMG399X RGB Sensor,8.0,1464757740337665781
0,crowdsignals.algosnap.com,1.0(1),352622063881655,smartphone,-8,light,1464757740000000000,1464757741000000000,TMG399X RGB Sensor,8.0,1464757740515211563
0,crowdsignals.algosnap.com,1.0(1),352622063881655,smartphone,-8,light,1464757740000000000,1464757741000000000,TMG399X RGB Sensor,8.0,1464757740692428125
0,crowdsignals.algosnap.com,1.0(1),352622063881655,smartphone,-8,light,1464757740000000000,1464757741000000000,TMG399X RGB Sensor,8.0,1464757740870604635
0,crowdsignals.algosnap.com,1.0(1),352622063881655,smartphone,-8,light,1464757741000000000,1464757742000000000,TMG399X RGB Sensor,3.0,1464757741048051406
0,crowdsignals.algosnap.com,1.0(1),352622063881655,smartphone,-8,light,1464757741000000000,1464757742000000000,TMG399X RGB Sensor,8.0,1464757741227674115
0,crowdsignals.algosnap.com,1.0(1),352622063881655,smartphone,-8,light,1464757741000000000,1464757742000000000,TMG399X RGB Sensor,8.0,1464757741404646406
0,crowdsignals.algosnap.com,1.0(1),352622063881655,smartphone,-8,light,1464757741000000000,1464757742000000000,TMG399X RGB Sensor,3.0,1464757741583019271
0,crowdsignals.algosnap.com,1.0(1),352622063881655,smartphone,-8,light,1464757741000000000,1464757742000000000,TMG399X RGB Sensor,8.0,1464757741760010833
0,crowdsignals.algosnap.com,1.0(1),352622063881655,smartphone,-8,light,1464757741000000000,1464757742000000000,TMG399X RGB Sensor,8.0,1464757741937863698
0,crowdsignals.algosnap.com,1.0(1),352622063881655,smartphone,-8,light,1464757742000000000,1464757743000000000,TMG399X RGB Sensor,8.0,1464757742294034948
0,crowdsignals.algosnap.com,1.0(1),352622063881655,smartphone,-8,light,1464757742000000000,1464757743000000000,TMG399X RGB Sensor,8.0,1464757742472241146
0,crowdsignals.algosnap.com,1.0(1),352622063881655,smartphone,-8,light,1464757742000000000,1464757743000000000,TMG399X RGB Sensor,8.0,1464757742650829115
0,crowdsignals.algosnap.com,1.0(1),352622063881655,smartphone,-8,light,1464757742000000000,1464757743000000000,TMG399X RGB Sensor,8.0,1464757742828651303
0,crowdsignals.algosnap.com,1.0(1),352622063881655,smartphone,-8,light,1464757743000000000,1464757744000000000,TMG399X RGB Sensor,8.0,1464757743184922292
0,crowdsignals.algosnap.com,1.0(1),352622063881655,smartphone,-8,light,1464757743000000000,1464757744000000000,TMG399X RGB Sensor,8.0,1464757743361523385
0,crowdsignals.algosnap.com,1.0(1),352622063881655,smartphone,-8,light,1464757743000000000,1464757744000000000,TMG399X RGB Sensor,3.0,1464757743539668125
0,crowdsignals.algosnap.com,1.0(1),352622063881655,smartphone,-8,light,1464757743000000000,1464757744000000000,TMG399X RGB Sensor,3.0,1464757743718751458
0,crowdsignals.algosnap.com,1.0(1),352622063881655,smartphone,-8,light,1464757743000000000,1464757744000000000,TMG399X RGB Sensor,8.0,1464757743894844115
0,crowdsignals.algosnap.com,1.0(1),352622063881655,smartphone,-8,light,1464757744000000000,1464757745000000000,TMG399X RGB Sensor,8.0,1464757744252133438
0,crowdsignals.algosnap.com,1.0(1),352622063881655,smartphone,-8,light,1464757744000000000,1464757745000000000,TMG399X RGB Sensor,8.0,1464757744430058698
0,crowdsignals.algosnap.com,1.0(1),352622063881655,smartphone,-8,light,1464757744000000000,1464757745000000000,TMG399X RGB Sensor,8.0,1464757744607231459
0,crowdsignals.algosnap.com,1.0(1),352622063881655,smartphone,-8,light,1464757744000000000,1464757745000000000,TMG399X RGB Sensor,8.0,1464757744786576250
0,crowdsignals.algosnap.com,1.0(1),352622063881655,smartphone,-8,light,1464757744000000000,1464757745000000000,TMG399X RGB Sensor,8.0,1464757744962360313
0,crowdsignals.algosnap.com,1.0(1),352622063881655,smartphone,-8,light,1464757745000000000,1464757746000000000,TMG399X RGB Sensor,3.0,1464757745321773021
0,crowdsignals.algosnap.com,1.0(1),352622063881655,smartphone,-8,light,1464757745000000000,1464757746000000000,TMG399X RGB Sensor,3.0,1464757745497615104
0,crowdsignals.algosnap.com,1.0(1),352622063881655,smartphone,-8,light,1464757745000000000,1464757746000000000,TMG399X RGB Sensor,3.0,1464757745676430573
0,crowdsignals.algosnap.com,1.0(1),352622063881655,smartphone,-8,light,1464757745000000000,1464757746000000000,TMG399X RGB Sensor,8.0,1464757745853694688
0,crowdsignals.algosnap.com,1.0(1),352622063881655,smartphone,-8,light,1464757746000000000,1464757747000000000,TMG399X RGB Sensor,3.0,1464757746209873853
0,crowdsignals.algosnap.com,1.0(1),352622063881655,smartphone,-8,light,1464757746000000000,1464757747000000000,TMG399X RGB Sensor,8.0,1464757746387788697
0,crowdsignals.algosnap.com,1.0(1),352622063881655,smartphone,-8,light,1464757746000000000,1464757747000000000,TMG399X RGB Sensor,8.0,1464757746566015312
0,crowdsignals.algosnap.com,1.0(1),352622063881655,smartphone,-8,light,1464757746000000000,1464757747000000000,TMG399X RGB Sensor,8.0,1464757746742968229
0,crowdsignals.algosnap.com,1.0(1),352622063881655,smartphone,-8,light,1464757746000000000,1464757747000000000,TMG399X RGB Sensor,8.0,1464757746921252292
0,crowdsignals.algosnap.com,1.0(1),352622063881655,smartphone,-8,light,1464757747000000000,1464757748000000000,TMG399X RGB Sensor,8.0,1464757747277045104
0,crowdsignals.algosnap.com,1.0(1),352622063881655,smartphone,-8,light,1464757747000000000,1464757748000000000,TMG399X RGB Sensor,8.0,1464757747454030886
0,crowdsignals.algosnap.com,1.0(1),352622063881655,smartphone,-8,light,1464757747000000000,1464757748000000000,TMG399X RGB Sensor,8.0,1464757747632221875
0,crowdsignals.algosnap.com,1.0(1),352622063881655,smartphone,-8,light,1464757747000000000,1464757748000000000,TMG399X RGB Sensor,3.0,1464757747810117343
0,crowdsignals.algosnap.com,1.0(1),352622063881655,smartphone,-8,light,1464757747000000000,1464757748000000000,TMG399X RGB Sensor,3.0,1464757747986870000
0,crowdsignals.algosnap.com,1.0(1),352622063881655,smartphone,-8,light,1464757748000000000,1464757749000000000,TMG399X RGB Sensor,8.0,1464757748344165208
0,crowdsignals.algosnap.com,1.0(1),352622063881655,smartphone,-8,light,1464757748000000000,1464757749000000000,TMG399X RGB Sensor,8.0,1464757748521112292
0,crowdsignals.algosnap.com,1.0(1),352622063881655,smartphone,-8,light,1464757748000000000,1464757749000000000,TMG399X RGB Sensor,8.0,1464757748700127239
0,crowdsignals.algosnap.com,1.0(1),352622063881655,smartphone,-8,light,1464757748000000000,1464757749000000000,TMG399X RGB Sensor,3.0,1464757748878228594
0,crowdsignals.algosnap.com,1.0(1),352622063881655,smartphone,-8,light,1464757749000000000,1464757750000000000,TMG399X RGB Sensor,8.0,1464757749233399376
0,crowdsignals.algosnap.com,1.0(1),352622063881655,smartphone,-8,light,1464757749000000000,1464757750000000000,TMG399X RGB Sensor,8.0,1464757749410135677
0,crowdsignals.algosnap.com,1.0(1),352622063881655,smartphone,-8,light,1464757749000000000,1464757750000000000,TMG399X RGB Sensor,3.0,1464757749588825781
0,crowdsignals.algosnap.com,1.0(1),352622063881655,smartphone,-8,light,1464757749000000000,1464757750000000000,TMG399X RGB Sensor,3.0,1464757749766581614
0,crowdsignals.algosnap.com,1.0(1),352622063881655,smartphone,-8,light,1464757749000000000,1464757750000000000,TMG399X RGB Sensor,8.0,1464757749944698594
0,crowdsignals.algosnap.com,1.0(1),352622063881655,smartphone,-8,light,1464757750000000000,1464757751000000000,TMG399X RGB Sensor,3.0,1464757750301694427
0,crowdsignals.algosnap.com,1.0(1),352622063881655,smartphone,-8,light,1464757750000000000,1464757751000000000,TMG399X RGB Sensor,3.0,1464757750479146823
0,crowdsignals.algosnap.com,1.0(1),352622063881655,smartphone,-8,light,1464757750000000000,1464757751000000000,TMG399X RGB Sensor,8.0,1464757750657501979
0,crowdsignals.algosnap.com,1.0(1),352622063881655,smartphone,-8,light,1464757750000000000,1464757751000000000,TMG399X RGB Sensor,3.0,1464757750835353490
0,crowdsignals.algosnap.com,1.0(1),352622063881655,smartphone,-8,light,1464757751000000000,1464757752000000000,TMG399X RGB Sensor,3.0,1464757751012184688
0,crowdsignals.algosnap.com,1.0(1),352622063881655,smartphone,-8,light,1464757751000000000,1464757752000000000,TMG399X RGB Sensor,3.0,1464757751191130052
0,crowdsignals.algosnap.com,1.0(1),352622063881655,smartphone,-8,light,1464757751000000000,1464757752000000000,TMG399X RGB Sensor,8.0,1464757751372092239
0,crowdsignals.algosnap.com,1.0(1),352622063881655,smartphone,-8,light,1464757751000000000,1464757752000000000,TMG399X RGB Sensor,8.0,1464757751546715833
0,crowdsignals.algosnap.com,1.0(1),352622063881655,smartphone,-8,light,1464757751000000000,1464757752000000000,TMG399X RGB Sensor,8.0,1464757751724857136
0,crowdsignals.algosnap.com,1.0(1),352622063881655,smartphone,-8,light,1464757751000000000,1464757752000000000,TMG399X RGB Sensor,3.0,1464757751902198906
0,crowdsignals.algosnap.com,1.0(1),352622063881655,smartphone,-8,light,1464757752000000000,1464757753000000000,TMG399X RGB Sensor,8.0,1464757752258951146
0,crowdsignals.algosnap.com,1.0(1),352622063881655,smartphone,-8,light,1464757752000000000,1464757753000000000,TMG399X RGB Sensor,8.0,1464757752434413385
0,crowdsignals.algosnap.com,1.0(1),352622063881655,smartphone,-8,light,1464757752000000000,1464757753000000000,TMG399X RGB Sensor,5.0,1464757752612546354
0,crowdsignals.algosnap.com,1.0(1),352622063881655,smartphone,-8,light,1464757752000000000,1464757753000000000,TMG399X RGB Sensor,5.0,1464757752790448645
0,crowdsignals.algosnap.com,1.0(1),352622063881655,smartphone,-8,light,1464757752000000000,1464757753000000000,TMG399X RGB Sensor,5.0,1464757752970056093
0,crowdsignals.algosnap.com,1.0(1),352622063881655,smartphone,-8,light,1464757753000000000,1464757754000000000,TMG399X RGB Sensor,5.0,1464757753325517344
0,crowdsignals.algosnap.com,1.0(1),352622063881655,smartphone,-8,light,1464757753000000000,1464757754000000000,TMG399X RGB Sensor,5.0,1464757753502917136
0,crowdsignals.algosnap.com,1.0(1),352622063881655,smartphone,-8,light,1464757753000000000,1464757754000000000,TMG399X RGB Sensor,5.0,1464757753682685885
0,crowdsignals.algosnap.com,1.0(1),352622063881655,smartphone,-8,light,1464757753000000000,1464757754000000000,TMG399X RGB Sensor,5.0,1464757753858445209
