user_id,sw_name,sw_version,device_id,device_type,timezone,type,start,end,sensor_name,lux,timestamps
0,crowdsignals.algosnap.com,1.0(1),352622063881655,smartphone,-8,light,1464757754000000000,1464757755000000000,TMG399X RGB Sensor,5.0,1464757754214305677
0,crowdsignals.algosnap.com,1.0(1),352622063881655,smartphone,-8,light,1464757754000000000,1464757755000000000,TMG399X RGB Sensor,5.0,1464757754392324896
0,crowdsignals.algosnap.com,1.0(1),352622063881655,smartphone,-8,light,1464757754000000000,1464757755000000000,TMG399X RGB Sensor,5.0,1464757754569701979
0,crowdsignals.algosnap.com,1.0(1),352622063881655,smartphone,-8,light,1464757754000000000,1464757755000000000,TMG399X RGB Sensor,5.0,1464757754749417188
0,crowdsignals.algosnap.com,1.0(1),352622063881655,smartphone,-8,light,1464757754000000000,1464757755000000000,TMG399X RGB Sensor,5.0,1464757754928308438
0,crowdsignals.algosnap.com,1.0(1),352622063881655,smartphone,-8,light,1464757755000000000,1464757756000000000,TMG399X RGB Sensor,5.0,1464757755283060469
0,crowdsignals.algosnap.com,1.0(1),352622063881655,smartphone,-8,light,1464757755000000000,1464757756000000000,TMG399X RGB Sensor,5.0,1464757755460255520
0,crowdsignals.algosnap.com,1.0(1),352622063881655,smartphone,-8,light,1464757755000000000,1464757756000000000,TMG399X RGB Sensor,5.0,1464757755638936250
0,crowdsignals.algosnap.com,1.0(1),352622063881655,smartphone,-8,light,1464757755000000000,1464757756000000000,TMG399X RGB Sensor,5.0,1464757755817864271
0,crowdsignals.algosnap.com,1.0(1),352622063881655,smartphone,-8,light,1464757755000000000,1464757756000000000,TMG399X RGB Sensor,5.0,1464757755995445782
0,crowdsignals.algosnap.com,1.0(1),352622063881655,smartphone,-8,light,1464757756000000000,1464757757000000000,TMG399X RGB Sensor,5.0,1464757756350713489
0,crowdsignals.algosnap.com,1.0(1),352622063881655,smartphone,-8,light,1464757756000000000,1464757757000000000,TMG399X RGB Sensor,5.0,1464757756528540989
0,crowdsignals.algosnap.com,1.0(1),352622063881655,smartphone,-8,light,1464757756000000000,1464757757000000000,TMG399X RGB Sensor,5.0,1464757756706895938
0,crowdsignals.algosnap.com,1.0(1),352622063881655,smartphone,-8,light,1464757756000000000,1464757757000000000,TMG399X RGB Sensor,5.0,1464757756884792969
0,crowdsignals.algosnap.com,1.0(1),352622063881655,smartphone,-8,light,1464757757000000000,1464757758000000000,TMG399X RGB Sensor,5.0,1464757757240197760
0,crowdsignals.algosnap.com,1.0(1),352622063881655,smartphone,-8,light,1464757757000000000,1464757758000000000,TMG399X RGB Sensor,5.0,1464757757418267292
0,crowdsignals.algosnap.com,1.0(1),352622063881655,smartphone,-8,light,1464757757000000000,1464757758000000000,TMG399X RGB Sensor,5.0,1464757757594546198
0,crowdsignals.algosnap.com,1.0(1),352622063881655,smartphone,-8,light,1464757757000000000,1464757758000000000,TMG399X RGB Sensor,5.0,1464757757772833803
0,crowdsignals.algosnap.com,1.0(1),352622063881655,smartphone,-8,light,1464757757000000000,1464757758000000000,TMG399X RGB Sensor,5.0,1464757757950510208
0,crowdsignals.algosnap.com,1.0(1),352622063881655,smartphone,-8,light,1464757758000000000,1464757759000000000,TMG399X RGB Sensor,5.0,1464757758308028177
0,crowdsignals.algosnap.com,1.0(1),352622063881655,smartphone,-8,light,1464757758000000000,1464757759000000000,TMG399X RGB Sensor,5.0,1464757758485992916
0,crowdsignals.algosnap.com,1.0(1),352622063881655,smartphone,-8,light,1464757758000000000,1464757759000000000,TMG399X RGB Sensor,5.0,1464757758662991407
0,crowdsignals.algosnap.com,1.0(1),352622063881655,smartphone,-8,light,1464757758000000000,1464757759000000000,TMG399X RGB Sensor,5.0,1464757758840637396
0,crowdsignals.algosnap.com,1.0(1),352622063881655,smartphone,-8,light,1464757759000000000,1464757760000000000,TMG399X RGB Sensor,5.0,1464757759197370938
0,crowdsignals.algosnap.com,1.0(1),352622063881655,smartphone,-8,light,1464757759000000000,1464757760000000000,TMG399X RGB Sensor,5.0,1464757759374335573
0,crowdsignals.algosnap.com,1.0(1),352622063881655,smartphone,-8,light,1464757759000000000,1464757760000000000,TMG399X RGB Sensor,5.0,1464757759553297709
0,crowdsignals.algosnap.com,1.0(1),352622063881655,smartphone,-8,light,1464757759000000000,1464757760000000000,TMG399X RGB Sensor,5.0,1464757759730215833
0,crowdsignals.algosnap.com,1.0(1),352622063881655,smartphone,-8,light,1464757759000000000,1464757760000000000,TMG399X RGB Sensor,5.0,1464757759908234532
0,crowdsignals.algosnap.com,1.0(1),352622063881655,smartphone,-8,light,1464757760000000000,1464757761000000000,TMG399X RGB Sensor,5.0,1464757760264528125
0,crowdsignals.algosnap.com,1.0(1),352622063881655,smartphone,-8,light,1464757760000000000,1464757761000000000,TMG399X RGB Sensor,5.0,1464757760442501875
0,crowdsignals.algosnap.com,1.0(1),352622063881655,smartphone,-8,light,1464757760000000000,1464757761000000000,TMG399X RGB Sensor,5.0,1464757760619889323
0,crowdsignals.algosnap.com,1.0(1),352622063881655,smartphone,-8,light,1464757760000000000,1464757761000000000,TMG399X RGB Sensor,5.0,1464757760798704167
0,crowdsignals.algosnap.com,1.0(1),352622063881655,smartphone,-8,light,1464757760000000000,1464757761000000000,TMG399X RGB Sensor,5.0,1464757760976979792
0,crowdsignals.algosnap.com,1.0(1),352622063881655,smartphone,-8,light,1464757761000000000,1464757762000000000,TMG399X RGB Sensor,5.0,1464757761153447396
0,crowdsignals.algosnap.com,1.0(1),352622063881655,smartphone,-8,light,1464757761000000000,1464757762000000000,TMG399X RGB Sensor,5.0,1464757761333181979
0,crowdsignals.algosnap.com,1.0(1),352622063881655,smartphone,-8,light,1464757761000000000,1464757762000000000,TMG399X RGB Sensor,5.0,1464757761510296719
0,crowdsignals.algosnap.com,1.0(1),352622063881655,smartphone,-8,light,1464757761000000000,1464757762000000000,TMG399X RGB Sensor,5.0,1464757761689008906
0,crowdsignals.algosnap.com,1.0(1),352622063881655,smartphone,-8,light,1464757761000000000,1464757762000000000,TMG399X RGB Sensor,5.0,1464757761865667917
0,crowdsignals.algosnap.com,1.0(1),352622063881655,smartphone,-8,light,1464757762000000000,1464757763000000000,TMG399X RGB Sensor,5.0,1464757762222408803
0,crowdsignals.algosnap.com,1.0(1),352622063881655,smartphone,-8,light,1464757762000000000,1464757763000000000,TMG399X RGB Sensor,5.0,1464757762398653490
0,crowdsignals.algosnap.com,1.0(1),352622063881655,smartphone,-8,light,1464757762000000000,1464757763000000000,TMG399X RGB Sensor,5.0,1464757762577643438
0,crowdsignals.algosnap.com,1.0(1),352622063881655,smartphone,-8,light,1464757762000000000,1464757763000000000,TMG399X RGB Sensor,5.0,1464757762756558125
0,crowdsignals.algosnap.com,1.0(1),352622063881655,smartphone,-8,light,1464757762000000000,1464757763000000000,TMG399X RGB Sensor,5.0,1464757762933700938
0,crowdsignals.algosnap.com,1.0(1),352622063881655,smartphone,-8,light,1464757763000000000,1464757764000000000,TMG399X RGB Sensor,5.0,1464757763288194219
0,crowdsignals.algosnap.com,1.0(1),352622063881655,smartphone,-8,light,1464757763000000000,1464757764000000000,TMG399X RGB Sensor,5.0,1464757763467675417
0,crowdsignals.algosnap.com,1.0(1),352622063881655,smartphone,-8,light,1464757763000000000,1464757764000000000,TMG399X RGB Sensor,5.0,1464757763646472865
0,crowdsignals.algosnap.com,1.0(1),352622063881655,smartphone,-8,light,1464757763000000000,1464757764000000000,TMG399X RGB Sensor,5.0,1464757763823686511
0,crowdsignals.algosnap.com,1.0(1),352622063881655,smartphone,-8,light,1464757764000000000,1464757765000000000,TMG399X RGB Sensor,5.0,1464757764179583542
0,crowdsignals.algosnap.com,1.0(1),352622063881655,smartphone,-8,light,1464757764000000000,1464757765000000000,TMG399X RGB Sensor,5.0,1464757764356681041
0,crowdsignals.algosnap.com,1.0(1),352622063881655,smartphone,-8,light,1464757764000000000,1464757765000000000,TMG399X RGB Sensor,5.0,1464757764534620729
0,crowdsignals.algosnap.com,1.0(1),352622063881655,smartphone,-8,light,1464757764000000000,1464757765000000000,TMG399X RGB Sensor,5.0,1464757764712432396
0,crowdsignals.algosnap.com,1.0(1),352622063881655,smartphone,-8,light,1464757764000000000,1464757765000000000,TMG399X RGB Sensor,5.0,1464757764890263801
0,crowdsignals.algosnap.com,1.0(1),352622063881655,smartphone,-8,light,1464757765000000000,1464757766000000000,TMG399X RGB Sensor,5.0,1464757765245990677
0,crowdsignals.algosnap.com,1.0(1),352622063881655,smartphone,-8,light,1464757765000000000,1464757766000000000,TMG399X RGB Sensor,5.0,1464757765423026354
0,crowdsignals.algosnap.com,1.0(1),352622063881655,smartphone,-8,light,1464757765000000000,1464757766000000000,TMG399X RGB Sensor,5.0,1464757765601254271
0,crowdsignals.algosnap.com,1.0(1),352622063881655,smartphone,-8,light,1464757765000000000,1464757766000000000,TMG399X RGB Sensor,5.0,1464757765780888178
0,crowdsignals.algosnap.com,1.0(1),352622063881655,smartphone,-8,light,1464757765000000000,1464757766000000000,TMG399X RGB Sensor,5.0,1464757765957689010
0,crowdsignals.algosnap.com,1.0(1),352622063881655,smartphone,-8,light,1464757766000000000,1464757767000000000,TMG399X RGB Sensor,5.0,1464757766313940729
0,crowdsignals.algosnap.com,1.0(1),352622063881655,smartphone,-8,light,1464757766000000000,1464757767000000000,TMG399X RGB Sensor,5.0,1464757766491587656
0,crowdsignals.algosnap.com,1.0(1),352622063881655,smartphone,-8,light,1464757766000000000,1464757767000000000,TMG399X RGB Sensor,5.0,1464757766668520886
0,crowdsignals.algosnap.com,1.0(1),352622063881655,smartphone,-8,light,1464757766000000000,1464757767000000000,TMG399X RGB Sensor,5.0,1464757766846295677
0,crowdsignals.algosnap.com,1.0(1),352622063881655,smartphone,-8,light,1464757767000000000,1464757768000000000,TMG399X RGB Sensor,5.0,1464757767203025937
0,crowdsignals.algosnap.com,1.0(1),352622063881655,smartphone,-8,light,1464757767000000000,1464757768000000000,TMG399X RGB Sensor,5.0,1464757767381052917
0,crowdsignals.algosnap.com,1.0(1),352622063881655,smartphone,-8,light,1464757767000000000,1464757768000000000,TMG399X RGB Sensor,5.0,1464757767559991145
0,crowdsignals.algosnap.com,1.0(1),352622063881655,smartphone,-8,light,1464757767000000000,1464757768000000000,TMG399X RGB Sensor,5.0,1464757767737559427
0,crowdsignals.algosnap.com,1.0(1),352622063881655,smartphone,-8,light,1464757767000000000,1464757768000000000,TMG399X RGB Sensor,5.0,1464757767915656510
0,crowdsignals.algosnap.com,1.0(1),352622063881655,smartphone,-8,light,1464757768000000000,1464757769000000000,TMG399X RGB Sensor,5.0,1464757768271073698
0,crowdsignals.algosnap.com,1.0(1),352622063881655,smartphone,-8,light,1464757768000000000,1464757769000000000,TMG399X RGB Sensor,5.0,1464757768448435052
0,crowdsignals.algosnap.com,1.0(1),352622063881655,smartphone,-8,light,1464757768000000000,1464757769000000000,TMG399X RGB Sensor,5.0,1464757768627198489
0,crowdsignals.algosnap.com,1.0(1),352622063881655,smartphone,-8,light,1464757768000000000,1464757769000000000,TMG399X RGB Sensor,5.0,1464757768805366146
0,crowdsignals.algosnap.com,1.0(1),352622063881655,smartphone,-8,light,1464757768000000000,1464757769000000000,TMG399X RGB Sensor,5.0,1464757768982697865
0,crowdsignals.algosnap.com,1.0(1),352622063881655,smartphone,-8,light,1464757769000000000,1464757770000000000,TMG399X RGB Sensor,5.0,1464757769338771667
0,crowdsignals.algosnap.com,1.0(1),352622063881655,smartphone,-8,light,1464757769000000000,1464757770000000000,TMG399X RGB Sensor,5.0,1464757769516859844
0,crowdsignals.algosnap.com,1.0(1),352622063881655,smartphone,-8,light,1464757769000000000,1464757770000000000,TMG399X RGB Sensor,5.0,1464757769693422083
0,crowdsignals.algosnap.com,1.0(1),352622063881655,smartphone,-8,light,1464757769000000000,1464757770000000000,TMG399X RGB Sensor,5.0,1464757769872096354
0,crowdsignals.algosnap.com,1.0(1),352622063881655,smartphone,-8,light,1464757770000000000,1464757771000000000,TMG399X RGB Sensor,5.0,1464757770227445885
0,crowdsignals.algosnap.com,1.0(1),352622063881655,smartphone,-8,light,1464757770000000000,1464757771000000000,TMG399X RGB Sensor,5.0,1464757770405476146
0,crowdsignals.algosnap.com,1.0(1),352622063881655,smartphone,-8,light,1464757770000000000,1464757771000000000,TMG399X RGB Sensor,5.0,1464757770583694531
0,crowdsignals.algosnap.com,1.0(1),352622063881655,smartphone,-8,light,1464757770000000000,1464757771000000000,TMG399X RGB Sensor,5.0,1464757770761173958
0,crowdsignals.algosnap.com,1.0(1),352622063881655,smartphone,-8,light,1464757770000000000,1464757771000000000,TMG399X RGB Sensor,5.0,1464757770938661355
0,crowdsignals.algosnap.com,1.0(1),352622063881655,smartphone,-8,light,1464757771000000000,1464757772000000000,TMG399X RGB Sensor,5.0,1464757771116250052
0,crowdsignals.algosnap.com,1.0(1),352622063881655,smartphone,-8,light,1464757771000000000,1464757772000000000,TMG399X RGB Sensor,5.0,1464757771294660208
0,crowdsignals.algosnap.com,1.0(1),352622063881655,smartphone,-8,light,1464757771000000000,1464757772000000000,TMG399X RGB Sensor,5.0,1464757771472699375
0,crowdsignals.algosnap.com,1.0(1),352622063881655,smartphone,-8,light,1464757771000000000,1464757772000000000,TMG399X RGB Sensor,5.0,1464757771650999583
0,crowdsignals.algosnap.com,1.0(1),352622063881655,smartphone,-8,light,1464757771000000000,1464757772000000000,TMG399X RGB Sensor,5.0,1464757771829056875
0,crowdsignals.algosnap.com,1.0(1),352622063881655,smartphone,-8,light,1464757772000000000,1464757773000000000,TMG399X RGB Sensor,5.0,1464757772184470625
0,crowdsignals.algosnap.com,1.0(1),352622063881655,smartphone,-8,light,1464757772000000000,1464757773000000000,TMG399X RGB Sensor,5.0,1464757772362697917
0,crowdsignals.algosnap.com,1.0(1),352622063881655,smartphone,-8,light,1464757772000000000,1464757773000000000,TMG399X RGB Sensor,5.0,1464757772541738022
0,crowdsignals.algosnap.com,1.0(1),352622063881655,smartphone,-8,light,1464757772000000000,1464757773000000000,TMG399X RGB Sensor,5.0,1464757772717796042
0,crowdsignals.algosnap.com,1.0(1),352622063881655,smartphone,-8,light,1464757772000000000,1464757773000000000,TMG399X RGB Sensor,5.0,1464757772896024375
0,crowdsignals.algosnap.com,1.0(1),352622063881655,smartphone,-8,light,1464757773000000000,1464757774000000000,TMG399X RGB Sensor,5.0,1464757773252393490
0,crowdsignals.algosnap.com,1.0(1),352622063881655,smartphone,-8,light,1464757773000000000,1464757774000000000,TMG399X RGB Sensor,5.0,1464757773429619791
0,crowdsignals.algosnap.com,1.0(1),352622063881655,smartphone,-8,light,1464757773000000000,1464757774000000000,TMG399X RGB Sensor,5.0,1464757773607822969
0,crowdsignals.algosnap.com,1.0(1),352622063881655,smartphone,-8,light,1464757773000000000,1464757774000000000,TMG399X RGB Sensor,5.0,1464757773786099115
0,crowdsignals.algosnap.com,1.0(1),352622063881655,smartphone,-8,light,1464757773000000000,1464757774000000000,TMG399X RGB Sensor,5.0,1464757773962913126
0,crowdsignals.algosnap.com,1.0(1),352622063881655,smartphone,-8,light,1464757774000000000,1464757775000000000,TMG399X RGB Sensor,5.0,1464757774319988437
0,crowdsignals.algosnap.com,1.0(1),352622063881655,smartphone,-8,light,1464757774000000000,1464757775000000000,TMG399X RGB Sensor,5.0,1464757774497101198
0,crowdsignals.algosnap.com,1.0(1),352622063881655,smartphone,-8,light,1464757774000000000,1464757775000000000,TMG399X RGB Sensor,5.0,1464757774675238386
0,crowdsignals.algosnap.com,1.0(1),352622063881655,smartphone,-8,light,1464757774000000000,1464757775000000000,TMG399X RGB Sensor,5.0,1464757774853861354
0,crowdsignals.algosnap.com,1.0(1),352622063881655,smartphone,-8,light,1464757775000000000,1464757776000000000,TMG399X RGB Sensor,5.0,1464757775209328333
0,crowdsignals.algosnap.com,1.0(1),352622063881655,smartphone,-8,light,1464757775000000000,1464757776000000000,TMG399X RGB Sensor,5.0,1464757775391565104
0,crowdsignals.algosnap.com,1.0(1),352622063881655,smartphone,-8,light,1464757775000000000,1464757776000000000,TMG399X RGB Sensor,5.0,1464757775566070625
0,crowdsignals.algosnap.com,1.0(1),352622063881655,smartphone,-8,light,1464757775000000000,1464757776000000000,TMG399X RGB Sensor,5.0,1464757775742884427
0,crowdsignals.algosnap.com,1.0(1),352622063881655,smartphone,-8,light,1464757775000000000,1464757776000000000,TMG399X RGB Sensor,5.0,1464757775922197187
0,crowdsignals.algosnap.com,1.0(1),352622063881655,smartphone,-8,light,1464757776000000000,1464757777000000000,TMG399X RGB Sensor,5.0,1464757776276697135
0,crowdsignals.algosnap.com,1.0(1),352622063881655,smartphone,-8,light,1464757776000000000,1464757777000000000,TMG399X RGB Sensor,5.0,1464757776454148125
0,crowdsignals.algosnap.com,1.0(1),352622063881655,smartphone,-8,light,1464757776000000000,1464757777000000000,TMG399X RGB Sensor,5.0,1464757776632186406
0,crowdsignals.algosnap.com,1.0(1),352622063881655,smartphone,-8,light,1464757776000000000,1464757777000000000,TMG399X RGB Sensor,5.0,1464757776811952969
0,crowdsignals.algosnap.com,1.0(1),352622063881655,smartphone,-8,light,1464757776000000000,1464757777000000000,TMG399X RGB Sensor,5.0,1464757776989295729
0,crowdsignals.algosnap.com,1.0(1),352622063881655,smartphone,-8,light,1464757777000000000,1464757778000000000,TMG399X RGB Sensor,5.0,1464757777345319844
0,crowdsignals.algosnap.com,1.0(1),352622063881655,smartphone,-8,light,1464757777000000000,1464757778000000000,TMG399X RGB Sensor,5.0,1464757777523262969
0,crowdsignals.algosnap.com,1.0(1),352622063881655,smartphone,-8,light,1464757777000000000,1464757778000000000,TMG399X RGB Sensor,5.0,1464757777699449635
0,crowdsignals.algosnap.com,1.0(1),352622063881655,smartphone,-8,light,1464757777000000000,1464757778000000000,TMG399X RGB Sensor,5.0,1464757777877940573
0,crowdsignals.algosnap.com,1.0(1),352622063881655,smartphone,-8,light,1464757778000000000,1464757779000000000,TMG399X RGB Sensor,5.0,1464757778233135156
0,crowdsignals.algosnap.com,1.0(1),352622063881655,smartphone,-8,light,1464757778000000000,1464757779000000000,TMG399X RGB Sensor,5.0,1464757778411924167
0,crowdsignals.algosnap.com,1.0(1),352622063881655,smartphone,-8,light,1464757778000000000,1464757779000000000,TMG399X RGB Sensor,5.0,1464757778589378489
0,crowdsignals.algosnap.com,1.0(1),352622063881655,smartphone,-8,light,1464757778000000000,1464757779000000000,TMG399X RGB Sensor,5.0,1464757778768911823
0,crowdsignals.algosnap.com,1.0(1),352622063881655,smartphone,-8,light,1464757778000000000,1464757779000000000,TMG399X RGB Sensor,5.0,1464757778945213698
0,crowdsignals.algosnap.com,1.0(1),352622063881655,smartphone,-8,light,1464757779000000000,1464757780000000000,TMG399X RGB Sensor,5.0,1464757779301024896
0,crowdsignals.algosnap.com,1.0(1),352622063881655,smartphone,-8,light,1464757779000000000,1464757780000000000,TMG399X RGB Sensor,5.0,1464757779479396615
0,crowdsignals.algosnap.com,1.0(1),352622063881655,smartphone,-8,light,1464757779000000000,1464757780000000000,TMG399X RGB Sensor,5.0,1464757779657387344
0,crowdsignals.algosnap.com,1.0(1),352622063881655,smartphone,-8,light,1464757779000000000,1464757780000000000,TMG399X RGB Sensor,5.0,1464757779835537032
0,crowdsignals.algosnap.com,1.0(1),352622063881655,smartphone,-8,light,1464757780000000000,1464757781000000000,TMG399X RGB Sensor,5.0,1464757780190976146
0,crowdsignals.algosnap.com,1.0(1),352622063881655,smartphone,-8,light,1464757780000000000,1464757781000000000,TMG399X RGB Sensor,5.0,1464757780369419218
0,crowdsignals.algosnap.com,1.0(1),352622063881655,smartphone,-8,light,1464757780000000000,1464757781000000000,TMG399X RGB Sensor,5.0,1464757780546299584
0,crowdsignals.algosnap.com,1.0(1),352622063881655,smartphone,-8,light,1464757780000000000,1464757781000000000,TMG399X RGB Sensor,5.0,1464757780724773177
0,crowdsignals.algosnap.com,1.0(1),352622063881655,smartphone,-8,light,1464757780000000000,1464757781000000000,TMG399X RGB Sensor,5.0,1464757780903308073
0,crowdsignals.algosnap.com,1.0(1),352622063881655,smartphone,-8,light,1464757781000000000,1464757782000000000,TMG399X RGB Sensor,5.0,1464757781079697082
0,crowdsignals.algosnap.com,1.0(1),352622063881655,smartphone,-8,light,1464757781000000000,1464757782000000000,TMG399X RGB Sensor,5.0,1464757781258448177
0,crowdsignals.algosnap.com,1.0(1),352622063881655,smartphone,-8,light,1464757781000000000,1464757782000000000,TMG399X RGB Sensor,5.0,1464757781437434323
0,crowdsignals.algosnap.com,1.0(1),352622063881655,smartphone,-8,light,1464757781000000000,1464757782000000000,TMG399X RGB Sensor,5.0,1464757781615387812
0,crowdsignals.algosnap.com,1.0(1),352622063881655,smartphone,-8,light,1464757781000000000,1464757782000000000,TMG399X RGB Sensor,5.0,1464757781791722605
0,crowdsignals.algosnap.com,1.0(1),352622063881655,smartphone,-8,light,1464757781000000000,1464757782000000000,TMG399X RGB Sensor,5.0,1464757781970226978
0,crowdsignals.algosnap.com,1.0(1),352622063881655,smartphone,-8,light,1464757782000000000,1464757783000000000,TMG399X RGB Sensor,5.0,1464757782325295312
0,crowdsignals.algosnap.com,1.0(1),352622063881655,smartphone,-8,light,1464757782000000000,1464757783000000000,TMG399X RGB Sensor,5.0,1464757782504279740
0,crowdsignals.algosnap.com,1.0(1),352622063881655,smartphone,-8,light,1464757782000000000,1464757783000000000,TMG399X RGB Sensor,5.0,1464757782681122864
0,crowdsignals.algosnap.com,1.0(1),352622063881655,smartphone,-8,light,1464757782000000000,1464757783000000000,TMG399X RGB Sensor,5.0,1464757782859499739
0,crowdsignals.algosnap.com,1.0(1),352622063881655,smartphone,-8,light,1464757783000000000,1464757784000000000,TMG399X RGB Sensor,5.0,1464757783215564323
0,crowdsignals.algosnap.com,1.0(1),352622063881655,smartphone,-8,light,1464757783000000000,1464757784000000000,TMG399X RGB Sensor,5.0,1464757783393466562
0,crowdsignals.algosnap.com,1.0(1),352622063881655,smartphone,-8,light,1464757783000000000,1464757784000000000,TMG399X RGB Sensor,5.0,1464757783571473490
0,crowdsignals.algosnap.com,1.0(1),352622063881655,smartphone,-8,light,1464757783000000000,1464757784000000000,TMG399X RGB Sensor,5.0,1464757783750130989
0,crowdsignals.algosnap.com,1.0(1),352622063881655,smartphone,-8,light,1464757783000000000,1464757784000000000,TMG399X RGB Sensor,5.0,1464757783927152500
0,crowdsignals.algosnap.com,1.0(1),352622063881655,smartphone,-8,light,1464757784000000000,1464757785000000000,TMG399X RGB Sensor,5.0,1464757784284420209
0,crowdsignals.algosnap.com,1.0(1),352622063881655,smartphone,-8,light,1464757784000000000,1464757785000000000,TMG399X RGB Sensor,5.0,1464757784461362917
0,crowdsignals.algosnap.com,1.0(1),352622063881655,smartphone,-8,light,1464757784000000000,1464757785000000000,TMG399X RGB Sensor,5.0,1464757784640028957
0,crowdsignals.algosnap.com,1.0(1),352622063881655,smartphone,-8,light,1464757784000000000,1464757785000000000,TMG399X RGB Sensor,5.0,1464757784818034687
0,crowdsignals.algosnap.com,1.0(1),352622063881655,smartphone,-8,light,1464757784000000000,1464757785000000000,TMG399X RGB Sensor,5.0,1464757784996491875
0,crowdsignals.algosnap.com,1.0(1),352622063881655,smartphone,-8,light,1464757785000000000,1464757786000000000,TMG399X RGB Sensor,5.0,1464757785350341094
0,crowdsignals.algosnap.com,1.0(1),352622063881655,smartphone,-8,light,1464757785000000000,1464757786000000000,TMG399X RGB Sensor,5.0,1464757785529101459
0,crowdsignals.algosnap.com,1.0(1),352622063881655,smartphone,-8,light,1464757785000000000,1464757786000000000,TMG399X RGB Sensor,5.0,1464757785706284271
0,crowdsignals.algosnap.com,1.0(1),352622063881655,smartphone,-8,light,1464757785000000000,1464757786000000000,TMG399X RGB Sensor,5.0,1464757785884339844
0,crowdsignals.algosnap.com,1.0(1),352622063881655,smartphone,-8,light,1464757786000000000,1464757787000000000,TMG399X RGB Sensor,5.0,1464757786240035988
0,crowdsignals.algosnap.com,1.0(1),352622063881655,smartphone,-8,light,1464757786000000000,1464757787000000000,TMG399X RGB Sensor,5.0,1464757786417867865
0,crowdsignals.algosnap.com,1.0(1),352622063881655,smartphone,-8,light,1464757786000000000,1464757787000000000,TMG399X RGB Sensor,5.0,1464757786595705937
0,crowdsignals.algosnap.com,1.0(1),352622063881655,smartphone,-8,light,1464757786000000000,1464757787000000000,TMG399X RGB Sensor,5.0,1464757786773748281
0,crowdsignals.algosnap.com,1.0(1),352622063881655,smartphone,-8,light,1464757786000000000,1464757787000000000,TMG399X RGB Sensor,5.0,1464757786952534896
0,crowdsignals.algosnap.com,1.0(1),352622063881655,smartphone,-8,light,1464757787000000000,1464757788000000000,TMG399X RGB Sensor,5.0,1464757787307796197
0,crowdsignals.algosnap.com,1.0(1),352622063881655,smartphone,-8,light,1464757787000000000,1464757788000000000,TMG399X RGB Sensor,5.0,1464757787485173385
0,crowdsignals.algosnap.com,1.0(1),352622063881655,smartphone,-8,light,1464757787000000000,1464757788000000000,TMG399X RGB Sensor,5.0,1464757787663249479
0,crowdsignals.algosnap.com,1.0(1),352622063881655,smartphone,-8,light,1464757787000000000,1464757788000000000,TMG399X RGB Sensor,5.0,1464757787841432448
0,crowdsignals.algosnap.com,1.0(1),352622063881655,smartphone,-8,light,1464757788000000000,1464757789000000000,TMG399X RGB Sensor,5.0,1464757788197637031
0,crowdsignals.algosnap.com,1.0(1),352622063881655,smartphone,-8,light,1464757788000000000,1464757789000000000,TMG399X RGB Sensor,5.0,1464757788375381667
0,crowdsignals.algosnap.com,1.0(1),352622063881655,smartphone,-8,light,1464757788000000000,1464757789000000000,TMG399X RGB Sensor,5.0,1464757788552871511
0,crowdsignals.algosnap.com,1.0(1),352622063881655,smartphone,-8,light,1464757788000000000,1464757789000000000,TMG399X RGB Sensor,5.0,1464757788730894948
0,crowdsignals.algosnap.com,1.0(1),352622063881655,smartphone,-8,light,1464757788000000000,1464757789000000000,TMG399X RGB Sensor,5.0,1464757788908701042
0,crowdsignals.algosnap.com,1.0(1),352622063881655,smartphone,-8,light,1464757789000000000,1464757790000000000,TMG399X RGB Sensor,5.0,1464757789264631771
0,crowdsignals.algosnap.com,1.0(1),352622063881655,smartphone,-8,light,1464757789000000000,1464757790000000000,TMG399X RGB Sensor,5.0,1464757789443150000
0,crowdsignals.algosnap.com,1.0(1),352622063881655,smartphone,-8,light,1464757789000000000,1464757790000000000,TMG399X RGB Sensor,5.0,1464757789621392604
0,crowdsignals.algosnap.com,1.0(1),352622063881655,smartphone,-8,light,1464757789000000000,1464757790000000000,TMG399X RGB Sensor,5.0,1464757789798372187
0,crowdsignals.algosnap.com,1.0(1),352622063881655,smartphone,-8,light,1464757789000000000,1464757790000000000,TMG399X RGB Sensor,5.0,1464757789976826875
0,crowdsignals.algosnap.com,1.0(1),352622063881655,smartphone,-8,light,1464757790000000000,1464757791000000000,TMG399X RGB Sensor,5.0,1464757790332628802
0,crowdsignals.algosnap.com,1.0(1),352622063881655,smartphone,-8,light,1464757790000000000,1464757791000000000,TMG399X RGB Sensor,5.0,1464757790510375729
0,crowdsignals.algosnap.com,1.0(1),352622063881655,smartphone,-8,light,1464757790000000000,1464757791000000000,TMG399X RGB Sensor,5.0,1464757790687881250
0,crowdsignals.algosnap.com,1.0(1),352622063881655,smartphone,-8,light,1464757790000000000,1464757791000000000,TMG399X RGB Sensor,5.0,1464757790866675417
0,crowdsignals.algosnap.com,1.0(1),352622063881655,smartphone,-8,light,1464757791000000000,1464757792000000000,TMG399X RGB Sensor,5.0,1464757791043567709
0,crowdsignals.algosnap.com,1.0(1),352622063881655,smartphone,-8,light,1464757791000000000,1464757792000000000,TMG399X RGB Sensor,5.0,1464757791221616562
0,crowdsignals.algosnap.com,1.0(1),352622063881655,smartphone,-8,light,1464757791000000000,1464757792000000000,TMG399X RGB Sensor,5.0,1464757791399240208
0,crowdsignals.algosnap.com,1.0(1),352622063881655,smartphone,-8,light,1464757791000000000,1464757792000000000,TMG399X RGB Sensor,5.0,1464757791578049896
0,crowdsignals.algosnap.com,1.0(1),352622063881655,smartphone,-8,light,1464757791000000000,1464757792000000000,TMG399X RGB Sensor,5.0,1464757791756177136
0,crowdsignals.algosnap.com,1.0(1),352622063881655,smartphone,-8,light,1464757791000000000,1464757792000000000,TMG399X RGB Sensor,5.0,1464757791933707709
0,crowdsignals.algosnap.com,1.0(1),352622063881655,smartphone,-8,light,1464757792000000000,1464757793000000000,TMG399X RGB Sensor,5.0,1464757792291676250
0,crowdsignals.algosnap.com,1.0(1),352622063881655,smartphone,-8,light,1464757792000000000,1464757793000000000,TMG399X RGB Sensor,5.0,1464757792465867395
0,crowdsignals.algosnap.com,1.0(1),352622063881655,smartphone,-8,light,1464757792000000000,1464757793000000000,TMG399X RGB Sensor,5.0,1464757792645634844
0,crowdsignals.algosnap.com,1.0(1),352622063881655,smartphone,-8,light,1464757792000000000,1464757793000000000,TMG399X RGB Sensor,5.0,1464757792822732656
0,crowdsignals.algosnap.com,1.0(1),352622063881655,smartphone,-8,light,1464757793000000000,1464757794000000000,TMG399X RGB Sensor,5.0,1464757793179369895
0,crowdsignals.algosnap.com,1.0(1),352622063881655,smartphone,-8,light,1464757793000000000,1464757794000000000,TMG399X RGB Sensor,5.0,1464757793356356146
0,crowdsignals.algosnap.com,1.0(1),352622063881655,smartphone,-8,light,1464757793000000000,1464757794000000000,TMG399X RGB Sensor,5.0,1464757793534654896
0,crowdsignals.algosnap.com,1.0(1),352622063881655,smartphone,-8,light,1464757793000000000,1464757794000000000,TMG399X RGB Sensor,5.0,1464757793713395990
0,crowdsignals.algosnap.com,1.0(1),352622063881655,smartphone,-8,light,1464757793000000000,1464757794000000000,TMG399X RGB Sensor,5.0,1464757793891313542
0,crowdsignals.algosnap.com,1.0(1),352622063881655,smartphone,-8,light,1464757794000000000,1464757795000000000,TMG399X RGB Sensor,5.0,1464757794246994375
0,crowdsignals.algosnap.com,1.0(1),352622063881655,smartphone,-8,light,1464757794000000000,1464757795000000000,TMG399X RGB Sensor,5.0,1464757794424292343
0,crowdsignals.algosnap.com,1.0(1),352622063881655,smartphone,-8,light,1464757794000000000,1464757795000000000,TMG399X RGB Sensor,5.0,1464757794602337083
0,crowdsignals.algosnap.com,1.0(1),352622063881655,smartphone,-8,light,1464757794000000000,1464757795000000000,TMG399X RGB Sensor,5.0,1464757794780277864
0,crowdsignals.algosnap.com,1.0(1),352622063881655,smartphone,-8,light,1464757794000000000,1464757795000000000,TMG399X RGB Sensor,5.0,1464757794958019532
0,crowdsignals.algosnap.com,1.0(1),352622063881655,smartphone,-8,light,1464757795000000000,1464757796000000000,TMG399X RGB Sensor,5.0,1464757795314806251
0,crowdsignals.algosnap.com,1.0(1),352622063881655,smartphone,-8,light,1464757795000000000,1464757796000000000,TMG399X RGB Sensor,5.0,1464757795491272813
0,crowdsignals.algosnap.com,1.0(1),352622063881655,smartphone,-8,light,1464757795000000000,1464757796000000000,TMG399X RGB Sensor,5.0,1464757795672150313
0,crowdsignals.algosnap.com,1.0(1),352622063881655,smartphone,-8,light,1464757795000000000,1464757796000000000,TMG399X RGB Sensor,5.0,1464757795848193230
0,crowdsignals.algosnap.com,1.0(1),352622063881655,smartphone,-8,light,1464757796000000000,1464757797000000000,TMG399X RGB Sensor,5.0,1464757796205006042
0,crowdsignals.algosnap.com,1.0(1),352622063881655,smartphone,-8,light,1464757796000000000,1464757797000000000,TMG399X RGB Sensor,5.0,1464757796381596979
0,crowdsignals.algosnap.com,1.0(1),352622063881655,smartphone,-8,light,1464757796000000000,1464757797000000000,TMG399X RGB Sensor,5.0,1464757796560346562
0,crowdsignals.algosnap.com,1.0(1),352622063881655,smartphone,-8,light,1464757796000000000,1464757797000000000,TMG399X RGB Sensor,5.0,1464757796737708073
0,crowdsignals.algosnap.com,1.0(1),352622063881655,smartphone,-8,light,1464757796000000000,1464757797000000000,TMG399X RGB Sensor,5.0,1464757796915298698
0,crowdsignals.algosnap.com,1.0(1),352622063881655,smartphone,-8,light,1464757797000000000,1464757798000000000,TMG399X RGB Sensor,5.0,1464757797272980209
0,crowdsignals.algosnap.com,1.0(1),352622063881655,smartphone,-8,light,1464757797000000000,1464757798000000000,TMG399X RGB Sensor,5.0,1464757797449458907
0,crowdsignals.algosnap.com,1.0(1),352622063881655,smartphone,-8,light,1464757797000000000,1464757798000000000,TMG399X RGB Sensor,5.0,1464757797627050782
0,crowdsignals.algosnap.com,1.0(1),352622063881655,smartphone,-8,light,1464757797000000000,1464757798000000000,TMG399X RGB Sensor,5.0,1464757797805677083
0,crowdsignals.algosnap.com,1.0(1),352622063881655,smartphone,-8,light,1464757797000000000,1464757798000000000,TMG399X RGB Sensor,5.0,1464757797982367292
0,crowdsignals.algosnap.com,1.0(1),352622063881655,smartphone,-8,light,1464757798000000000,1464757799000000000,TMG399X RGB Sensor,5.0,1464757798338190677
0,crowdsignals.algosnap.com,1.0(1),352622063881655,smartphone,-8,light,1464757798000000000,1464757799000000000,TMG399X RGB Sensor,5.0,1464757798516391562
0,crowdsignals.algosnap.com,1.0(1),352622063881655,smartphone,-8,light,1464757798000000000,1464757799000000000,TMG399X RGB Sensor,5.0,1464757798694191407
0,crowdsignals.algosnap.com,1.0(1),352622063881655,smartphone,-8,light,1464757798000000000,1464757799000000000,TMG399X RGB Sensor,5.0,1464757798872492656
0,crowdsignals.algosnap.com,1.0(1),352622063881655,smartphone,-8,light,1464757799000000000,1464757800000000000,TMG399X RGB Sensor,5.0,1464757799227521042
0,crowdsignals.algosnap.com,1.0(1),352622063881655,smartphone,-8,light,1464757799000000000,1464757800000000000,TMG399X RGB Sensor,5.0,1464757799405270677
0,crowdsignals.algosnap.com,1.0(1),352622063881655,smartphone,-8,light,1464757799000000000,1464757800000000000,TMG399X RGB Sensor,5.0,1464757799583573073
0,crowdsignals.algosnap.com,1.0(1),352622063881655,smartphone,-8,light,1464757799000000000,1464757800000000000,TMG399X RGB Sensor,5.0,1464757799761569271
0,crowdsignals.algosnap.com,1.0(1),352622063881655,smartphone,-8,light,1464757799000000000,1464757800000000000,TMG399X RGB Sensor,5.0,1464757799940526146
0,crowdsignals.algosnap.com,1.0(1),352622063881655,smartphone,-8,light,1464757800000000000,1464757801000000000,TMG399X RGB Sensor,5.0,1464757800296047604
0,crowdsignals.algosnap.com,1.0(1),352622063881655,smartphone,-8,light,1464757800000000000,1464757801000000000,TMG399X RGB Sensor,5.0,1464757800473484948
0,crowdsignals.algosnap.com,1.0(1),352622063881655,smartphone,-8,light,1464757800000000000,1464757801000000000,TMG399X RGB Sensor,5.0,1464757800653113385
0,crowdsignals.algosnap.com,1.0(1),352622063881655,smartphone,-8,light,1464757800000000000,1464757801000000000,TMG399X RGB Sensor,5.0,1464757800829899114
0,crowdsignals.algosnap.com,1.0(1),352622063881655,smartphone,-8,light,1464757801000000000,1464757802000000000,TMG399X RGB Sensor,5.0,1464757801007773958
0,crowdsignals.algosnap.com,1.0(1),352622063881655,smartphone,-8,light,1464757801000000000,1464757802000000000,TMG399X RGB Sensor,5.0,1464757801186528750
0,crowdsignals.algosnap.com,1.0(1),352622063881655,smartphone,-8,light,1464757801000000000,1464757802000000000,TMG399X RGB Sensor,5.0,1464757801365267969
0,crowdsignals.algosnap.com,1.0(1),352622063881655,smartphone,-8,light,1464757801000000000,1464757802000000000,TMG399X RGB Sensor,5.0,1464757801541706198
0,crowdsignals.algosnap.com,1.0(1),352622063881655,smartphone,-8,light,1464757801000000000,1464757802000000000,TMG399X RGB Sensor,5.0,1464757801719512239
0,crowdsignals.algosnap.com,1.0(1),352622063881655,smartphone,-8,light,1464757801000000000,1464757802000000000,TMG399X RGB Sensor,5.0,1464757801896940521
0,crowdsignals.algosnap.com,1.0(1),352622063881655,smartphone,-8,light,1464757802000000000,1464757803000000000,TMG399X RGB Sensor,5.0,1464757802253285469
0,crowdsignals.algosnap.com,1.0(1),352622063881655,smartphone,-8,light,1464757802000000000,1464757803000000000,TMG399X RGB Sensor,5.0,1464757802430716563
0,crowdsignals.algosnap.com,1.0(1),352622063881655,smartphone,-8,light,1464757802000000000,1464757803000000000,TMG399X RGB Sensor,5.0,1464757802609525730
0,crowdsignals.algosnap.com,1.0(1),352622063881655,smartphone,-8,light,1464757802000000000,1464757803000000000,TMG399X RGB Sensor,5.0,1464757802788483542
0,crowdsignals.algosnap.com,1.0(1),352622063881655,smartphone,-8,light,1464757802000000000,1464757803000000000,TMG399X RGB Sensor,5.0,1464757802966327031
0,crowdsignals.algosnap.com,1.0(1),352622063881655,smartphone,-8,light,1464757803000000000,1464757804000000000,TMG399X RGB Sensor,5.0,1464757803320824323
0,crowdsignals.algosnap.com,1.0(1),352622063881655,smartphone,-8,light,1464757803000000000,1464757804000000000,TMG399X RGB Sensor,5.0,1464757803499457343
0,crowdsignals.algosnap.com,1.0(1),352622063881655,smartphone,-8,light,1464757803000000000,1464757804000000000,TMG399X RGB Sensor,5.0,1464757803678876926
0,crowdsignals.algosnap.com,1.0(1),352622063881655,smartphone,-8,light,1464757803000000000,1464757804000000000,TMG399X RGB Sensor,5.0,1464757803855875156
0,crowdsignals.algosnap.com,1.0(1),352622063881655,smartphone,-8,light,1464757804000000000,1464757805000000000,TMG399X RGB Sensor,5.0,1464757804210309270
0,crowdsignals.algosnap.com,1.0(1),352622063881655,smartphone,-8,light,1464757804000000000,1464757805000000000,TMG399X RGB Sensor,5.0,1464757804388373906
0,crowdsignals.algosnap.com,1.0(1),352622063881655,smartphone,-8,light,1464757804000000000,1464757805000000000,TMG399X RGB Sensor,5.0,1464757804566186302
0,crowdsignals.algosnap.com,1.0(1),352622063881655,smartphone,-8,light,1464757804000000000,1464757805000000000,TMG399X RGB Sensor,5.0,1464757804744114427
0,crowdsignals.algosnap.com,1.0(1),352622063881655,smartphone,-8,light,1464757804000000000,1464757805000000000,TMG399X RGB Sensor,5.0,1464757804921662813
0,crowdsignals.algosnap.com,1.0(1),352622063881655,smartphone,-8,light,1464757805000000000,1464757806000000000,TMG399X RGB Sensor,5.0,1464757805278784426
0,crowdsignals.algosnap.com,1.0(1),352622063881655,smartphone,-8,light,1464757805000000000,1464757806000000000,TMG399X RGB Sensor,5.0,1464757805455452083
0,crowdsignals.algosnap.com,1.0(1),352622063881655,smartphone,-8,light,1464757805000000000,1464757806000000000,TMG399X RGB Sensor,5.0,1464757805632854896
0,crowdsignals.algosnap.com,1.0(1),352622063881655,smartphone,-8,light,1464757805000000000,1464757806000000000,TMG399X RGB Sensor,5.0,1464757805812401510
0,crowdsignals.algosnap.com,1.0(1),352622063881655,smartphone,-8,light,1464757805000000000,1464757806000000000,TMG399X RGB Sensor,5.0,1464757805988924009
0,crowdsignals.algosnap.com,1.0(1),352622063881655,smartphone,-8,light,1464757806000000000,1464757807000000000,TMG399X RGB Sensor,5.0,1464757806344926719
0,crowdsignals.algosnap.com,1.0(1),352622063881655,smartphone,-8,light,1464757806000000000,1464757807000000000,TMG399X RGB Sensor,5.0,1464757806522574428
0,crowdsignals.algosnap.com,1.0(1),352622063881655,smartphone,-8,light,1464757806000000000,1464757807000000000,TMG399X RGB Sensor,5.0,1464757806701861407
0,crowdsignals.algosnap.com,1.0(1),352622063881655,smartphone,-8,light,1464757806000000000,1464757807000000000,TMG399X RGB Sensor,5.0,1464757806878849791
0,crowdsignals.algosnap.com,1.0(1),352622063881655,smartphone,-8,light,1464757807000000000,1464757808000000000,TMG399X RGB Sensor,5.0,1464757807235334271
0,crowdsignals.algosnap.com,1.0(1),352622063881655,smartphone,-8,light,1464757807000000000,1464757808000000000,TMG399X RGB Sensor,5.0,1464757807412244583
0,crowdsignals.algosnap.com,1.0(1),352622063881655,smartphone,-8,light,1464757807000000000,1464757808000000000,TMG399X RGB Sensor,5.0,1464757807591785468
0,crowdsignals.algosnap.com,1.0(1),352622063881655,smartphone,-8,light,1464757807000000000,1464757808000000000,TMG399X RGB Sensor,5.0,1464757807770140155
0,crowdsignals.algosnap.com,1.0(1),352622063881655,smartphone,-8,light,1464757807000000000,1464757808000000000,TMG399X RGB Sensor,5.0,1464757807947434011
0,crowdsignals.algosnap.com,1.0(1),352622063881655,smartphone,-8,light,1464757808000000000,1464757809000000000,TMG399X RGB Sensor,5.0,1464757808302737292
0,crowdsignals.algosnap.com,1.0(1),352622063881655,smartphone,-8,light,1464757808000000000,1464757809000000000,TMG399X RGB Sensor,5.0,1464757808480239843
0,crowdsignals.algosnap.com,1.0(1),352622063881655,smartphone,-8,light,1464757808000000000,1464757809000000000,TMG399X RGB Sensor,5.0,1464757808659653906
0,crowdsignals.algosnap.com,1.0(1),352622063881655,smartphone,-8,light,1464757808000000000,1464757809000000000,TMG399X RGB Sensor,5.0,1464757808838086718
0,crowdsignals.algosnap.com,1.0(1),352622063881655,smartphone,-8,light,1464757809000000000,1464757810000000000,TMG399X RGB Sensor,5.0,1464757809192301094
0,crowdsignals.algosnap.com,1.0(1),352622063881655,smartphone,-8,light,1464757809000000000,1464757810000000000,TMG399X RGB Sensor,5.0,1464757809370355417
0,crowdsignals.algosnap.com,1.0(1),352622063881655,smartphone,-8,light,1464757809000000000,1464757810000000000,TMG399X RGB Sensor,5.0,1464757809548247187
0,crowdsignals.algosnap.com,1.0(1),352622063881655,smartphone,-8,light,1464757809000000000,1464757810000000000,TMG399X RGB Sensor,5.0,1464757809727817083
0,crowdsignals.algosnap.com,1.0(1),352622063881655,smartphone,-8,light,1464757809000000000,1464757810000000000,TMG399X RGB Sensor,5.0,1464757809904161562
0,crowdsignals.algosnap.com,1.0(1),352622063881655,smartphone,-8,light,1464757810000000000,1464757811000000000,TMG399X RGB Sensor,5.0,1464757810262268698
0,crowdsignals.algosnap.com,1.0(1),352622063881655,smartphone,-8,light,1464757810000000000,1464757811000000000,TMG399X RGB Sensor,5.0,1464757810437359896
0,crowdsignals.algosnap.com,1.0(1),352622063881655,smartphone,-8,light,1464757810000000000,1464757811000000000,TMG399X RGB Sensor,5.0,1464757810615518542
0,crowdsignals.algosnap.com,1.0(1),352622063881655,smartphone,-8,light,1464757810000000000,1464757811000000000,TMG399X RGB Sensor,5.0,1464757810795174792
0,crowdsignals.algosnap.com,1.0(1),352622063881655,smartphone,-8,light,1464757810000000000,1464757811000000000,TMG399X RGB Sensor,5.0,1464757810972169375
0,crowdsignals.algosnap.com,1.0(1),352622063881655,smartphone,-8,light,1464757811000000000,1464757812000000000,TMG399X RGB Sensor,5.0,1464757811148867604
0,crowdsignals.algosnap.com,1.0(1),352622063881655,smartphone,-8,light,1464757811000000000,1464757812000000000,TMG399X RGB Sensor,5.0,1464757811328281146
0,crowdsignals.algosnap.com,1.0(1),352622063881655,smartphone,-8,light,1464757811000000000,1464757812000000000,TMG399X RGB Sensor,5.0,1464757811505807396
0,crowdsignals.algosnap.com,1.0(1),352622063881655,smartphone,-8,light,1464757811000000000,1464757812000000000,TMG399X RGB Sensor,5.0,1464757811684202813
0,crowdsignals.algosnap.com,1.0(1),352622063881655,smartphone,-8,light,1464757811000000000,1464757812000000000,TMG399X RGB Sensor,5.0,1464757811860805209
0,crowdsignals.algosnap.com,1.0(1),352622063881655,smartphone,-8,light,1464757812000000000,1464757813000000000,TMG399X RGB Sensor,5.0,1464757812216600521
0,crowdsignals.algosnap.com,1.0(1),352622063881655,smartphone,-8,light,1464757812000000000,1464757813000000000,TMG399X RGB Sensor,5.0,1464757812394671406
0,crowdsignals.algosnap.com,1.0(1),352622063881655,smartphone,-8,light,1464757812000000000,1464757813000000000,TMG399X RGB Sensor,5.0,1464757812573007344
0,crowdsignals.algosnap.com,1.0(1),352622063881655,smartphone,-8,light,1464757812000000000,1464757813000000000,TMG399X RGB Sensor,5.0,1464757812750919010
0,crowdsignals.algosnap.com,1.0(1),352622063881655,smartphone,-8,light,1464757812000000000,1464757813000000000,TMG399X RGB Sensor,5.0,1464757812928264583
0,crowdsignals.algosnap.com,1.0(1),352622063881655,smartphone,-8,light,1464757813000000000,1464757814000000000,TMG399X RGB Sensor,8.0,1464757813286164688
0,crowdsignals.algosnap.com,1.0(1),352622063881655,smartphone,-8,light,1464757813000000000,1464757814000000000,TMG399X RGB Sensor,8.0,1464757813463384844
0,crowdsignals.algosnap.com,1.0(1),352622063881655,smartphone,-8,light,1464757813000000000,1464757814000000000,TMG399X RGB Sensor,8.0,1464757813641284167
0,crowdsignals.algosnap.com,1.0(1),352622063881655,smartphone,-8,light,1464757813000000000,1464757814000000000,TMG399X RGB Sensor,8.0,1464757813818399479
0,crowdsignals.algosnap.com,1.0(1),352622063881655,smartphone,-8,light,1464757813000000000,1464757814000000000,TMG399X RGB Sensor,8.0,1464757813997134948
0,crowdsignals.algosnap.com,1.0(1),352622063881655,smartphone,-8,light,1464757814000000000,1464757815000000000,TMG399X RGB Sensor,8.0,1464757814353018542
0,crowdsignals.algosnap.com,1.0(1),352622063881655,smartphone,-8,light,1464757814000000000,1464757815000000000,TMG399X RGB Sensor,8.0,1464757814529194530
0,crowdsignals.algosnap.com,1.0(1),352622063881655,smartphone,-8,light,1464757814000000000,1464757815000000000,TMG399X RGB Sensor,8.0,1464757814709135312
0,crowdsignals.algosnap.com,1.0(1),352622063881655,smartphone,-8,light,1464757814000000000,1464757815000000000,TMG399X RGB Sensor,8.0,1464757814887273073
0,crowdsignals.algosnap.com,1.0(1),352622063881655,smartphone,-8,light,1464757815000000000,1464757816000000000,TMG399X RGB Sensor,8.0,1464757815241963907
0,crowdsignals.algosnap.com,1.0(1),352622063881655,smartphone,-8,light,1464757815000000000,1464757816000000000,TMG399X RGB Sensor,8.0,1464757815418559062
0,crowdsignals.algosnap.com,1.0(1),352622063881655,smartphone,-8,light,1464757815000000000,1464757816000000000,TMG399X RGB Sensor,8.0,1464757815598059271
0,crowdsignals.algosnap.com,1.0(1),352622063881655,smartphone,-8,light,1464757815000000000,1464757816000000000,TMG399X RGB Sensor,8.0,1464757815774895469
0,crowdsignals.algosnap.com,1.0(1),352622063881655,smartphone,-8,light,1464757815000000000,1464757816000000000,TMG399X RGB Sensor,8.0,1464757815953715052
0,crowdsignals.algosnap.com,1.0(1),352622063881655,smartphone,-8,light,1464757816000000000,1464757817000000000,TMG399X RGB Sensor,8.0,1464757816309347395
0,crowdsignals.algosnap.com,1.0(1),352622063881655,smartphone,-8,light,1464757816000000000,1464757817000000000,TMG399X RGB Sensor,8.0,1464757816487263281
0,crowdsignals.algosnap.com,1.0(1),352622063881655,smartphone,-8,light,1464757816000000000,1464757817000000000,TMG399X RGB Sensor,8.0,1464757816665322188
0,crowdsignals.algosnap.com,1.0(1),352622063881655,smartphone,-8,light,1464757816000000000,1464757817000000000,TMG399X RGB Sensor,8.0,1464757816843082396
0,crowdsignals.algosnap.com,1.0(1),352622063881655,smartphone,-8,light,1464757817000000000,1464757818000000000,TMG399X RGB Sensor,8.0,1464757817199258438
0,crowdsignals.algosnap.com,1.0(1),352622063881655,smartphone,-8,light,1464757817000000000,1464757818000000000,TMG399X RGB Sensor,8.0,1464757817377421302
0,crowdsignals.algosnap.com,1.0(1),352622063881655,smartphone,-8,light,1464757817000000000,1464757818000000000,TMG399X RGB Sensor,8.0,1464757817553382708
0,crowdsignals.algosnap.com,1.0(1),352622063881655,smartphone,-8,light,1464757817000000000,1464757818000000000,TMG399X RGB Sensor,8.0,1464757817733179531
0,crowdsignals.algosnap.com,1.0(1),352622063881655,smartphone,-8,light,1464757817000000000,1464757818000000000,TMG399X RGB Sensor,8.0,1464757817910049739
0,crowdsignals.algosnap.com,1.0(1),352622063881655,smartphone,-8,light,1464757818000000000,1464757819000000000,TMG399X RGB Sensor,8.0,1464757818266791614
0,crowdsignals.algosnap.com,1.0(1),352622063881655,smartphone,-8,light,1464757818000000000,1464757819000000000,TMG399X RGB Sensor,5.0,1464757818445354063
0,crowdsignals.algosnap.com,1.0(1),352622063881655,smartphone,-8,light,1464757818000000000,1464757819000000000,TMG399X RGB Sensor,8.0,1464757818622486094
0,crowdsignals.algosnap.com,1.0(1),352622063881655,smartphone,-8,light,1464757818000000000,1464757819000000000,TMG399X RGB Sensor,8.0,1464757818800380677
0,crowdsignals.algosnap.com,1.0(1),352622063881655,smartphone,-8,light,1464757818000000000,1464757819000000000,TMG399X RGB Sensor,8.0,1464757818978520573
0,crowdsignals.algosnap.com,1.0(1),352622063881655,smartphone,-8,light,1464757819000000000,1464757820000000000,TMG399X RGB Sensor,8.0,1464757819334842812
0,crowdsignals.algosnap.com,1.0(1),352622063881655,smartphone,-8,light,1464757819000000000,1464757820000000000,TMG399X RGB Sensor,8.0,1464757819512273698
0,crowdsignals.algosnap.com,1.0(1),352622063881655,smartphone,-8,light,1464757819000000000,1464757820000000000,TMG399X RGB Sensor,8.0,1464757819690206823
0,crowdsignals.algosnap.com,1.0(1),352622063881655,smartphone,-8,light,1464757819000000000,1464757820000000000,TMG399X RGB Sensor,8.0,1464757819867655261
0,crowdsignals.algosnap.com,1.0(1),352622063881655,smartphone,-8,light,1464757820000000000,1464757821000000000,TMG399X RGB Sensor,8.0,1464757820224891771
0,crowdsignals.algosnap.com,1.0(1),352622063881655,smartphone,-8,light,1464757820000000000,1464757821000000000,TMG399X RGB Sensor,8.0,1464757820401066250
0,crowdsignals.algosnap.com,1.0(1),352622063881655,smartphone,-8,light,1464757820000000000,1464757821000000000,TMG399X RGB Sensor,8.0,1464757820579362552
0,crowdsignals.algosnap.com,1.0(1),352622063881655,smartphone,-8,light,1464757820000000000,1464757821000000000,TMG399X RGB Sensor,8.0,1464757820757663698
0,crowdsignals.algosnap.com,1.0(1),352622063881655,smartphone,-8,light,1464757820000000000,1464757821000000000,TMG399X RGB Sensor,8.0,1464757820936333906
0,crowdsignals.algosnap.com,1.0(1),352622063881655,smartphone,-8,light,1464757821000000000,1464757822000000000,TMG399X RGB Sensor,8.0,1464757821114065938
0,crowdsignals.algosnap.com,1.0(1),352622063881655,smartphone,-8,light,1464757821000000000,1464757822000000000,TMG399X RGB Sensor,8.0,1464757821291007344
0,crowdsignals.algosnap.com,1.0(1),352622063881655,smartphone,-8,light,1464757821000000000,1464757822000000000,TMG399X RGB Sensor,8.0,1464757821468917083
0,crowdsignals.algosnap.com,1.0(1),352622063881655,smartphone,-8,light,1464757821000000000,1464757822000000000,TMG399X RGB Sensor,8.0,1464757821647735313
0,crowdsignals.algosnap.com,1.0(1),352622063881655,smartphone,-8,light,1464757821000000000,1464757822000000000,TMG399X RGB Sensor,8.0,1464757821825967656
0,crowdsignals.algosnap.com,1.0(1),352622063881655,smartphone,-8,light,1464757822000000000,1464757823000000000,TMG399X RGB Sensor,8.0,1464757822181095677
0,crowdsignals.algosnap.com,1.0(1),352622063881655,smartphone,-8,light,1464757822000000000,1464757823000000000,TMG399X RGB Sensor,8.0,1464757822359637760
0,crowdsignals.algosnap.com,1.0(1),352622063881655,smartphone,-8,light,1464757822000000000,1464757823000000000,TMG399X RGB Sensor,8.0,1464757822536728802
0,crowdsignals.algosnap.com,1.0(1),352622063881655,smartphone,-8,light,1464757822000000000,1464757823000000000,TMG399X RGB Sensor,8.0,1464757822714644167
0,crowdsignals.algosnap.com,1.0(1),352622063881655,smartphone,-8,light,1464757822000000000,1464757823000000000,TMG399X RGB Sensor,8.0,1464757822891630885
0,crowdsignals.algosnap.com,1.0(1),352622063881655,smartphone,-8,light,1464757823000000000,1464757824000000000,TMG399X RGB Sensor,8.0,1464757823248099584
0,crowdsignals.algosnap.com,1.0(1),352622063881655,smartphone,-8,light,1464757823000000000,1464757824000000000,TMG399X RGB Sensor,8.0,1464757823425315000
0,crowdsignals.algosnap.com,1.0(1),352622063881655,smartphone,-8,light,1464757823000000000,1464757824000000000,TMG399X RGB Sensor,8.0,1464757823603708646
0,crowdsignals.algosnap.com,1.0(1),352622063881655,smartphone,-8,light,1464757823000000000,1464757824000000000,TMG399X RGB Sensor,8.0,1464757823780921771
0,crowdsignals.algosnap.com,1.0(1),352622063881655,smartphone,-8,light,1464757823000000000,1464757824000000000,TMG399X RGB Sensor,8.0,1464757823959170260
0,crowdsignals.algosnap.com,1.0(1),352622063881655,smartphone,-8,light,1464757824000000000,1464757825000000000,TMG399X RGB Sensor,8.0,1464757824316268489
0,crowdsignals.algosnap.com,1.0(1),352622063881655,smartphone,-8,light,1464757824000000000,1464757825000000000,TMG399X RGB Sensor,8.0,1464757824493619948
0,crowdsignals.algosnap.com,1.0(1),352622063881655,smartphone,-8,light,1464757824000000000,1464757825000000000,TMG399X RGB Sensor,8.0,1464757824671230521
0,crowdsignals.algosnap.com,1.0(1),352622063881655,smartphone,-8,light,1464757824000000000,1464757825000000000,TMG399X RGB Sensor,8.0,1464757824849285573
0,crowdsignals.algosnap.com,1.0(1),352622063881655,smartphone,-8,light,1464757825000000000,1464757826000000000,TMG399X RGB Sensor,8.0,1464757825204303386
0,crowdsignals.algosnap.com,1.0(1),352622063881655,smartphone,-8,light,1464757825000000000,1464757826000000000,TMG399X RGB Sensor,8.0,1464757825382590990
0,crowdsignals.algosnap.com,1.0(1),352622063881655,smartphone,-8,light,1464757825000000000,1464757826000000000,TMG399X RGB Sensor,8.0,1464757825561280521
0,crowdsignals.algosnap.com,1.0(1),352622063881655,smartphone,-8,light,1464757825000000000,1464757826000000000,TMG399X RGB Sensor,8.0,1464757825738750781
0,crowdsignals.algosnap.com,1.0(1),352622063881655,smartphone,-8,light,1464757825000000000,1464757826000000000,TMG399X RGB Sensor,8.0,1464757825917247240
0,crowdsignals.algosnap.com,1.0(1),352622063881655,smartphone,-8,light,1464757826000000000,1464757827000000000,TMG399X RGB Sensor,8.0,1464757826273249219
0,crowdsignals.algosnap.com,1.0(1),352622063881655,smartphone,-8,light,1464757826000000000,1464757827000000000,TMG399X RGB Sensor,8.0,1464757826450161666
0,crowdsignals.algosnap.com,1.0(1),352622063881655,smartphone,-8,light,1464757826000000000,1464757827000000000,TMG399X RGB Sensor,8.0,1464757826627505260
0,crowdsignals.algosnap.com,1.0(1),352622063881655,smartphone,-8,light,1464757826000000000,1464757827000000000,TMG399X RGB Sensor,8.0,1464757826806754167
0,crowdsignals.algosnap.com,1.0(1),352622063881655,smartphone,-8,light,1464757826000000000,1464757827000000000,TMG399X RGB Sensor,8.0,1464757826985544115
0,crowdsignals.algosnap.com,1.0(1),352622063881655,smartphone,-8,light,1464757827000000000,1464757828000000000,TMG399X RGB Sensor,8.0,1464757827339967186
0,crowdsignals.algosnap.com,1.0(1),352622063881655,smartphone,-8,light,1464757827000000000,1464757828000000000,TMG399X RGB Sensor,8.0,1464757827517668333
0,crowdsignals.algosnap.com,1.0(1),352622063881655,smartphone,-8,light,1464757827000000000,1464757828000000000,TMG399X RGB Sensor,8.0,1464757827697120000
0,crowdsignals.algosnap.com,1.0(1),352622063881655,smartphone,-8,light,1464757827000000000,1464757828000000000,TMG399X RGB Sensor,8.0,1464757827874427031
0,crowdsignals.algosnap.com,1.0(1),352622063881655,smartphone,-8,light,1464757828000000000,1464757829000000000,TMG399X RGB Sensor,8.0,1464757828229539583
0,crowdsignals.algosnap.com,1.0(1),352622063881655,smartphone,-8,light,1464757828000000000,1464757829000000000,TMG399X RGB Sensor,8.0,1464757828407762396
0,crowdsignals.algosnap.com,1.0(1),352622063881655,smartphone,-8,light,1464757828000000000,1464757829000000000,TMG399X RGB Sensor,3.0,1464757828587483020
0,crowdsignals.algosnap.com,1.0(1),352622063881655,smartphone,-8,light,1464757828000000000,1464757829000000000,TMG399X RGB Sensor,8.0,1464757828764836146
0,crowdsignals.algosnap.com,1.0(1),352622063881655,smartphone,-8,light,1464757828000000000,1464757829000000000,TMG399X RGB Sensor,8.0,1464757828942319740
0,crowdsignals.algosnap.com,1.0(1),352622063881655,smartphone,-8,light,1464757829000000000,1464757830000000000,TMG399X RGB Sensor,8.0,1464757829298683437
0,crowdsignals.algosnap.com,1.0(1),352622063881655,smartphone,-8,light,1464757829000000000,1464757830000000000,TMG399X RGB Sensor,8.0,1464757829475154166
0,crowdsignals.algosnap.com,1.0(1),352622063881655,smartphone,-8,light,1464757829000000000,1464757830000000000,TMG399X RGB Sensor,8.0,1464757829652307864
0,crowdsignals.algosnap.com,1.0(1),352622063881655,smartphone,-8,light,1464757829000000000,1464757830000000000,TMG399X RGB Sensor,8.0,1464757829831023803
0,crowdsignals.algosnap.com,1.0(1),352622063881655,smartphone,-8,light,1464757830000000000,1464757831000000000,TMG399X RGB Sensor,8.0,1464757830187036562
0,crowdsignals.algosnap.com,1.0(1),352622063881655,smartphone,-8,light,1464757830000000000,1464757831000000000,TMG399X RGB Sensor,8.0,1464757830364986198
0,crowdsignals.algosnap.com,1.0(1),352622063881655,smartphone,-8,light,1464757830000000000,1464757831000000000,TMG399X RGB Sensor,8.0,1464757830542977605
0,crowdsignals.algosnap.com,1.0(1),352622063881655,smartphone,-8,light,1464757830000000000,1464757831000000000,TMG399X RGB Sensor,8.0,1464757830721056042
0,crowdsignals.algosnap.com,1.0(1),352622063881655,smartphone,-8,light,1464757830000000000,1464757831000000000,TMG399X RGB Sensor,8.0,1464757830898365781
0,crowdsignals.algosnap.com,1.0(1),352622063881655,smartphone,-8,light,1464757831000000000,1464757832000000000,TMG399X RGB Sensor,8.0,1464757831076846250
0,crowdsignals.algosnap.com,1.0(1),352622063881655,smartphone,-8,light,1464757831000000000,1464757832000000000,TMG399X RGB Sensor,8.0,1464757831254929427
0,crowdsignals.algosnap.com,1.0(1),352622063881655,smartphone,-8,light,1464757831000000000,1464757832000000000,TMG399X RGB Sensor,8.0,1464757831432038802
0,crowdsignals.algosnap.com,1.0(1),352622063881655,smartphone,-8,light,1464757831000000000,1464757832000000000,TMG399X RGB Sensor,8.0,1464757831611477657
0,crowdsignals.algosnap.com,1.0(1),352622063881655,smartphone,-8,light,1464757831000000000,1464757832000000000,TMG399X RGB Sensor,8.0,1464757831788318489
0,crowdsignals.algosnap.com,1.0(1),352622063881655,smartphone,-8,light,1464757831000000000,1464757832000000000,TMG399X RGB Sensor,8.0,1464757831966327032
