user_id,sw_name,sw_version,device_id,device_type,timezone,type,start,end,calories,timestamps
0,crowdsignals.algosnap.com,1.0(1),352622063881655,smartphone,-8,msBandCalories,1464757756000000000,1464757757000000000,43986,1464757756149000000
0,crowdsignals.algosnap.com,1.0(1),352622063881655,smartphone,-8,msBandCalories,1464757757000000000,1464757758000000000,43986,1464757757197000000
0,crowdsignals.algosnap.com,1.0(1),352622063881655,smartphone,-8,msBandCalories,1464757758000000000,1464757759000000000,43986,1464757758222000000
0,crowdsignals.algosnap.com,1.0(1),352622063881655,smartphone,-8,msBandCalories,1464757759000000000,1464757760000000000,43986,1464757759218000000
0,crowdsignals.algosnap.com,1.0(1),352622063881655,smartphone,-8,msBandCalories,1464757760000000000,1464757761000000000,43986,1464757760273000000
0,crowdsignals.algosnap.com,1.0(1),352622063881655,smartphone,-8,msBandCalories,1464757761000000000,1464757762000000000,43986,1464757761281000000
0,crowdsignals.algosnap.com,1.0(1),352622063881655,smartphone,-8,msBandCalories,1464757762000000000,1464757763000000000,43986,1464757762305000000
0,crowdsignals.algosnap.com,1.0(1),352622063881655,smartphone,-8,msBandCalories,1464757763000000000,1464757764000000000,43986,1464757763343000000
0,crowdsignals.algosnap.com,1.0(1),352622063881655,smartphone,-8,msBandCalories,1464757764000000000,1464757765000000000,43986,1464757764359000000
0,crowdsignals.algosnap.com,1.0(1),352622063881655,smartphone,-8,msBandCalories,1464757765000000000,1464757766000000000,43986,1464757765380000000
0,crowdsignals.algosnap.com,1.0(1),352622063881655,smartphone,-8,msBandCalories,1464757766000000000,1464757767000000000,43986,1464757766404000000
0,crowdsignals.algosnap.com,1.0(1),352622063881655,smartphone,-8,msBandCalories,1464757767000000000,1464757768000000000,43986,1464757767414000000
0,crowdsignals.algosnap.com,1.0(1),352622063881655,smartphone,-8,msBandCalories,1464757768000000000,1464757769000000000,43986,1464757768442000000
0,crowdsignals.algosnap.com,1.0(1),352622063881655,smartphone,-8,msBandCalories,1464757769000000000,1464757770000000000,43986,1464757769482000000
0,crowdsignals.algosnap.com,1.0(1),352622063881655,smartphone,-8,msBandCalories,1464757770000000000,1464757771000000000,43986,1464757770495000000
0,crowdsignals.algosnap.com,1.0(1),352622063881655,smartphone,-8,msBandCalories,1464757771000000000,1464757772000000000,43986,1464757771507000000
0,crowdsignals.algosnap.com,1.0(1),352622063881655,smartphone,-8,msBandCalories,1464757772000000000,1464757773000000000,43986,1464757772531000000
0,crowdsignals.algosnap.com,1.0(1),352622063881655,smartphone,-8,msBandCalories,1464757773000000000,1464757774000000000,43986,1464757773570000000
0,crowdsignals.algosnap.com,1.0(1),352622063881655,smartphone,-8,msBandCalories,1464757774000000000,1464757775000000000,43986,1464757774591000000
0,crowdsignals.algosnap.com,1.0(1),352622063881655,smartphone,-8,msBandCalories,1464757775000000000,1464757776000000000,43986,1464757775621000000
0,crowdsignals.algosnap.com,1.0(1),352622063881655,smartphone,-8,msBandCalories,1464757776000000000,1464757777000000000,43986,1464757776653000000
0,crowdsignals.algosnap.com,1.0(1),352622063881655,smartphone,-8,msBandCalories,1464757777000000000,1464757778000000000,43986,1464757777670000000
0,crowdsignals.algosnap.com,1.0(1),352622063881655,smartphone,-8,msBandCalories,1464757778000000000,1464757779000000000,43986,1464757778683000000
0,crowdsignals.algosnap.com,1.0(1),352622063881655,smartphone,-8,msBandCalories,1464757779000000000,1464757780000000000,43986,1464757779727000000
0,crowdsignals.algosnap.com,1.0(1),352622063881655,smartphone,-8,msBandCalories,1464757780000000000,1464757781000000000,43986,1464757780733000000
0,crowdsignals.algosnap.com,1.0(1),352622063881655,smartphone,-8,msBandCalories,1464757781000000000,1464757782000000000,43986,1464757781747000000
0,crowdsignals.algosnap.com,1.0(1),352622063881655,smartphone,-8,msBandCalories,1464757782000000000,1464757783000000000,43986,1464757782795000000
0,crowdsignals.algosnap.com,1.0(1),352622063881655,smartphone,-8,msBandCalories,1464757783000000000,1464757784000000000,43986,1464757783813000000
0,crowdsignals.algosnap.com,1.0(1),352622063881655,smartphone,-8,msBandCalories,1464757784000000000,1464757785000000000,43986,1464757784829000000
0,crowdsignals.algosnap.com,1.0(1),352622063881655,smartphone,-8,msBandCalories,1464757785000000000,1464757786000000000,43986,1464757785852000000
0,crowdsignals.algosnap.com,1.0(1),352622063881655,smartphone,-8,msBandCalories,1464757786000000000,1464757787000000000,43986,1464757786867000000
0,crowdsignals.algosnap.com,1.0(1),352622063881655,smartphone,-8,msBandCalories,1464757787000000000,1464757788000000000,43986,1464757787901000000
0,crowdsignals.algosnap.com,1.0(1),352622063881655,smartphone,-8,msBandCalories,1464757788000000000,1464757789000000000,43986,1464757788940000000
0,crowdsignals.algosnap.com,1.0(1),352622063881655,smartphone,-8,msBandCalories,1464757789000000000,1464757790000000000,43986,1464757789941000000
0,crowdsignals.algosnap.com,1.0(1),352622063881655,smartphone,-8,msBandCalories,1464757790000000000,1464757791000000000,43986,1464757790980000000
0,crowdsignals.algosnap.com,1.0(1),352622063881655,smartphone,-8,msBandCalories,1464757792000000000,1464757793000000000,43986,1464757792014000000
0,crowdsignals.algosnap.com,1.0(1),352622063881655,smartphone,-8,msBandCalories,1464757793000000000,1464757794000000000,43986,1464757793014000000
0,crowdsignals.algosnap.com,1.0(1),352622063881655,smartphone,-8,msBandCalories,1464757794000000000,1464757795000000000,43986,1464757794045000000
0,crowdsignals.algosnap.com,1.0(1),352622063881655,smartphone,-8,msBandCalories,1464757795000000000,1464757796000000000,43986,1464757795064000000
0,crowdsignals.algosnap.com,1.0(1),352622063881655,smartphone,-8,msBandCalories,1464757796000000000,1464757797000000000,43986,1464757796090000000
0,crowdsignals.algosnap.com,1.0(1),352622063881655,smartphone,-8,msBandCalories,1464757797000000000,1464757798000000000,43986,1464757797106000000
0,crowdsignals.algosnap.com,1.0(1),352622063881655,smartphone,-8,msBandCalories,1464757798000000000,1464757799000000000,43987,1464757798135000000
0,crowdsignals.algosnap.com,1.0(1),352622063881655,smartphone,-8,msBandCalories,1464757799000000000,1464757800000000000,43987,1464757799152000000
0,crowdsignals.algosnap.com,1.0(1),352622063881655,smartphone,-8,msBandCalories,1464757800000000000,1464757801000000000,43987,1464757800199000000
0,crowdsignals.algosnap.com,1.0(1),352622063881655,smartphone,-8,msBandCalories,1464757801000000000,1464757802000000000,43987,1464757801224000000
0,crowdsignals.algosnap.com,1.0(1),352622063881655,smartphone,-8,msBandCalories,1464757802000000000,1464757803000000000,43987,1464757802240000000
0,crowdsignals.algosnap.com,1.0(1),352622063881655,smartphone,-8,msBandCalories,1464757803000000000,1464757804000000000,43987,1464757803252000000
0,crowdsignals.algosnap.com,1.0(1),352622063881655,smartphone,-8,msBandCalories,1464757804000000000,1464757805000000000,43987,1464757804282000000
0,crowdsignals.algosnap.com,1.0(1),352622063881655,smartphone,-8,msBandCalories,1464757805000000000,1464757806000000000,43987,1464757805319000000
0,crowdsignals.algosnap.com,1.0(1),352622063881655,smartphone,-8,msBandCalories,1464757806000000000,1464757807000000000,43987,1464757806337000000
0,crowdsignals.algosnap.com,1.0(1),352622063881655,smartphone,-8,msBandCalories,1464757807000000000,1464757808000000000,43987,1464757807386000000
0,crowdsignals.algosnap.com,1.0(1),352622063881655,smartphone,-8,msBandCalories,1464757808000000000,1464757809000000000,43987,1464757808389000000
0,crowdsignals.algosnap.com,1.0(1),352622063881655,smartphone,-8,msBandCalories,1464757809000000000,1464757810000000000,43987,1464757809402000000
0,crowdsignals.algosnap.com,1.0(1),352622063881655,smartphone,-8,msBandCalories,1464757810000000000,1464757811000000000,43987,1464757810428000000
0,crowdsignals.algosnap.com,1.0(1),352622063881655,smartphone,-8,msBandCalories,1464757811000000000,1464757812000000000,43987,1464757811466000000
0,crowdsignals.algosnap.com,1.0(1),352622063881655,smartphone,-8,msBandCalories,1464757812000000000,1464757813000000000,43987,1464757812466000000
0,crowdsignals.algosnap.com,1.0(1),352622063881655,smartphone,-8,msBandCalories,1464757813000000000,1464757814000000000,43987,1464757813491000000
0,crowdsignals.algosnap.com,1.0(1),352622063881655,smartphone,-8,msBandCalories,1464757814000000000,1464757815000000000,43987,1464757814539000000
0,crowdsignals.algosnap.com,1.0(1),352622063881655,smartphone,-8,msBandCalories,1464757815000000000,1464757816000000000,43987,1464757815556000000
0,crowdsignals.algosnap.com,1.0(1),352622063881655,smartphone,-8,msBandCalories,1464757816000000000,1464757817000000000,43987,1464757816565000000
0,crowdsignals.algosnap.com,1.0(1),352622063881655,smartphone,-8,msBandCalories,1464757817000000000,1464757818000000000,43987,1464757817612000000
0,crowdsignals.algosnap.com,1.0(1),352622063881655,smartphone,-8,msBandCalories,1464757818000000000,1464757819000000000,43987,1464757818602000000
0,crowdsignals.algosnap.com,1.0(1),352622063881655,smartphone,-8,msBandCalories,1464757819000000000,1464757820000000000,43987,1464757819642000000
0,crowdsignals.algosnap.com,1.0(1),352622063881655,smartphone,-8,msBandCalories,1464757820000000000,1464757821000000000,43987,1464757820669000000
0,crowdsignals.algosnap.com,1.0(1),352622063881655,smartphone,-8,msBandCalories,1464757821000000000,1464757822000000000,43987,1464757821699000000
0,crowdsignals.algosnap.com,1.0(1),352622063881655,smartphone,-8,msBandCalories,1464757822000000000,1464757823000000000,43987,1464757822707000000
0,crowdsignals.algosnap.com,1.0(1),352622063881655,smartphone,-8,msBandCalories,1464757823000000000,1464757824000000000,43987,1464757823738000000
0,crowdsignals.algosnap.com,1.0(1),352622063881655,smartphone,-8,msBandCalories,1464757824000000000,1464757825000000000,43987,1464757824771000000
0,crowdsignals.algosnap.com,1.0(1),352622063881655,smartphone,-8,msBandCalories,1464757825000000000,1464757826000000000,43987,1464757825773000000
0,crowdsignals.algosnap.com,1.0(1),352622063881655,smartphone,-8,msBandCalories,1464757826000000000,1464757827000000000,43987,1464757826824000000
0,crowdsignals.algosnap.com,1.0(1),352622063881655,smartphone,-8,msBandCalories,1464757827000000000,1464757828000000000,43987,1464757827853000000
0,crowdsignals.algosnap.com,1.0(1),352622063881655,smartphone,-8,msBandCalories,1464757828000000000,1464757829000000000,43987,1464757828871000000
0,crowdsignals.algosnap.com,1.0(1),352622063881655,smartphone,-8,msBandCalories,1464757829000000000,1464757830000000000,43987,1464757829901000000
0,crowdsignals.algosnap.com,1.0(1),352622063881655,smartphone,-8,msBandCalories,1464757830000000000,1464757831000000000,43987,1464757830914000000
0,crowdsignals.algosnap.com,1.0(1),352622063881655,smartphone,-8,msBandCalories,1464757831000000000,1464757832000000000,43987,1464757831939000000
