user_id,sw_name,sw_version,device_id,device_type,timezone,type,start,end,sensor_name,pressure,timestamps
0,crowdsignals.algosnap.com,1.0(1),352622063881655,smartphone,-8,pressure,1464757731000000000,1464757732000000000,Barometer Sensor,1007.385,1464757731972929271
0,crowdsignals.algosnap.com,1.0(1),352622063881655,smartphone,-8,pressure,1464757732000000000,1464757733000000000,Barometer Sensor,1007.4197,1464757732330038958
0,crowdsignals.algosnap.com,1.0(1),352622063881655,smartphone,-8,pressure,1464757732000000000,1464757733000000000,Barometer Sensor,1007.38306,1464757732507627656
0,crowdsignals.algosnap.com,1.0(1),352622063881655,smartphone,-8,pressure,1464757732000000000,1464757733000000000,Barometer Sensor,1007.3899,1464757732686040469
0,crowdsignals.algosnap.com,1.0(1),352622063881655,smartphone,-8,pressure,1464757732000000000,1464757733000000000,Barometer Sensor,1007.58154,1464757732863445990
0,crowdsignals.algosnap.com,1.0(1),352622063881655,smartphone,-8,pressure,1464757733000000000,1464757734000000000,Barometer Sensor,1007.3811,1464757733219280780
0,crowdsignals.algosnap.com,1.0(1),352622063881655,smartphone,-8,pressure,1464757733000000000,1464757734000000000,Barometer Sensor,1007.55176,1464757733397031667
0,crowdsignals.algosnap.com,1.0(1),352622063881655,smartphone,-8,pressure,1464757733000000000,1464757734000000000,Barometer Sensor,1007.42065,1464757733574593803
0,crowdsignals.algosnap.com,1.0(1),352622063881655,smartphone,-8,pressure,1464757733000000000,1464757734000000000,Barometer Sensor,1007.584,1464757733753478490
0,crowdsignals.algosnap.com,1.0(1),352622063881655,smartphone,-8,pressure,1464757733000000000,1464757734000000000,Barometer Sensor,1007.5515,1464757733931426979
0,crowdsignals.algosnap.com,1.0(1),352622063881655,smartphone,-8,pressure,1464757734000000000,1464757735000000000,Barometer Sensor,1007.3318,1464757734286662344
0,crowdsignals.algosnap.com,1.0(1),352622063881655,smartphone,-8,pressure,1464757734000000000,1464757735000000000,Barometer Sensor,1007.4712,1464757734464620781
0,crowdsignals.algosnap.com,1.0(1),352622063881655,smartphone,-8,pressure,1464757734000000000,1464757735000000000,Barometer Sensor,1007.4048,1464757734642685313
0,crowdsignals.algosnap.com,1.0(1),352622063881655,smartphone,-8,pressure,1464757734000000000,1464757735000000000,Barometer Sensor,1007.5571,1464757734820513542
0,crowdsignals.algosnap.com,1.0(1),352622063881655,smartphone,-8,pressure,1464757734000000000,1464757735000000000,Barometer Sensor,1007.4011,1464757734998007552
0,crowdsignals.algosnap.com,1.0(1),352622063881655,smartphone,-8,pressure,1464757735000000000,1464757736000000000,Barometer Sensor,1007.5554,1464757735354458281
0,crowdsignals.algosnap.com,1.0(1),352622063881655,smartphone,-8,pressure,1464757735000000000,1464757736000000000,Barometer Sensor,1007.41406,1464757735532487292
0,crowdsignals.algosnap.com,1.0(1),352622063881655,smartphone,-8,pressure,1464757735000000000,1464757736000000000,Barometer Sensor,1007.3435,1464757735709817812
0,crowdsignals.algosnap.com,1.0(1),352622063881655,smartphone,-8,pressure,1464757735000000000,1464757736000000000,Barometer Sensor,1007.6011,1464757735888362448
0,crowdsignals.algosnap.com,1.0(1),352622063881655,smartphone,-8,pressure,1464757736000000000,1464757737000000000,Barometer Sensor,1007.3511,1464757736243735052
0,crowdsignals.algosnap.com,1.0(1),352622063881655,smartphone,-8,pressure,1464757736000000000,1464757737000000000,Barometer Sensor,1007.55835,1464757736421065678
0,crowdsignals.algosnap.com,1.0(1),352622063881655,smartphone,-8,pressure,1464757736000000000,1464757737000000000,Barometer Sensor,1007.57544,1464757736599589687
0,crowdsignals.algosnap.com,1.0(1),352622063881655,smartphone,-8,pressure,1464757736000000000,1464757737000000000,Barometer Sensor,1007.5469,1464757736777663073
0,crowdsignals.algosnap.com,1.0(1),352622063881655,smartphone,-8,pressure,1464757736000000000,1464757737000000000,Barometer Sensor,1007.5752,1464757736955502083
0,crowdsignals.algosnap.com,1.0(1),352622063881655,smartphone,-8,pressure,1464757737000000000,1464757738000000000,Barometer Sensor,1007.4634,1464757737311088855
0,crowdsignals.algosnap.com,1.0(1),352622063881655,smartphone,-8,pressure,1464757737000000000,1464757738000000000,Barometer Sensor,1007.5637,1464757737489349479
0,crowdsignals.algosnap.com,1.0(1),352622063881655,smartphone,-8,pressure,1464757737000000000,1464757738000000000,Barometer Sensor,1007.58276,1464757737667188386
0,crowdsignals.algosnap.com,1.0(1),352622063881655,smartphone,-8,pressure,1464757737000000000,1464757738000000000,Barometer Sensor,1007.6011,1464757737844467709
0,crowdsignals.algosnap.com,1.0(1),352622063881655,smartphone,-8,pressure,1464757738000000000,1464757739000000000,Barometer Sensor,1007.3496,1464757738201004010
0,crowdsignals.algosnap.com,1.0(1),352622063881655,smartphone,-8,pressure,1464757738000000000,1464757739000000000,Barometer Sensor,1007.33105,1464757738378804374
0,crowdsignals.algosnap.com,1.0(1),352622063881655,smartphone,-8,pressure,1464757738000000000,1464757739000000000,Barometer Sensor,1007.42236,1464757738556975363
0,crowdsignals.algosnap.com,1.0(1),352622063881655,smartphone,-8,pressure,1464757738000000000,1464757739000000000,Barometer Sensor,1007.4048,1464757738734940573
0,crowdsignals.algosnap.com,1.0(1),352622063881655,smartphone,-8,pressure,1464757738000000000,1464757739000000000,Barometer Sensor,1007.5708,1464757738911954897
0,crowdsignals.algosnap.com,1.0(1),352622063881655,smartphone,-8,pressure,1464757739000000000,1464757740000000000,Barometer Sensor,1007.38794,1464757739268708021
0,crowdsignals.algosnap.com,1.0(1),352622063881655,smartphone,-8,pressure,1464757739000000000,1464757740000000000,Barometer Sensor,1007.6123,1464757739446810260
0,crowdsignals.algosnap.com,1.0(1),352622063881655,smartphone,-8,pressure,1464757739000000000,1464757740000000000,Barometer Sensor,1007.4302,1464757739624583542
0,crowdsignals.algosnap.com,1.0(1),352622063881655,smartphone,-8,pressure,1464757739000000000,1464757740000000000,Barometer Sensor,1007.5825,1464757739802042188
0,crowdsignals.algosnap.com,1.0(1),352622063881655,smartphone,-8,pressure,1464757739000000000,1464757740000000000,Barometer Sensor,1007.5996,1464757739980581093
0,crowdsignals.algosnap.com,1.0(1),352622063881655,smartphone,-8,pressure,1464757740000000000,1464757741000000000,Barometer Sensor,1007.3469,1464757740335881667
0,crowdsignals.algosnap.com,1.0(1),352622063881655,smartphone,-8,pressure,1464757740000000000,1464757741000000000,Barometer Sensor,1007.55884,1464757740514292031
0,crowdsignals.algosnap.com,1.0(1),352622063881655,smartphone,-8,pressure,1464757740000000000,1464757741000000000,Barometer Sensor,1007.57104,1464757740691656667
0,crowdsignals.algosnap.com,1.0(1),352622063881655,smartphone,-8,pressure,1464757740000000000,1464757741000000000,Barometer Sensor,1007.58057,1464757740869924582
0,crowdsignals.algosnap.com,1.0(1),352622063881655,smartphone,-8,pressure,1464757741000000000,1464757742000000000,Barometer Sensor,1007.3755,1464757741047689688
0,crowdsignals.algosnap.com,1.0(1),352622063881655,smartphone,-8,pressure,1464757741000000000,1464757742000000000,Barometer Sensor,1007.33154,1464757741225294896
0,crowdsignals.algosnap.com,1.0(1),352622063881655,smartphone,-8,pressure,1464757741000000000,1464757742000000000,Barometer Sensor,1007.55225,1464757741403930782
0,crowdsignals.algosnap.com,1.0(1),352622063881655,smartphone,-8,pressure,1464757741000000000,1464757742000000000,Barometer Sensor,1007.35645,1464757741581051927
0,crowdsignals.algosnap.com,1.0(1),352622063881655,smartphone,-8,pressure,1464757741000000000,1464757742000000000,Barometer Sensor,1007.5991,1464757741759565521
0,crowdsignals.algosnap.com,1.0(1),352622063881655,smartphone,-8,pressure,1464757741000000000,1464757742000000000,Barometer Sensor,1007.5808,1464757741937147552
0,crowdsignals.algosnap.com,1.0(1),352622063881655,smartphone,-8,pressure,1464757742000000000,1464757743000000000,Barometer Sensor,1007.345,1464757742293515208
0,crowdsignals.algosnap.com,1.0(1),352622063881655,smartphone,-8,pressure,1464757742000000000,1464757743000000000,Barometer Sensor,1007.3662,1464757742471481458
0,crowdsignals.algosnap.com,1.0(1),352622063881655,smartphone,-8,pressure,1464757742000000000,1464757743000000000,Barometer Sensor,1007.32544,1464757742648914531
0,crowdsignals.algosnap.com,1.0(1),352622063881655,smartphone,-8,pressure,1464757742000000000,1464757743000000000,Barometer Sensor,1007.5886,1464757742827085886
0,crowdsignals.algosnap.com,1.0(1),352622063881655,smartphone,-8,pressure,1464757743000000000,1464757744000000000,Barometer Sensor,1007.3933,1464757743182990886
0,crowdsignals.algosnap.com,1.0(1),352622063881655,smartphone,-8,pressure,1464757743000000000,1464757744000000000,Barometer Sensor,1007.57764,1464757743361086198
0,crowdsignals.algosnap.com,1.0(1),352622063881655,smartphone,-8,pressure,1464757743000000000,1464757744000000000,Barometer Sensor,1007.55054,1464757743538203488
0,crowdsignals.algosnap.com,1.0(1),352622063881655,smartphone,-8,pressure,1464757743000000000,1464757744000000000,Barometer Sensor,1007.594,1464757743716276355
0,crowdsignals.algosnap.com,1.0(1),352622063881655,smartphone,-8,pressure,1464757743000000000,1464757744000000000,Barometer Sensor,1007.61304,1464757743894462761
0,crowdsignals.algosnap.com,1.0(1),352622063881655,smartphone,-8,pressure,1464757744000000000,1464757745000000000,Barometer Sensor,1007.4021,1464757744250263489
0,crowdsignals.algosnap.com,1.0(1),352622063881655,smartphone,-8,pressure,1464757744000000000,1464757745000000000,Barometer Sensor,1007.57104,1464757744428678124
0,crowdsignals.algosnap.com,1.0(1),352622063881655,smartphone,-8,pressure,1464757744000000000,1464757745000000000,Barometer Sensor,1007.5513,1464757744606307552
0,crowdsignals.algosnap.com,1.0(1),352622063881655,smartphone,-8,pressure,1464757744000000000,1464757745000000000,Barometer Sensor,1007.5137,1464757744783954480
0,crowdsignals.algosnap.com,1.0(1),352622063881655,smartphone,-8,pressure,1464757744000000000,1464757745000000000,Barometer Sensor,1007.6028,1464757744961810208
0,crowdsignals.algosnap.com,1.0(1),352622063881655,smartphone,-8,pressure,1464757745000000000,1464757746000000000,Barometer Sensor,1007.58984,1464757745318415156
0,crowdsignals.algosnap.com,1.0(1),352622063881655,smartphone,-8,pressure,1464757745000000000,1464757746000000000,Barometer Sensor,1007.58203,1464757745495342969
0,crowdsignals.algosnap.com,1.0(1),352622063881655,smartphone,-8,pressure,1464757745000000000,1464757746000000000,Barometer Sensor,1007.4094,1464757745673749583
0,crowdsignals.algosnap.com,1.0(1),352622063881655,smartphone,-8,pressure,1464757745000000000,1464757746000000000,Barometer Sensor,1007.5713,1464757745852076354
0,crowdsignals.algosnap.com,1.0(1),352622063881655,smartphone,-8,pressure,1464757746000000000,1464757747000000000,Barometer Sensor,1007.3782,1464757746207529478
0,crowdsignals.algosnap.com,1.0(1),352622063881655,smartphone,-8,pressure,1464757746000000000,1464757747000000000,Barometer Sensor,1007.5586,1464757746385832864
0,crowdsignals.algosnap.com,1.0(1),352622063881655,smartphone,-8,pressure,1464757746000000000,1464757747000000000,Barometer Sensor,1007.57886,1464757746563460313
0,crowdsignals.algosnap.com,1.0(1),352622063881655,smartphone,-8,pressure,1464757746000000000,1464757747000000000,Barometer Sensor,1007.42554,1464757746740970261
0,crowdsignals.algosnap.com,1.0(1),352622063881655,smartphone,-8,pressure,1464757746000000000,1464757747000000000,Barometer Sensor,1007.55884,1464757746919104739
0,crowdsignals.algosnap.com,1.0(1),352622063881655,smartphone,-8,pressure,1464757747000000000,1464757748000000000,Barometer Sensor,1007.36523,1464757747275051406
0,crowdsignals.algosnap.com,1.0(1),352622063881655,smartphone,-8,pressure,1464757747000000000,1464757748000000000,Barometer Sensor,1007.61426,1464757747452679896
0,crowdsignals.algosnap.com,1.0(1),352622063881655,smartphone,-8,pressure,1464757747000000000,1464757748000000000,Barometer Sensor,1007.59155,1464757747630671823
0,crowdsignals.algosnap.com,1.0(1),352622063881655,smartphone,-8,pressure,1464757747000000000,1464757748000000000,Barometer Sensor,1007.364,1464757747808075729
0,crowdsignals.algosnap.com,1.0(1),352622063881655,smartphone,-8,pressure,1464757747000000000,1464757748000000000,Barometer Sensor,1007.40405,1464757747986295729
0,crowdsignals.algosnap.com,1.0(1),352622063881655,smartphone,-8,pressure,1464757748000000000,1464757749000000000,Barometer Sensor,1007.6218,1464757748342829844
0,crowdsignals.algosnap.com,1.0(1),352622063881655,smartphone,-8,pressure,1464757748000000000,1464757749000000000,Barometer Sensor,1007.34375,1464757748520616562
0,crowdsignals.algosnap.com,1.0(1),352622063881655,smartphone,-8,pressure,1464757748000000000,1464757749000000000,Barometer Sensor,1007.34546,1464757748697957083
0,crowdsignals.algosnap.com,1.0(1),352622063881655,smartphone,-8,pressure,1464757748000000000,1464757749000000000,Barometer Sensor,1007.38965,1464757748875726199
0,crowdsignals.algosnap.com,1.0(1),352622063881655,smartphone,-8,pressure,1464757749000000000,1464757750000000000,Barometer Sensor,1007.3638,1464757749231670521
0,crowdsignals.algosnap.com,1.0(1),352622063881655,smartphone,-8,pressure,1464757749000000000,1464757750000000000,Barometer Sensor,1007.6096,1464757749409283958
0,crowdsignals.algosnap.com,1.0(1),352622063881655,smartphone,-8,pressure,1464757749000000000,1464757750000000000,Barometer Sensor,1007.3545,1464757749587698385
0,crowdsignals.algosnap.com,1.0(1),352622063881655,smartphone,-8,pressure,1464757749000000000,1464757750000000000,Barometer Sensor,1007.6399,1464757749766035781
0,crowdsignals.algosnap.com,1.0(1),352622063881655,smartphone,-8,pressure,1464757749000000000,1464757750000000000,Barometer Sensor,1007.6128,1464757749943305521
0,crowdsignals.algosnap.com,1.0(1),352622063881655,smartphone,-8,pressure,1464757750000000000,1464757751000000000,Barometer Sensor,1007.37964,1464757750299459583
0,crowdsignals.algosnap.com,1.0(1),352622063881655,smartphone,-8,pressure,1464757750000000000,1464757751000000000,Barometer Sensor,1007.61206,1464757750477380730
0,crowdsignals.algosnap.com,1.0(1),352622063881655,smartphone,-8,pressure,1464757750000000000,1464757751000000000,Barometer Sensor,1007.3928,1464757750656065365
0,crowdsignals.algosnap.com,1.0(1),352622063881655,smartphone,-8,pressure,1464757750000000000,1464757751000000000,Barometer Sensor,1007.6184,1464757750833270990
0,crowdsignals.algosnap.com,1.0(1),352622063881655,smartphone,-8,pressure,1464757751000000000,1464757752000000000,Barometer Sensor,1007.57837,1464757751010656615
0,crowdsignals.algosnap.com,1.0(1),352622063881655,smartphone,-8,pressure,1464757751000000000,1464757752000000000,Barometer Sensor,1007.4983,1464757751189113385
0,crowdsignals.algosnap.com,1.0(1),352622063881655,smartphone,-8,pressure,1464757751000000000,1464757752000000000,Barometer Sensor,1007.3601,1464757751369000520
0,crowdsignals.algosnap.com,1.0(1),352622063881655,smartphone,-8,pressure,1464757751000000000,1464757752000000000,Barometer Sensor,1007.3579,1464757751545127708
0,crowdsignals.algosnap.com,1.0(1),352622063881655,smartphone,-8,pressure,1464757751000000000,1464757752000000000,Barometer Sensor,1007.5825,1464757751722762396
0,crowdsignals.algosnap.com,1.0(1),352622063881655,smartphone,-8,pressure,1464757751000000000,1464757752000000000,Barometer Sensor,1007.61084,1464757751901435990
0,crowdsignals.algosnap.com,1.0(1),352622063881655,smartphone,-8,pressure,1464757752000000000,1464757753000000000,Barometer Sensor,1007.42017,1464757752256783385
0,crowdsignals.algosnap.com,1.0(1),352622063881655,smartphone,-8,pressure,1464757752000000000,1464757753000000000,Barometer Sensor,1007.5315,1464757752434113020
0,crowdsignals.algosnap.com,1.0(1),352622063881655,smartphone,-8,pressure,1464757752000000000,1464757753000000000,Barometer Sensor,1007.41455,1464757752612254636
0,crowdsignals.algosnap.com,1.0(1),352622063881655,smartphone,-8,pressure,1464757752000000000,1464757753000000000,Barometer Sensor,1007.3965,1464757752790088905
0,crowdsignals.algosnap.com,1.0(1),352622063881655,smartphone,-8,pressure,1464757752000000000,1464757753000000000,Barometer Sensor,1007.43066,1464757752968406093
0,crowdsignals.algosnap.com,1.0(1),352622063881655,smartphone,-8,pressure,1464757753000000000,1464757754000000000,Barometer Sensor,1007.4475,1464757753324196147
0,crowdsignals.algosnap.com,1.0(1),352622063881655,smartphone,-8,pressure,1464757753000000000,1464757754000000000,Barometer Sensor,1007.61694,1464757753501632344
0,crowdsignals.algosnap.com,1.0(1),352622063881655,smartphone,-8,pressure,1464757753000000000,1464757754000000000,Barometer Sensor,1007.6323,1464757753680316719
0,crowdsignals.algosnap.com,1.0(1),352622063881655,smartphone,-8,pressure,1464757753000000000,1464757754000000000,Barometer Sensor,1007.6433,1464757753857366563
