user_id,sw_name,sw_version,device_id,device_type,timezone,type,start,end,lux,timestamps
0,crowdsignals.algosnap.com,1.0(1),352622063881655,smartphone,-8,msBandAmbientLight,1464757753000000000,1464757754000000000,13,1464757753403000000
0,crowdsignals.algosnap.com,1.0(1),352622063881655,smartphone,-8,msBandAmbientLight,1464757753000000000,1464757754000000000,12,1464757753878000000
0,crowdsignals.algosnap.com,1.0(1),352622063881655,smartphone,-8,msBandAmbientLight,1464757754000000000,1464757755000000000,13,1464757754397000000
0,crowdsignals.algosnap.com,1.0(1),352622063881655,smartphone,-8,msBandAmbientLight,1464757754000000000,1464757755000000000,4,1464757754901000000
0,crowdsignals.algosnap.com,1.0(1),352622063881655,smartphone,-8,msBandAmbientLight,1464757755000000000,1464757756000000000,12,1464757755390000000
0,crowdsignals.algosnap.com,1.0(1),352622063881655,smartphone,-8,msBandAmbientLight,1464757755000000000,1464757756000000000,11,1464757755888000000
0,crowdsignals.algosnap.com,1.0(1),352622063881655,smartphone,-8,msBandAmbientLight,1464757756000000000,1464757757000000000,14,1464757756406000000
0,crowdsignals.algosnap.com,1.0(1),352622063881655,smartphone,-8,msBandAmbientLight,1464757756000000000,1464757757000000000,9,1464757756898000000
0,crowdsignals.algosnap.com,1.0(1),352622063881655,smartphone,-8,msBandAmbientLight,1464757757000000000,1464757758000000000,13,1464757757386000000
0,crowdsignals.algosnap.com,1.0(1),352622063881655,smartphone,-8,msBandAmbientLight,1464757757000000000,1464757758000000000,7,1464757757890000000
0,crowdsignals.algosnap.com,1.0(1),352622063881655,smartphone,-8,msBandAmbientLight,1464757758000000000,1464757759000000000,1,1464757758396000000
0,crowdsignals.algosnap.com,1.0(1),352622063881655,smartphone,-8,msBandAmbientLight,1464757758000000000,1464757759000000000,0,1464757758897000000
0,crowdsignals.algosnap.com,1.0(1),352622063881655,smartphone,-8,msBandAmbientLight,1464757759000000000,1464757760000000000,0,1464757759391000000
0,crowdsignals.algosnap.com,1.0(1),352622063881655,smartphone,-8,msBandAmbientLight,1464757759000000000,1464757760000000000,1,1464757759898000000
0,crowdsignals.algosnap.com,1.0(1),352622063881655,smartphone,-8,msBandAmbientLight,1464757760000000000,1464757761000000000,1,1464757760414000000
0,crowdsignals.algosnap.com,1.0(1),352622063881655,smartphone,-8,msBandAmbientLight,1464757760000000000,1464757761000000000,6,1464757760893000000
0,crowdsignals.algosnap.com,1.0(1),352622063881655,smartphone,-8,msBandAmbientLight,1464757761000000000,1464757762000000000,5,1464757761397000000
0,crowdsignals.algosnap.com,1.0(1),352622063881655,smartphone,-8,msBandAmbientLight,1464757761000000000,1464757762000000000,6,1464757761890000000
0,crowdsignals.algosnap.com,1.0(1),352622063881655,smartphone,-8,msBandAmbientLight,1464757762000000000,1464757763000000000,5,1464757762393000000
0,crowdsignals.algosnap.com,1.0(1),352622063881655,smartphone,-8,msBandAmbientLight,1464757762000000000,1464757763000000000,11,1464757762894000000
0,crowdsignals.algosnap.com,1.0(1),352622063881655,smartphone,-8,msBandAmbientLight,1464757763000000000,1464757764000000000,10,1464757763394000000
0,crowdsignals.algosnap.com,1.0(1),352622063881655,smartphone,-8,msBandAmbientLight,1464757763000000000,1464757764000000000,11,1464757763885000000
0,crowdsignals.algosnap.com,1.0(1),352622063881655,smartphone,-8,msBandAmbientLight,1464757764000000000,1464757765000000000,12,1464757764383000000
0,crowdsignals.algosnap.com,1.0(1),352622063881655,smartphone,-8,msBandAmbientLight,1464757764000000000,1464757765000000000,14,1464757764885000000
0,crowdsignals.algosnap.com,1.0(1),352622063881655,smartphone,-8,msBandAmbientLight,1464757765000000000,1464757766000000000,14,1464757765410000000
0,crowdsignals.algosnap.com,1.0(1),352622063881655,smartphone,-8,msBandAmbientLight,1464757765000000000,1464757766000000000,9,1464757765910000000
0,crowdsignals.algosnap.com,1.0(1),352622063881655,smartphone,-8,msBandAmbientLight,1464757766000000000,1464757767000000000,3,1464757766399000000
0,crowdsignals.algosnap.com,1.0(1),352622063881655,smartphone,-8,msBandAmbientLight,1464757766000000000,1464757767000000000,3,1464757766900000000
0,crowdsignals.algosnap.com,1.0(1),352622063881655,smartphone,-8,msBandAmbientLight,1464757767000000000,1464757768000000000,2,1464757767386000000
0,crowdsignals.algosnap.com,1.0(1),352622063881655,smartphone,-8,msBandAmbientLight,1464757767000000000,1464757768000000000,7,1464757767889000000
0,crowdsignals.algosnap.com,1.0(1),352622063881655,smartphone,-8,msBandAmbientLight,1464757768000000000,1464757769000000000,5,1464757768394000000
0,crowdsignals.algosnap.com,1.0(1),352622063881655,smartphone,-8,msBandAmbientLight,1464757768000000000,1464757769000000000,1,1464757768899000000
0,crowdsignals.algosnap.com,1.0(1),352622063881655,smartphone,-8,msBandAmbientLight,1464757769000000000,1464757770000000000,1,1464757769398000000
0,crowdsignals.algosnap.com,1.0(1),352622063881655,smartphone,-8,msBandAmbientLight,1464757769000000000,1464757770000000000,1,1464757769903000000
0,crowdsignals.algosnap.com,1.0(1),352622063881655,smartphone,-8,msBandAmbientLight,1464757770000000000,1464757771000000000,5,1464757770436000000
0,crowdsignals.algosnap.com,1.0(1),352622063881655,smartphone,-8,msBandAmbientLight,1464757770000000000,1464757771000000000,0,1464757770903000000
0,crowdsignals.algosnap.com,1.0(1),352622063881655,smartphone,-8,msBandAmbientLight,1464757771000000000,1464757772000000000,1,1464757771390000000
0,crowdsignals.algosnap.com,1.0(1),352622063881655,smartphone,-8,msBandAmbientLight,1464757771000000000,1464757772000000000,1,1464757771896000000
0,crowdsignals.algosnap.com,1.0(1),352622063881655,smartphone,-8,msBandAmbientLight,1464757772000000000,1464757773000000000,1,1464757772403000000
0,crowdsignals.algosnap.com,1.0(1),352622063881655,smartphone,-8,msBandAmbientLight,1464757772000000000,1464757773000000000,1,1464757772884000000
0,crowdsignals.algosnap.com,1.0(1),352622063881655,smartphone,-8,msBandAmbientLight,1464757773000000000,1464757774000000000,0,1464757773387000000
0,crowdsignals.algosnap.com,1.0(1),352622063881655,smartphone,-8,msBandAmbientLight,1464757773000000000,1464757774000000000,0,1464757773886000000
0,crowdsignals.algosnap.com,1.0(1),352622063881655,smartphone,-8,msBandAmbientLight,1464757774000000000,1464757775000000000,0,1464757774401000000
0,crowdsignals.algosnap.com,1.0(1),352622063881655,smartphone,-8,msBandAmbientLight,1464757774000000000,1464757775000000000,0,1464757774900000000
0,crowdsignals.algosnap.com,1.0(1),352622063881655,smartphone,-8,msBandAmbientLight,1464757775000000000,1464757776000000000,1,1464757775409000000
0,crowdsignals.algosnap.com,1.0(1),352622063881655,smartphone,-8,msBandAmbientLight,1464757775000000000,1464757776000000000,6,1464757775893000000
0,crowdsignals.algosnap.com,1.0(1),352622063881655,smartphone,-8,msBandAmbientLight,1464757776000000000,1464757777000000000,3,1464757776408000000
0,crowdsignals.algosnap.com,1.0(1),352622063881655,smartphone,-8,msBandAmbientLight,1464757776000000000,1464757777000000000,7,1464757776894000000
0,crowdsignals.algosnap.com,1.0(1),352622063881655,smartphone,-8,msBandAmbientLight,1464757777000000000,1464757778000000000,6,1464757777388000000
0,crowdsignals.algosnap.com,1.0(1),352622063881655,smartphone,-8,msBandAmbientLight,1464757777000000000,1464757778000000000,4,1464757777907000000
0,crowdsignals.algosnap.com,1.0(1),352622063881655,smartphone,-8,msBandAmbientLight,1464757778000000000,1464757779000000000,2,1464757778403000000
0,crowdsignals.algosnap.com,1.0(1),352622063881655,smartphone,-8,msBandAmbientLight,1464757778000000000,1464757779000000000,4,1464757778881000000
0,crowdsignals.algosnap.com,1.0(1),352622063881655,smartphone,-8,msBandAmbientLight,1464757779000000000,1464757780000000000,3,1464757779404000000
0,crowdsignals.algosnap.com,1.0(1),352622063881655,smartphone,-8,msBandAmbientLight,1464757779000000000,1464757780000000000,0,1464757779911000000
0,crowdsignals.algosnap.com,1.0(1),352622063881655,smartphone,-8,msBandAmbientLight,1464757780000000000,1464757781000000000,1,1464757780395000000
0,crowdsignals.algosnap.com,1.0(1),352622063881655,smartphone,-8,msBandAmbientLight,1464757780000000000,1464757781000000000,1,1464757780898000000
0,crowdsignals.algosnap.com,1.0(1),352622063881655,smartphone,-8,msBandAmbientLight,1464757781000000000,1464757782000000000,0,1464757781403000000
0,crowdsignals.algosnap.com,1.0(1),352622063881655,smartphone,-8,msBandAmbientLight,1464757781000000000,1464757782000000000,0,1464757781887000000
0,crowdsignals.algosnap.com,1.0(1),352622063881655,smartphone,-8,msBandAmbientLight,1464757782000000000,1464757783000000000,0,1464757782393000000
0,crowdsignals.algosnap.com,1.0(1),352622063881655,smartphone,-8,msBandAmbientLight,1464757782000000000,1464757783000000000,0,1464757782884000000
0,crowdsignals.algosnap.com,1.0(1),352622063881655,smartphone,-8,msBandAmbientLight,1464757783000000000,1464757784000000000,0,1464757783394000000
0,crowdsignals.algosnap.com,1.0(1),352622063881655,smartphone,-8,msBandAmbientLight,1464757783000000000,1464757784000000000,2,1464757783886000000
0,crowdsignals.algosnap.com,1.0(1),352622063881655,smartphone,-8,msBandAmbientLight,1464757784000000000,1464757785000000000,1,1464757784396000000
0,crowdsignals.algosnap.com,1.0(1),352622063881655,smartphone,-8,msBandAmbientLight,1464757784000000000,1464757785000000000,0,1464757784894000000
0,crowdsignals.algosnap.com,1.0(1),352622063881655,smartphone,-8,msBandAmbientLight,1464757785000000000,1464757786000000000,2,1464757785403000000
0,crowdsignals.algosnap.com,1.0(1),352622063881655,smartphone,-8,msBandAmbientLight,1464757785000000000,1464757786000000000,6,1464757785885000000
0,crowdsignals.algosnap.com,1.0(1),352622063881655,smartphone,-8,msBandAmbientLight,1464757786000000000,1464757787000000000,1,1464757786397000000
0,crowdsignals.algosnap.com,1.0(1),352622063881655,smartphone,-8,msBandAmbientLight,1464757786000000000,1464757787000000000,1,1464757786899000000
0,crowdsignals.algosnap.com,1.0(1),352622063881655,smartphone,-8,msBandAmbientLight,1464757787000000000,1464757788000000000,1,1464757787384000000
0,crowdsignals.algosnap.com,1.0(1),352622063881655,smartphone,-8,msBandAmbientLight,1464757787000000000,1464757788000000000,0,1464757787896000000
0,crowdsignals.algosnap.com,1.0(1),352622063881655,smartphone,-8,msBandAmbientLight,1464757788000000000,1464757789000000000,1,1464757788381000000
0,crowdsignals.algosnap.com,1.0(1),352622063881655,smartphone,-8,msBandAmbientLight,1464757788000000000,1464757789000000000,1,1464757788884000000
0,crowdsignals.algosnap.com,1.0(1),352622063881655,smartphone,-8,msBandAmbientLight,1464757789000000000,1464757790000000000,1,1464757789408000000
0,crowdsignals.algosnap.com,1.0(1),352622063881655,smartphone,-8,msBandAmbientLight,1464757789000000000,1464757790000000000,1,1464757789890000000
0,crowdsignals.algosnap.com,1.0(1),352622063881655,smartphone,-8,msBandAmbientLight,1464757790000000000,1464757791000000000,2,1464757790387000000
0,crowdsignals.algosnap.com,1.0(1),352622063881655,smartphone,-8,msBandAmbientLight,1464757790000000000,1464757791000000000,9,1464757790890000000
0,crowdsignals.algosnap.com,1.0(1),352622063881655,smartphone,-8,msBandAmbientLight,1464757791000000000,1464757792000000000,11,1464757791383000000
0,crowdsignals.algosnap.com,1.0(1),352622063881655,smartphone,-8,msBandAmbientLight,1464757791000000000,1464757792000000000,10,1464757791902000000
0,crowdsignals.algosnap.com,1.0(1),352622063881655,smartphone,-8,msBandAmbientLight,1464757792000000000,1464757793000000000,8,1464757792381000000
0,crowdsignals.algosnap.com,1.0(1),352622063881655,smartphone,-8,msBandAmbientLight,1464757792000000000,1464757793000000000,8,1464757792893000000
0,crowdsignals.algosnap.com,1.0(1),352622063881655,smartphone,-8,msBandAmbientLight,1464757793000000000,1464757794000000000,7,1464757793390000000
0,crowdsignals.algosnap.com,1.0(1),352622063881655,smartphone,-8,msBandAmbientLight,1464757793000000000,1464757794000000000,7,1464757793905000000
0,crowdsignals.algosnap.com,1.0(1),352622063881655,smartphone,-8,msBandAmbientLight,1464757794000000000,1464757795000000000,9,1464757794389000000
0,crowdsignals.algosnap.com,1.0(1),352622063881655,smartphone,-8,msBandAmbientLight,1464757794000000000,1464757795000000000,3,1464757794884000000
0,crowdsignals.algosnap.com,1.0(1),352622063881655,smartphone,-8,msBandAmbientLight,1464757795000000000,1464757796000000000,1,1464757795404000000
0,crowdsignals.algosnap.com,1.0(1),352622063881655,smartphone,-8,msBandAmbientLight,1464757795000000000,1464757796000000000,1,1464757795893000000
0,crowdsignals.algosnap.com,1.0(1),352622063881655,smartphone,-8,msBandAmbientLight,1464757796000000000,1464757797000000000,1,1464757796385000000
0,crowdsignals.algosnap.com,1.0(1),352622063881655,smartphone,-8,msBandAmbientLight,1464757796000000000,1464757797000000000,0,1464757796900000000
0,crowdsignals.algosnap.com,1.0(1),352622063881655,smartphone,-8,msBandAmbientLight,1464757797000000000,1464757798000000000,1,1464757797421000000
0,crowdsignals.algosnap.com,1.0(1),352622063881655,smartphone,-8,msBandAmbientLight,1464757797000000000,1464757798000000000,1,1464757797888000000
0,crowdsignals.algosnap.com,1.0(1),352622063881655,smartphone,-8,msBandAmbientLight,1464757798000000000,1464757799000000000,1,1464757798416000000
0,crowdsignals.algosnap.com,1.0(1),352622063881655,smartphone,-8,msBandAmbientLight,1464757798000000000,1464757799000000000,1,1464757798902000000
0,crowdsignals.algosnap.com,1.0(1),352622063881655,smartphone,-8,msBandAmbientLight,1464757799000000000,1464757800000000000,1,1464757799405000000
0,crowdsignals.algosnap.com,1.0(1),352622063881655,smartphone,-8,msBandAmbientLight,1464757799000000000,1464757800000000000,1,1464757799900000000
0,crowdsignals.algosnap.com,1.0(1),352622063881655,smartphone,-8,msBandAmbientLight,1464757800000000000,1464757801000000000,1,1464757800402000000
0,crowdsignals.algosnap.com,1.0(1),352622063881655,smartphone,-8,msBandAmbientLight,1464757800000000000,1464757801000000000,4,1464757800904000000
0,crowdsignals.algosnap.com,1.0(1),352622063881655,smartphone,-8,msBandAmbientLight,1464757801000000000,1464757802000000000,9,1464757801396000000
0,crowdsignals.algosnap.com,1.0(1),352622063881655,smartphone,-8,msBandAmbientLight,1464757801000000000,1464757802000000000,9,1464757801888000000
0,crowdsignals.algosnap.com,1.0(1),352622063881655,smartphone,-8,msBandAmbientLight,1464757802000000000,1464757803000000000,7,1464757802384000000
0,crowdsignals.algosnap.com,1.0(1),352622063881655,smartphone,-8,msBandAmbientLight,1464757802000000000,1464757803000000000,6,1464757802904000000
0,crowdsignals.algosnap.com,1.0(1),352622063881655,smartphone,-8,msBandAmbientLight,1464757803000000000,1464757804000000000,10,1464757803396000000
0,crowdsignals.algosnap.com,1.0(1),352622063881655,smartphone,-8,msBandAmbientLight,1464757803000000000,1464757804000000000,8,1464757803901000000
0,crowdsignals.algosnap.com,1.0(1),352622063881655,smartphone,-8,msBandAmbientLight,1464757804000000000,1464757805000000000,1,1464757804422000000
0,crowdsignals.algosnap.com,1.0(1),352622063881655,smartphone,-8,msBandAmbientLight,1464757804000000000,1464757805000000000,1,1464757804896000000
0,crowdsignals.algosnap.com,1.0(1),352622063881655,smartphone,-8,msBandAmbientLight,1464757805000000000,1464757806000000000,1,1464757805393000000
0,crowdsignals.algosnap.com,1.0(1),352622063881655,smartphone,-8,msBandAmbientLight,1464757805000000000,1464757806000000000,1,1464757805893000000
0,crowdsignals.algosnap.com,1.0(1),352622063881655,smartphone,-8,msBandAmbientLight,1464757806000000000,1464757807000000000,1,1464757806403000000
0,crowdsignals.algosnap.com,1.0(1),352622063881655,smartphone,-8,msBandAmbientLight,1464757806000000000,1464757807000000000,1,1464757806893000000
0,crowdsignals.algosnap.com,1.0(1),352622063881655,smartphone,-8,msBandAmbientLight,1464757807000000000,1464757808000000000,1,1464757807408000000
0,crowdsignals.algosnap.com,1.0(1),352622063881655,smartphone,-8,msBandAmbientLight,1464757807000000000,1464757808000000000,2,1464757807894000000
0,crowdsignals.algosnap.com,1.0(1),352622063881655,smartphone,-8,msBandAmbientLight,1464757808000000000,1464757809000000000,9,1464757808398000000
0,crowdsignals.algosnap.com,1.0(1),352622063881655,smartphone,-8,msBandAmbientLight,1464757808000000000,1464757809000000000,7,1464757808899000000
0,crowdsignals.algosnap.com,1.0(1),352622063881655,smartphone,-8,msBandAmbientLight,1464757809000000000,1464757810000000000,3,1464757809397000000
0,crowdsignals.algosnap.com,1.0(1),352622063881655,smartphone,-8,msBandAmbientLight,1464757809000000000,1464757810000000000,2,1464757809908000000
0,crowdsignals.algosnap.com,1.0(1),352622063881655,smartphone,-8,msBandAmbientLight,1464757810000000000,1464757811000000000,5,1464757810415000000
0,crowdsignals.algosnap.com,1.0(1),352622063881655,smartphone,-8,msBandAmbientLight,1464757810000000000,1464757811000000000,9,1464757810897000000
0,crowdsignals.algosnap.com,1.0(1),352622063881655,smartphone,-8,msBandAmbientLight,1464757811000000000,1464757812000000000,2,1464757811384000000
0,crowdsignals.algosnap.com,1.0(1),352622063881655,smartphone,-8,msBandAmbientLight,1464757811000000000,1464757812000000000,1,1464757811888000000
0,crowdsignals.algosnap.com,1.0(1),352622063881655,smartphone,-8,msBandAmbientLight,1464757812000000000,1464757813000000000,1,1464757812410000000
0,crowdsignals.algosnap.com,1.0(1),352622063881655,smartphone,-8,msBandAmbientLight,1464757812000000000,1464757813000000000,1,1464757812903000000
0,crowdsignals.algosnap.com,1.0(1),352622063881655,smartphone,-8,msBandAmbientLight,1464757813000000000,1464757814000000000,0,1464757813418000000
0,crowdsignals.algosnap.com,1.0(1),352622063881655,smartphone,-8,msBandAmbientLight,1464757813000000000,1464757814000000000,1,1464757813905000000
0,crowdsignals.algosnap.com,1.0(1),352622063881655,smartphone,-8,msBandAmbientLight,1464757814000000000,1464757815000000000,1,1464757814407000000
0,crowdsignals.algosnap.com,1.0(1),352622063881655,smartphone,-8,msBandAmbientLight,1464757814000000000,1464757815000000000,1,1464757814901000000
0,crowdsignals.algosnap.com,1.0(1),352622063881655,smartphone,-8,msBandAmbientLight,1464757815000000000,1464757816000000000,1,1464757815396000000
0,crowdsignals.algosnap.com,1.0(1),352622063881655,smartphone,-8,msBandAmbientLight,1464757815000000000,1464757816000000000,0,1464757815884000000
0,crowdsignals.algosnap.com,1.0(1),352622063881655,smartphone,-8,msBandAmbientLight,1464757816000000000,1464757817000000000,1,1464757816405000000
0,crowdsignals.algosnap.com,1.0(1),352622063881655,smartphone,-8,msBandAmbientLight,1464757816000000000,1464757817000000000,9,1464757816905000000
0,crowdsignals.algosnap.com,1.0(1),352622063881655,smartphone,-8,msBandAmbientLight,1464757817000000000,1464757818000000000,10,1464757817404000000
0,crowdsignals.algosnap.com,1.0(1),352622063881655,smartphone,-8,msBandAmbientLight,1464757817000000000,1464757818000000000,9,1464757817889000000
0,crowdsignals.algosnap.com,1.0(1),352622063881655,smartphone,-8,msBandAmbientLight,1464757818000000000,1464757819000000000,5,1464757818406000000
0,crowdsignals.algosnap.com,1.0(1),352622063881655,smartphone,-8,msBandAmbientLight,1464757818000000000,1464757819000000000,3,1464757818893000000
0,crowdsignals.algosnap.com,1.0(1),352622063881655,smartphone,-8,msBandAmbientLight,1464757819000000000,1464757820000000000,6,1464757819399000000
0,crowdsignals.algosnap.com,1.0(1),352622063881655,smartphone,-8,msBandAmbientLight,1464757819000000000,1464757820000000000,10,1464757819897000000
0,crowdsignals.algosnap.com,1.0(1),352622063881655,smartphone,-8,msBandAmbientLight,1464757820000000000,1464757821000000000,1,1464757820403000000
0,crowdsignals.algosnap.com,1.0(1),352622063881655,smartphone,-8,msBandAmbientLight,1464757820000000000,1464757821000000000,1,1464757820902000000
0,crowdsignals.algosnap.com,1.0(1),352622063881655,smartphone,-8,msBandAmbientLight,1464757821000000000,1464757822000000000,1,1464757821387000000
0,crowdsignals.algosnap.com,1.0(1),352622063881655,smartphone,-8,msBandAmbientLight,1464757821000000000,1464757822000000000,1,1464757821896000000
0,crowdsignals.algosnap.com,1.0(1),352622063881655,smartphone,-8,msBandAmbientLight,1464757822000000000,1464757823000000000,1,1464757822417000000
0,crowdsignals.algosnap.com,1.0(1),352622063881655,smartphone,-8,msBandAmbientLight,1464757822000000000,1464757823000000000,1,1464757822904000000
0,crowdsignals.algosnap.com,1.0(1),352622063881655,smartphone,-8,msBandAmbientLight,1464757823000000000,1464757824000000000,9,1464757823404000000
0,crowdsignals.algosnap.com,1.0(1),352622063881655,smartphone,-8,msBandAmbientLight,1464757823000000000,1464757824000000000,10,1464757823891000000
0,crowdsignals.algosnap.com,1.0(1),352622063881655,smartphone,-8,msBandAmbientLight,1464757824000000000,1464757825000000000,9,1464757824397000000
0,crowdsignals.algosnap.com,1.0(1),352622063881655,smartphone,-8,msBandAmbientLight,1464757824000000000,1464757825000000000,2,1464757824887000000
0,crowdsignals.algosnap.com,1.0(1),352622063881655,smartphone,-8,msBandAmbientLight,1464757825000000000,1464757826000000000,2,1464757825406000000
0,crowdsignals.algosnap.com,1.0(1),352622063881655,smartphone,-8,msBandAmbientLight,1464757825000000000,1464757826000000000,3,1464757825887000000
0,crowdsignals.algosnap.com,1.0(1),352622063881655,smartphone,-8,msBandAmbientLight,1464757826000000000,1464757827000000000,4,1464757826403000000
0,crowdsignals.algosnap.com,1.0(1),352622063881655,smartphone,-8,msBandAmbientLight,1464757826000000000,1464757827000000000,4,1464757826889000000
0,crowdsignals.algosnap.com,1.0(1),352622063881655,smartphone,-8,msBandAmbientLight,1464757827000000000,1464757828000000000,5,1464757827410000000
0,crowdsignals.algosnap.com,1.0(1),352622063881655,smartphone,-8,msBandAmbientLight,1464757827000000000,1464757828000000000,5,1464757827916000000
0,crowdsignals.algosnap.com,1.0(1),352622063881655,smartphone,-8,msBandAmbientLight,1464757828000000000,1464757829000000000,3,1464757828406000000
0,crowdsignals.algosnap.com,1.0(1),352622063881655,smartphone,-8,msBandAmbientLight,1464757828000000000,1464757829000000000,10,1464757828903000000
0,crowdsignals.algosnap.com,1.0(1),352622063881655,smartphone,-8,msBandAmbientLight,1464757829000000000,1464757830000000000,1,1464757829407000000
0,crowdsignals.algosnap.com,1.0(1),352622063881655,smartphone,-8,msBandAmbientLight,1464757829000000000,1464757830000000000,0,1464757829907000000
0,crowdsignals.algosnap.com,1.0(1),352622063881655,smartphone,-8,msBandAmbientLight,1464757830000000000,1464757831000000000,1,1464757830398000000
0,crowdsignals.algosnap.com,1.0(1),352622063881655,smartphone,-8,msBandAmbientLight,1464757830000000000,1464757831000000000,1,1464757830908000000
0,crowdsignals.algosnap.com,1.0(1),352622063881655,smartphone,-8,msBandAmbientLight,1464757831000000000,1464757832000000000,1,1464757831404000000
0,crowdsignals.algosnap.com,1.0(1),352622063881655,smartphone,-8,msBandAmbientLight,1464757831000000000,1464757832000000000,1,1464757831906000000
