user_id,sw_name,sw_version,device_id,device_type,timezone,type,start,end,event_type,data,number,timestamps
0,crowdsignals.algosnap.com,1.0(1),352622063881655,smartphone,-8,phonestate,1464757516471000000,1464757516471000000,DataActivity,DATA_ACTIVITY_IN,null,1464757516471000000
0,crowdsignals.algosnap.com,1.0(1),352622063881655,smartphone,-8,phonestate,1464757517487000000,1464757517487000000,DataActivity,DATA_ACTIVITY_NONE,null,1464757517487000000
0,crowdsignals.algosnap.com,1.0(1),352622063881655,smartphone,-8,phonestate,1464757521520000000,1464757521520000000,DataActivity,DATA_ACTIVITY_INOUT,null,1464757521520000000
0,crowdsignals.algosnap.com,1.0(1),352622063881655,smartphone,-8,phonestate,1464757522532000000,1464757522532000000,DataActivity,DATA_ACTIVITY_NONE,null,1464757522532000000
0,crowdsignals.algosnap.com,1.0(1),352622063881655,smartphone,-8,phonestate,1464757524559000000,1464757524559000000,DataActivity,DATA_ACTIVITY_INOUT,null,1464757524559000000
0,crowdsignals.algosnap.com,1.0(1),352622063881655,smartphone,-8,phonestate,1464757525592000000,1464757525592000000,DataActivity,DATA_ACTIVITY_NONE,null,1464757525592000000
0,crowdsignals.algosnap.com,1.0(1),352622063881655,smartphone,-8,phonestate,1464757534658000000,1464757534658000000,DataActivity,DATA_ACTIVITY_INOUT,null,1464757534658000000
0,crowdsignals.algosnap.com,1.0(1),352622063881655,smartphone,-8,phonestate,1464757535694000000,1464757535694000000,DataActivity,DATA_ACTIVITY_NONE,null,1464757535694000000
0,crowdsignals.algosnap.com,1.0(1),352622063881655,smartphone,-8,phonestate,1464757583001000000,1464757583001000000,DataActivity,DATA_ACTIVITY_OUT,null,1464757583001000000
0,crowdsignals.algosnap.com,1.0(1),352622063881655,smartphone,-8,phonestate,1464757584008000000,1464757584008000000,DataActivity,DATA_ACTIVITY_INOUT,null,1464757584008000000
0,crowdsignals.algosnap.com,1.0(1),352622063881655,smartphone,-8,phonestate,1464757585056000000,1464757585056000000,DataActivity,DATA_ACTIVITY_NONE,null,1464757585056000000
0,crowdsignals.algosnap.com,1.0(1),352622063881655,smartphone,-8,phonestate,1464757603114000000,1464757603114000000,DataActivity,DATA_ACTIVITY_OUT,null,1464757603114000000
0,crowdsignals.algosnap.com,1.0(1),352622063881655,smartphone,-8,phonestate,1464757604124000000,1464757604124000000,DataActivity,DATA_ACTIVITY_IN,null,1464757604124000000
0,crowdsignals.algosnap.com,1.0(1),352622063881655,smartphone,-8,phonestate,1464757605143000000,1464757605143000000,DataActivity,DATA_ACTIVITY_NONE,null,1464757605143000000
0,crowdsignals.algosnap.com,1.0(1),352622063881655,smartphone,-8,phonestate,1464757623272000000,1464757623272000000,DataActivity,DATA_ACTIVITY_INOUT,null,1464757623272000000
0,crowdsignals.algosnap.com,1.0(1),352622063881655,smartphone,-8,phonestate,1464757624298000000,1464757624298000000,DataActivity,DATA_ACTIVITY_NONE,null,1464757624298000000
