user_id,sw_name,sw_version,device_id,device_type,timezone,type,start,end,sensor_name,pressure,timestamps
0,crowdsignals.algosnap.com,1.0(1),352622063881655,smartphone,-8,pressure,1464757417000000000,1464757418000000000,Barometer Sensor,1007.6553,1464757417409396041
0,crowdsignals.algosnap.com,1.0(1),352622063881655,smartphone,-8,pressure,1464757417000000000,1464757418000000000,Barometer Sensor,1007.45435,1464757417587845886
0,crowdsignals.algosnap.com,1.0(1),352622063881655,smartphone,-8,pressure,1464757417000000000,1464757418000000000,Barometer Sensor,1007.47,1464757417765676563
0,crowdsignals.algosnap.com,1.0(1),352622063881655,smartphone,-8,pressure,1464757417000000000,1464757418000000000,Barometer Sensor,1007.4741,1464757417943279323
0,crowdsignals.algosnap.com,1.0(1),352622063881655,smartphone,-8,pressure,1464757418000000000,1464757419000000000,Barometer Sensor,1007.6941,1464757418299132968
0,crowdsignals.algosnap.com,1.0(1),352622063881655,smartphone,-8,pressure,1464757418000000000,1464757419000000000,Barometer Sensor,1007.5464,1464757418477300782
0,crowdsignals.algosnap.com,1.0(1),352622063881655,smartphone,-8,pressure,1464757418000000000,1464757419000000000,Barometer Sensor,1007.52637,1464757418654940261
0,crowdsignals.algosnap.com,1.0(1),352622063881655,smartphone,-8,pressure,1464757418000000000,1464757419000000000,Barometer Sensor,1007.6865,1464757418833419739
0,crowdsignals.algosnap.com,1.0(1),352622063881655,smartphone,-8,pressure,1464757419000000000,1464757420000000000,Barometer Sensor,1007.4695,1464757419189025833
0,crowdsignals.algosnap.com,1.0(1),352622063881655,smartphone,-8,pressure,1464757419000000000,1464757420000000000,Barometer Sensor,1007.51904,1464757419365664479
0,crowdsignals.algosnap.com,1.0(1),352622063881655,smartphone,-8,pressure,1464757419000000000,1464757420000000000,Barometer Sensor,1007.47754,1464757419545108803
0,crowdsignals.algosnap.com,1.0(1),352622063881655,smartphone,-8,pressure,1464757419000000000,1464757420000000000,Barometer Sensor,1007.4148,1464757419722889896
0,crowdsignals.algosnap.com,1.0(1),352622063881655,smartphone,-8,pressure,1464757419000000000,1464757420000000000,Barometer Sensor,1007.6863,1464757419900068541
0,crowdsignals.algosnap.com,1.0(1),352622063881655,smartphone,-8,pressure,1464757420000000000,1464757421000000000,Barometer Sensor,1007.47095,1464757420256813176
0,crowdsignals.algosnap.com,1.0(1),352622063881655,smartphone,-8,pressure,1464757420000000000,1464757421000000000,Barometer Sensor,1007.67773,1464757420433936667
0,crowdsignals.algosnap.com,1.0(1),352622063881655,smartphone,-8,pressure,1464757420000000000,1464757421000000000,Barometer Sensor,1007.46216,1464757420611695052
0,crowdsignals.algosnap.com,1.0(1),352622063881655,smartphone,-8,pressure,1464757420000000000,1464757421000000000,Barometer Sensor,1007.64185,1464757420790065312
0,crowdsignals.algosnap.com,1.0(1),352622063881655,smartphone,-8,pressure,1464757420000000000,1464757421000000000,Barometer Sensor,1007.4546,1464757420967871719
0,crowdsignals.algosnap.com,1.0(1),352622063881655,smartphone,-8,pressure,1464757421000000000,1464757422000000000,Barometer Sensor,1007.4702,1464757421145532448
0,crowdsignals.algosnap.com,1.0(1),352622063881655,smartphone,-8,pressure,1464757421000000000,1464757422000000000,Barometer Sensor,1007.65234,1464757421323283073
0,crowdsignals.algosnap.com,1.0(1),352622063881655,smartphone,-8,pressure,1464757421000000000,1464757422000000000,Barometer Sensor,1007.4624,1464757421501625833
0,crowdsignals.algosnap.com,1.0(1),352622063881655,smartphone,-8,pressure,1464757421000000000,1464757422000000000,Barometer Sensor,1007.4922,1464757421679405573
0,crowdsignals.algosnap.com,1.0(1),352622063881655,smartphone,-8,pressure,1464757421000000000,1464757422000000000,Barometer Sensor,1007.5198,1464757421857095833
0,crowdsignals.algosnap.com,1.0(1),352622063881655,smartphone,-8,pressure,1464757422000000000,1464757423000000000,Barometer Sensor,1007.501,1464757422213884428
0,crowdsignals.algosnap.com,1.0(1),352622063881655,smartphone,-8,pressure,1464757422000000000,1464757423000000000,Barometer Sensor,1007.64307,1464757422390655730
0,crowdsignals.algosnap.com,1.0(1),352622063881655,smartphone,-8,pressure,1464757422000000000,1464757423000000000,Barometer Sensor,1007.51416,1464757422568694115
0,crowdsignals.algosnap.com,1.0(1),352622063881655,smartphone,-8,pressure,1464757422000000000,1464757423000000000,Barometer Sensor,1007.65283,1464757422745537760
0,crowdsignals.algosnap.com,1.0(1),352622063881655,smartphone,-8,pressure,1464757422000000000,1464757423000000000,Barometer Sensor,1007.6941,1464757422925393490
0,crowdsignals.algosnap.com,1.0(1),352622063881655,smartphone,-8,pressure,1464757423000000000,1464757424000000000,Barometer Sensor,1007.4658,1464757423281270209
0,crowdsignals.algosnap.com,1.0(1),352622063881655,smartphone,-8,pressure,1464757423000000000,1464757424000000000,Barometer Sensor,1007.6548,1464757423458872812
0,crowdsignals.algosnap.com,1.0(1),352622063881655,smartphone,-8,pressure,1464757423000000000,1464757424000000000,Barometer Sensor,1007.5193,1464757423636910989
0,crowdsignals.algosnap.com,1.0(1),352622063881655,smartphone,-8,pressure,1464757423000000000,1464757424000000000,Barometer Sensor,1007.729,1464757423814500833
0,crowdsignals.algosnap.com,1.0(1),352622063881655,smartphone,-8,pressure,1464757423000000000,1464757424000000000,Barometer Sensor,1007.51196,1464757423993343646
0,crowdsignals.algosnap.com,1.0(1),352622063881655,smartphone,-8,pressure,1464757424000000000,1464757425000000000,Barometer Sensor,1007.68896,1464757424348444479
0,crowdsignals.algosnap.com,1.0(1),352622063881655,smartphone,-8,pressure,1464757424000000000,1464757425000000000,Barometer Sensor,1007.4734,1464757424525938594
0,crowdsignals.algosnap.com,1.0(1),352622063881655,smartphone,-8,pressure,1464757424000000000,1464757425000000000,Barometer Sensor,1007.6587,1464757424704488229
0,crowdsignals.algosnap.com,1.0(1),352622063881655,smartphone,-8,pressure,1464757424000000000,1464757425000000000,Barometer Sensor,1007.70557,1464757424881580938
0,crowdsignals.algosnap.com,1.0(1),352622063881655,smartphone,-8,pressure,1464757425000000000,1464757426000000000,Barometer Sensor,1007.4636,1464757425238171198
0,crowdsignals.algosnap.com,1.0(1),352622063881655,smartphone,-8,pressure,1464757425000000000,1464757426000000000,Barometer Sensor,1007.6477,1464757425416029896
0,crowdsignals.algosnap.com,1.0(1),352622063881655,smartphone,-8,pressure,1464757425000000000,1464757426000000000,Barometer Sensor,1007.47925,1464757425594190416
0,crowdsignals.algosnap.com,1.0(1),352622063881655,smartphone,-8,pressure,1464757425000000000,1464757426000000000,Barometer Sensor,1007.5176,1464757425771511251
0,crowdsignals.algosnap.com,1.0(1),352622063881655,smartphone,-8,pressure,1464757425000000000,1464757426000000000,Barometer Sensor,1007.43604,1464757425949978384
0,crowdsignals.algosnap.com,1.0(1),352622063881655,smartphone,-8,pressure,1464757426000000000,1464757427000000000,Barometer Sensor,1007.6865,1464757426305220104
0,crowdsignals.algosnap.com,1.0(1),352622063881655,smartphone,-8,pressure,1464757426000000000,1464757427000000000,Barometer Sensor,1007.4927,1464757426483613698
0,crowdsignals.algosnap.com,1.0(1),352622063881655,smartphone,-8,pressure,1464757426000000000,1464757427000000000,Barometer Sensor,1007.5498,1464757426661624375
0,crowdsignals.algosnap.com,1.0(1),352622063881655,smartphone,-8,pressure,1464757426000000000,1464757427000000000,Barometer Sensor,1007.5139,1464757426839750677
0,crowdsignals.algosnap.com,1.0(1),352622063881655,smartphone,-8,pressure,1464757427000000000,1464757428000000000,Barometer Sensor,1007.7175,1464757427194930730
0,crowdsignals.algosnap.com,1.0(1),352622063881655,smartphone,-8,pressure,1464757427000000000,1464757428000000000,Barometer Sensor,1007.6831,1464757427372296823
0,crowdsignals.algosnap.com,1.0(1),352622063881655,smartphone,-8,pressure,1464757427000000000,1464757428000000000,Barometer Sensor,1007.729,1464757427550691979
0,crowdsignals.algosnap.com,1.0(1),352622063881655,smartphone,-8,pressure,1464757427000000000,1464757428000000000,Barometer Sensor,1007.6775,1464757427728729478
0,crowdsignals.algosnap.com,1.0(1),352622063881655,smartphone,-8,pressure,1464757427000000000,1464757428000000000,Barometer Sensor,1007.6904,1464757427906817499
0,crowdsignals.algosnap.com,1.0(1),352622063881655,smartphone,-8,pressure,1464757428000000000,1464757429000000000,Barometer Sensor,1007.49634,1464757428262336563
0,crowdsignals.algosnap.com,1.0(1),352622063881655,smartphone,-8,pressure,1464757428000000000,1464757429000000000,Barometer Sensor,1007.64795,1464757428440763854
0,crowdsignals.algosnap.com,1.0(1),352622063881655,smartphone,-8,pressure,1464757428000000000,1464757429000000000,Barometer Sensor,1007.5293,1464757428618198593
0,crowdsignals.algosnap.com,1.0(1),352622063881655,smartphone,-8,pressure,1464757428000000000,1464757429000000000,Barometer Sensor,1007.4746,1464757428796303229
0,crowdsignals.algosnap.com,1.0(1),352622063881655,smartphone,-8,pressure,1464757428000000000,1464757429000000000,Barometer Sensor,1007.44775,1464757428974266927
0,crowdsignals.algosnap.com,1.0(1),352622063881655,smartphone,-8,pressure,1464757429000000000,1464757430000000000,Barometer Sensor,1007.67334,1464757429330065052
0,crowdsignals.algosnap.com,1.0(1),352622063881655,smartphone,-8,pressure,1464757429000000000,1464757430000000000,Barometer Sensor,1007.4707,1464757429507669323
0,crowdsignals.algosnap.com,1.0(1),352622063881655,smartphone,-8,pressure,1464757429000000000,1464757430000000000,Barometer Sensor,1007.45264,1464757429686529635
0,crowdsignals.algosnap.com,1.0(1),352622063881655,smartphone,-8,pressure,1464757429000000000,1464757430000000000,Barometer Sensor,1007.60547,1464757429864520157
0,crowdsignals.algosnap.com,1.0(1),352622063881655,smartphone,-8,pressure,1464757430000000000,1464757431000000000,Barometer Sensor,1007.52954,1464757430220003385
0,crowdsignals.algosnap.com,1.0(1),352622063881655,smartphone,-8,pressure,1464757430000000000,1464757431000000000,Barometer Sensor,1007.6609,1464757430397502291
0,crowdsignals.algosnap.com,1.0(1),352622063881655,smartphone,-8,pressure,1464757430000000000,1464757431000000000,Barometer Sensor,1007.6643,1464757430575668646
0,crowdsignals.algosnap.com,1.0(1),352622063881655,smartphone,-8,pressure,1464757430000000000,1464757431000000000,Barometer Sensor,1007.48145,1464757430754235365
0,crowdsignals.algosnap.com,1.0(1),352622063881655,smartphone,-8,pressure,1464757430000000000,1464757431000000000,Barometer Sensor,1007.6067,1464757430931521303
0,crowdsignals.algosnap.com,1.0(1),352622063881655,smartphone,-8,pressure,1464757431000000000,1464757432000000000,Barometer Sensor,1007.6797,1464757431109619166
0,crowdsignals.algosnap.com,1.0(1),352622063881655,smartphone,-8,pressure,1464757431000000000,1464757432000000000,Barometer Sensor,1007.4712,1464757431286941876
0,crowdsignals.algosnap.com,1.0(1),352622063881655,smartphone,-8,pressure,1464757431000000000,1464757432000000000,Barometer Sensor,1007.6763,1464757431464776510
0,crowdsignals.algosnap.com,1.0(1),352622063881655,smartphone,-8,pressure,1464757431000000000,1464757432000000000,Barometer Sensor,1007.46875,1464757431643320573
0,crowdsignals.algosnap.com,1.0(1),352622063881655,smartphone,-8,pressure,1464757431000000000,1464757432000000000,Barometer Sensor,1007.68335,1464757431821244584
0,crowdsignals.algosnap.com,1.0(1),352622063881655,smartphone,-8,pressure,1464757431000000000,1464757432000000000,Barometer Sensor,1007.55493,1464757431998888333
0,crowdsignals.algosnap.com,1.0(1),352622063881655,smartphone,-8,pressure,1464757432000000000,1464757433000000000,Barometer Sensor,1007.4563,1464757432355112604
0,crowdsignals.algosnap.com,1.0(1),352622063881655,smartphone,-8,pressure,1464757432000000000,1464757433000000000,Barometer Sensor,1007.43286,1464757432532820938
0,crowdsignals.algosnap.com,1.0(1),352622063881655,smartphone,-8,pressure,1464757432000000000,1464757433000000000,Barometer Sensor,1007.479,1464757432710988281
0,crowdsignals.algosnap.com,1.0(1),352622063881655,smartphone,-8,pressure,1464757432000000000,1464757433000000000,Barometer Sensor,1007.6697,1464757432888673750
0,crowdsignals.algosnap.com,1.0(1),352622063881655,smartphone,-8,pressure,1464757433000000000,1464757434000000000,Barometer Sensor,1007.47925,1464757433244692344
0,crowdsignals.algosnap.com,1.0(1),352622063881655,smartphone,-8,pressure,1464757433000000000,1464757434000000000,Barometer Sensor,1007.4675,1464757433422596250
0,crowdsignals.algosnap.com,1.0(1),352622063881655,smartphone,-8,pressure,1464757433000000000,1464757434000000000,Barometer Sensor,1007.4236,1464757433600445781
0,crowdsignals.algosnap.com,1.0(1),352622063881655,smartphone,-8,pressure,1464757433000000000,1464757434000000000,Barometer Sensor,1007.48267,1464757433778128801
0,crowdsignals.algosnap.com,1.0(1),352622063881655,smartphone,-8,pressure,1464757433000000000,1464757434000000000,Barometer Sensor,1007.62354,1464757433955927396
0,crowdsignals.algosnap.com,1.0(1),352622063881655,smartphone,-8,pressure,1464757434000000000,1464757435000000000,Barometer Sensor,1007.52124,1464757434311955521
0,crowdsignals.algosnap.com,1.0(1),352622063881655,smartphone,-8,pressure,1464757434000000000,1464757435000000000,Barometer Sensor,1007.7456,1464757434489383854
0,crowdsignals.algosnap.com,1.0(1),352622063881655,smartphone,-8,pressure,1464757434000000000,1464757435000000000,Barometer Sensor,1007.3335,1464757434667284532
0,crowdsignals.algosnap.com,1.0(1),352622063881655,smartphone,-8,pressure,1464757434000000000,1464757435000000000,Barometer Sensor,1007.4651,1464757434845531771
0,crowdsignals.algosnap.com,1.0(1),352622063881655,smartphone,-8,pressure,1464757435000000000,1464757436000000000,Barometer Sensor,1007.5066,1464757435202187709
0,crowdsignals.algosnap.com,1.0(1),352622063881655,smartphone,-8,pressure,1464757435000000000,1464757436000000000,Barometer Sensor,1007.4785,1464757435379114687
0,crowdsignals.algosnap.com,1.0(1),352622063881655,smartphone,-8,pressure,1464757435000000000,1464757436000000000,Barometer Sensor,1007.7173,1464757435557330365
0,crowdsignals.algosnap.com,1.0(1),352622063881655,smartphone,-8,pressure,1464757435000000000,1464757436000000000,Barometer Sensor,1007.5183,1464757435735145365
0,crowdsignals.algosnap.com,1.0(1),352622063881655,smartphone,-8,pressure,1464757435000000000,1464757436000000000,Barometer Sensor,1007.6343,1464757435912804375
0,crowdsignals.algosnap.com,1.0(1),352622063881655,smartphone,-8,pressure,1464757436000000000,1464757437000000000,Barometer Sensor,1007.6787,1464757436269088593
0,crowdsignals.algosnap.com,1.0(1),352622063881655,smartphone,-8,pressure,1464757436000000000,1464757437000000000,Barometer Sensor,1007.5144,1464757436447471562
0,crowdsignals.algosnap.com,1.0(1),352622063881655,smartphone,-8,pressure,1464757436000000000,1464757437000000000,Barometer Sensor,1007.6472,1464757436625030990
0,crowdsignals.algosnap.com,1.0(1),352622063881655,smartphone,-8,pressure,1464757436000000000,1464757437000000000,Barometer Sensor,1007.46924,1464757436803000104
0,crowdsignals.algosnap.com,1.0(1),352622063881655,smartphone,-8,pressure,1464757436000000000,1464757437000000000,Barometer Sensor,1007.69775,1464757436981506823
0,crowdsignals.algosnap.com,1.0(1),352622063881655,smartphone,-8,pressure,1464757437000000000,1464757438000000000,Barometer Sensor,1007.67114,1464757437337086511
0,crowdsignals.algosnap.com,1.0(1),352622063881655,smartphone,-8,pressure,1464757437000000000,1464757438000000000,Barometer Sensor,1007.5564,1464757437514562657
0,crowdsignals.algosnap.com,1.0(1),352622063881655,smartphone,-8,pressure,1464757437000000000,1464757438000000000,Barometer Sensor,1007.6367,1464757437692299115
0,crowdsignals.algosnap.com,1.0(1),352622063881655,smartphone,-8,pressure,1464757437000000000,1464757438000000000,Barometer Sensor,1007.40845,1464757437869972552
0,crowdsignals.algosnap.com,1.0(1),352622063881655,smartphone,-8,pressure,1464757438000000000,1464757439000000000,Barometer Sensor,1007.4741,1464757438226852917
0,crowdsignals.algosnap.com,1.0(1),352622063881655,smartphone,-8,pressure,1464757438000000000,1464757439000000000,Barometer Sensor,1007.6687,1464757438404396875
0,crowdsignals.algosnap.com,1.0(1),352622063881655,smartphone,-8,pressure,1464757438000000000,1464757439000000000,Barometer Sensor,1007.6487,1464757438581814948
0,crowdsignals.algosnap.com,1.0(1),352622063881655,smartphone,-8,pressure,1464757438000000000,1464757439000000000,Barometer Sensor,1007.5137,1464757438759758697
0,crowdsignals.algosnap.com,1.0(1),352622063881655,smartphone,-8,pressure,1464757438000000000,1464757439000000000,Barometer Sensor,1007.69653,1464757438937963646
0,crowdsignals.algosnap.com,1.0(1),352622063881655,smartphone,-8,pressure,1464757439000000000,1464757440000000000,Barometer Sensor,1007.44727,1464757439293370156
0,crowdsignals.algosnap.com,1.0(1),352622063881655,smartphone,-8,pressure,1464757439000000000,1464757440000000000,Barometer Sensor,1007.4934,1464757439471584428
0,crowdsignals.algosnap.com,1.0(1),352622063881655,smartphone,-8,pressure,1464757439000000000,1464757440000000000,Barometer Sensor,1007.5681,1464757439650017865
0,crowdsignals.algosnap.com,1.0(1),352622063881655,smartphone,-8,pressure,1464757439000000000,1464757440000000000,Barometer Sensor,1007.4365,1464757439827804479
0,crowdsignals.algosnap.com,1.0(1),352622063881655,smartphone,-8,pressure,1464757440000000000,1464757441000000000,Barometer Sensor,1007.6614,1464757440183164636
0,crowdsignals.algosnap.com,1.0(1),352622063881655,smartphone,-8,pressure,1464757440000000000,1464757441000000000,Barometer Sensor,1007.64453,1464757440361550729
0,crowdsignals.algosnap.com,1.0(1),352622063881655,smartphone,-8,pressure,1464757440000000000,1464757441000000000,Barometer Sensor,1007.47876,1464757440539608594
0,crowdsignals.algosnap.com,1.0(1),352622063881655,smartphone,-8,pressure,1464757440000000000,1464757441000000000,Barometer Sensor,1007.52563,1464757440716880365
0,crowdsignals.algosnap.com,1.0(1),352622063881655,smartphone,-8,pressure,1464757440000000000,1464757441000000000,Barometer Sensor,1007.709,1464757440895147657
0,crowdsignals.algosnap.com,1.0(1),352622063881655,smartphone,-8,pressure,1464757441000000000,1464757442000000000,Barometer Sensor,1007.7009,1464757441073200677
0,crowdsignals.algosnap.com,1.0(1),352622063881655,smartphone,-8,pressure,1464757441000000000,1464757442000000000,Barometer Sensor,1007.4597,1464757441251036563
0,crowdsignals.algosnap.com,1.0(1),352622063881655,smartphone,-8,pressure,1464757441000000000,1464757442000000000,Barometer Sensor,1007.6936,1464757441427994738
0,crowdsignals.algosnap.com,1.0(1),352622063881655,smartphone,-8,pressure,1464757441000000000,1464757442000000000,Barometer Sensor,1007.499,1464757441606577656
0,crowdsignals.algosnap.com,1.0(1),352622063881655,smartphone,-8,pressure,1464757441000000000,1464757442000000000,Barometer Sensor,1007.4756,1464757441784720573
0,crowdsignals.algosnap.com,1.0(1),352622063881655,smartphone,-8,pressure,1464757441000000000,1464757442000000000,Barometer Sensor,1007.5486,1464757441962007032
0,crowdsignals.algosnap.com,1.0(1),352622063881655,smartphone,-8,pressure,1464757442000000000,1464757443000000000,Barometer Sensor,1007.4524,1464757442318295833
0,crowdsignals.algosnap.com,1.0(1),352622063881655,smartphone,-8,pressure,1464757442000000000,1464757443000000000,Barometer Sensor,1007.65283,1464757442496376406
0,crowdsignals.algosnap.com,1.0(1),352622063881655,smartphone,-8,pressure,1464757442000000000,1464757443000000000,Barometer Sensor,1007.4321,1464757442674097812
0,crowdsignals.algosnap.com,1.0(1),352622063881655,smartphone,-8,pressure,1464757442000000000,1464757443000000000,Barometer Sensor,1007.6675,1464757442851917188
0,crowdsignals.algosnap.com,1.0(1),352622063881655,smartphone,-8,pressure,1464757443000000000,1464757444000000000,Barometer Sensor,1007.4673,1464757443208050625
0,crowdsignals.algosnap.com,1.0(1),352622063881655,smartphone,-8,pressure,1464757443000000000,1464757444000000000,Barometer Sensor,1007.4573,1464757443385578021
0,crowdsignals.algosnap.com,1.0(1),352622063881655,smartphone,-8,pressure,1464757443000000000,1464757444000000000,Barometer Sensor,1007.4756,1464757443563343334
0,crowdsignals.algosnap.com,1.0(1),352622063881655,smartphone,-8,pressure,1464757443000000000,1464757444000000000,Barometer Sensor,1007.46216,1464757443742383698
0,crowdsignals.algosnap.com,1.0(1),352622063881655,smartphone,-8,pressure,1464757443000000000,1464757444000000000,Barometer Sensor,1007.64575,1464757443919324583
0,crowdsignals.algosnap.com,1.0(1),352622063881655,smartphone,-8,pressure,1464757444000000000,1464757445000000000,Barometer Sensor,1007.4336,1464757444275623438
0,crowdsignals.algosnap.com,1.0(1),352622063881655,smartphone,-8,pressure,1464757444000000000,1464757445000000000,Barometer Sensor,1007.48,1464757444453003854
0,crowdsignals.algosnap.com,1.0(1),352622063881655,smartphone,-8,pressure,1464757444000000000,1464757445000000000,Barometer Sensor,1007.46875,1464757444630962448
0,crowdsignals.algosnap.com,1.0(1),352622063881655,smartphone,-8,pressure,1464757444000000000,1464757445000000000,Barometer Sensor,1007.5088,1464757444809087604
0,crowdsignals.algosnap.com,1.0(1),352622063881655,smartphone,-8,pressure,1464757444000000000,1464757445000000000,Barometer Sensor,1007.50244,1464757444987047760
0,crowdsignals.algosnap.com,1.0(1),352622063881655,smartphone,-8,pressure,1464757445000000000,1464757446000000000,Barometer Sensor,1007.79956,1464757445342711407
0,crowdsignals.algosnap.com,1.0(1),352622063881655,smartphone,-8,pressure,1464757445000000000,1464757446000000000,Barometer Sensor,1007.20435,1464757445521015469
0,crowdsignals.algosnap.com,1.0(1),352622063881655,smartphone,-8,pressure,1464757445000000000,1464757446000000000,Barometer Sensor,1007.3772,1464757445698863906
0,crowdsignals.algosnap.com,1.0(1),352622063881655,smartphone,-8,pressure,1464757445000000000,1464757446000000000,Barometer Sensor,1007.3989,1464757445876465260
0,crowdsignals.algosnap.com,1.0(1),352622063881655,smartphone,-8,pressure,1464757446000000000,1464757447000000000,Barometer Sensor,1007.4241,1464757446232213959
0,crowdsignals.algosnap.com,1.0(1),352622063881655,smartphone,-8,pressure,1464757446000000000,1464757447000000000,Barometer Sensor,1007.64844,1464757446410014583
0,crowdsignals.algosnap.com,1.0(1),352622063881655,smartphone,-8,pressure,1464757446000000000,1464757447000000000,Barometer Sensor,1007.43945,1464757446587952760
0,crowdsignals.algosnap.com,1.0(1),352622063881655,smartphone,-8,pressure,1464757446000000000,1464757447000000000,Barometer Sensor,1007.4927,1464757446766818907
0,crowdsignals.algosnap.com,1.0(1),352622063881655,smartphone,-8,pressure,1464757446000000000,1464757447000000000,Barometer Sensor,1007.47,1464757446944499010
0,crowdsignals.algosnap.com,1.0(1),352622063881655,smartphone,-8,pressure,1464757447000000000,1464757448000000000,Barometer Sensor,1007.4663,1464757447300127447
0,crowdsignals.algosnap.com,1.0(1),352622063881655,smartphone,-8,pressure,1464757447000000000,1464757448000000000,Barometer Sensor,1007.43994,1464757447478062396
0,crowdsignals.algosnap.com,1.0(1),352622063881655,smartphone,-8,pressure,1464757447000000000,1464757448000000000,Barometer Sensor,1007.4719,1464757447656203437
0,crowdsignals.algosnap.com,1.0(1),352622063881655,smartphone,-8,pressure,1464757447000000000,1464757448000000000,Barometer Sensor,1007.4961,1464757447834363230
0,crowdsignals.algosnap.com,1.0(1),352622063881655,smartphone,-8,pressure,1464757448000000000,1464757449000000000,Barometer Sensor,1007.4209,1464757448189868020
0,crowdsignals.algosnap.com,1.0(1),352622063881655,smartphone,-8,pressure,1464757448000000000,1464757449000000000,Barometer Sensor,1007.6421,1464757448367677760
0,crowdsignals.algosnap.com,1.0(1),352622063881655,smartphone,-8,pressure,1464757448000000000,1464757449000000000,Barometer Sensor,1007.4888,1464757448545647500
0,crowdsignals.algosnap.com,1.0(1),352622063881655,smartphone,-8,pressure,1464757448000000000,1464757449000000000,Barometer Sensor,1007.64746,1464757448723595001
0,crowdsignals.algosnap.com,1.0(1),352622063881655,smartphone,-8,pressure,1464757448000000000,1464757449000000000,Barometer Sensor,1007.46094,1464757448901434375
0,crowdsignals.algosnap.com,1.0(1),352622063881655,smartphone,-8,pressure,1464757449000000000,1464757450000000000,Barometer Sensor,1007.42065,1464757449257527657
0,crowdsignals.algosnap.com,1.0(1),352622063881655,smartphone,-8,pressure,1464757449000000000,1464757450000000000,Barometer Sensor,1007.4978,1464757449434854271
0,crowdsignals.algosnap.com,1.0(1),352622063881655,smartphone,-8,pressure,1464757449000000000,1464757450000000000,Barometer Sensor,1007.6179,1464757449613207448
0,crowdsignals.algosnap.com,1.0(1),352622063881655,smartphone,-8,pressure,1464757449000000000,1464757450000000000,Barometer Sensor,1007.6201,1464757449790986355
0,crowdsignals.algosnap.com,1.0(1),352622063881655,smartphone,-8,pressure,1464757449000000000,1464757450000000000,Barometer Sensor,1007.63135,1464757449968455520
0,crowdsignals.algosnap.com,1.0(1),352622063881655,smartphone,-8,pressure,1464757450000000000,1464757451000000000,Barometer Sensor,1007.4619,1464757450324387500
0,crowdsignals.algosnap.com,1.0(1),352622063881655,smartphone,-8,pressure,1464757450000000000,1464757451000000000,Barometer Sensor,1007.4824,1464757450502753854
0,crowdsignals.algosnap.com,1.0(1),352622063881655,smartphone,-8,pressure,1464757450000000000,1464757451000000000,Barometer Sensor,1007.4558,1464757450680209427
0,crowdsignals.algosnap.com,1.0(1),352622063881655,smartphone,-8,pressure,1464757450000000000,1464757451000000000,Barometer Sensor,1007.51416,1464757450858226041
0,crowdsignals.algosnap.com,1.0(1),352622063881655,smartphone,-8,pressure,1464757451000000000,1464757452000000000,Barometer Sensor,1007.5842,1464757451036864062
0,crowdsignals.algosnap.com,1.0(1),352622063881655,smartphone,-8,pressure,1464757451000000000,1464757452000000000,Barometer Sensor,1007.4424,1464757451214227657
0,crowdsignals.algosnap.com,1.0(1),352622063881655,smartphone,-8,pressure,1464757451000000000,1464757452000000000,Barometer Sensor,1007.5901,1464757451391746094
0,crowdsignals.algosnap.com,1.0(1),352622063881655,smartphone,-8,pressure,1464757451000000000,1464757452000000000,Barometer Sensor,1007.52515,1464757451570654479
0,crowdsignals.algosnap.com,1.0(1),352622063881655,smartphone,-8,pressure,1464757451000000000,1464757452000000000,Barometer Sensor,1007.6604,1464757451749029375
0,crowdsignals.algosnap.com,1.0(1),352622063881655,smartphone,-8,pressure,1464757451000000000,1464757452000000000,Barometer Sensor,1007.4961,1464757451926073489
0,crowdsignals.algosnap.com,1.0(1),352622063881655,smartphone,-8,pressure,1464757452000000000,1464757453000000000,Barometer Sensor,1007.6465,1464757452281814167
0,crowdsignals.algosnap.com,1.0(1),352622063881655,smartphone,-8,pressure,1464757452000000000,1464757453000000000,Barometer Sensor,1007.6638,1464757452459727239
0,crowdsignals.algosnap.com,1.0(1),352622063881655,smartphone,-8,pressure,1464757452000000000,1464757453000000000,Barometer Sensor,1007.5952,1464757452637828698
0,crowdsignals.algosnap.com,1.0(1),352622063881655,smartphone,-8,pressure,1464757452000000000,1464757453000000000,Barometer Sensor,1007.7041,1464757452815259062
0,crowdsignals.algosnap.com,1.0(1),352622063881655,smartphone,-8,pressure,1464757452000000000,1464757453000000000,Barometer Sensor,1007.7012,1464757452993287449
0,crowdsignals.algosnap.com,1.0(1),352622063881655,smartphone,-8,pressure,1464757453000000000,1464757454000000000,Barometer Sensor,1007.41113,1464757453349806093
0,crowdsignals.algosnap.com,1.0(1),352622063881655,smartphone,-8,pressure,1464757453000000000,1464757454000000000,Barometer Sensor,1007.5625,1464757453527906042
0,crowdsignals.algosnap.com,1.0(1),352622063881655,smartphone,-8,pressure,1464757453000000000,1464757454000000000,Barometer Sensor,1007.44604,1464757453705024896
0,crowdsignals.algosnap.com,1.0(1),352622063881655,smartphone,-8,pressure,1464757453000000000,1464757454000000000,Barometer Sensor,1007.4861,1464757453883163334
0,crowdsignals.algosnap.com,1.0(1),352622063881655,smartphone,-8,pressure,1464757454000000000,1464757455000000000,Barometer Sensor,1007.6301,1464757454238895260
0,crowdsignals.algosnap.com,1.0(1),352622063881655,smartphone,-8,pressure,1464757454000000000,1464757455000000000,Barometer Sensor,1007.6406,1464757454416393646
0,crowdsignals.algosnap.com,1.0(1),352622063881655,smartphone,-8,pressure,1464757454000000000,1464757455000000000,Barometer Sensor,1007.4053,1464757454594747449
0,crowdsignals.algosnap.com,1.0(1),352622063881655,smartphone,-8,pressure,1464757454000000000,1464757455000000000,Barometer Sensor,1007.4807,1464757454773151563
0,crowdsignals.algosnap.com,1.0(1),352622063881655,smartphone,-8,pressure,1464757454000000000,1464757455000000000,Barometer Sensor,1007.4519,1464757454951130886
0,crowdsignals.algosnap.com,1.0(1),352622063881655,smartphone,-8,pressure,1464757455000000000,1464757456000000000,Barometer Sensor,1007.44775,1464757455307182812
0,crowdsignals.algosnap.com,1.0(1),352622063881655,smartphone,-8,pressure,1464757455000000000,1464757456000000000,Barometer Sensor,1007.51685,1464757455484817709
0,crowdsignals.algosnap.com,1.0(1),352622063881655,smartphone,-8,pressure,1464757455000000000,1464757456000000000,Barometer Sensor,1007.53467,1464757455662210781
0,crowdsignals.algosnap.com,1.0(1),352622063881655,smartphone,-8,pressure,1464757455000000000,1464757456000000000,Barometer Sensor,1007.46436,1464757455841278282
0,crowdsignals.algosnap.com,1.0(1),352622063881655,smartphone,-8,pressure,1464757456000000000,1464757457000000000,Barometer Sensor,1007.4729,1464757456195851198
0,crowdsignals.algosnap.com,1.0(1),352622063881655,smartphone,-8,pressure,1464757456000000000,1464757457000000000,Barometer Sensor,1007.4983,1464757456374658698
0,crowdsignals.algosnap.com,1.0(1),352622063881655,smartphone,-8,pressure,1464757456000000000,1464757457000000000,Barometer Sensor,1007.6289,1464757456551954532
0,crowdsignals.algosnap.com,1.0(1),352622063881655,smartphone,-8,pressure,1464757456000000000,1464757457000000000,Barometer Sensor,1007.55225,1464757456729450000
0,crowdsignals.algosnap.com,1.0(1),352622063881655,smartphone,-8,pressure,1464757456000000000,1464757457000000000,Barometer Sensor,1007.88086,1464757456908171146
0,crowdsignals.algosnap.com,1.0(1),352622063881655,smartphone,-8,pressure,1464757457000000000,1464757458000000000,Barometer Sensor,1007.3882,1464757457264286406
0,crowdsignals.algosnap.com,1.0(1),352622063881655,smartphone,-8,pressure,1464757457000000000,1464757458000000000,Barometer Sensor,1007.47314,1464757457441782448
0,crowdsignals.algosnap.com,1.0(1),352622063881655,smartphone,-8,pressure,1464757457000000000,1464757458000000000,Barometer Sensor,1007.6875,1464757457620248905
0,crowdsignals.algosnap.com,1.0(1),352622063881655,smartphone,-8,pressure,1464757457000000000,1464757458000000000,Barometer Sensor,1007.4697,1464757457798026667
0,crowdsignals.algosnap.com,1.0(1),352622063881655,smartphone,-8,pressure,1464757457000000000,1464757458000000000,Barometer Sensor,1007.57446,1464757457975820157
0,crowdsignals.algosnap.com,1.0(1),352622063881655,smartphone,-8,pressure,1464757458000000000,1464757459000000000,Barometer Sensor,1007.4475,1464757458331664167
0,crowdsignals.algosnap.com,1.0(1),352622063881655,smartphone,-8,pressure,1464757458000000000,1464757459000000000,Barometer Sensor,1007.61743,1464757458509914791
0,crowdsignals.algosnap.com,1.0(1),352622063881655,smartphone,-8,pressure,1464757458000000000,1464757459000000000,Barometer Sensor,1007.6377,1464757458687410469
0,crowdsignals.algosnap.com,1.0(1),352622063881655,smartphone,-8,pressure,1464757458000000000,1464757459000000000,Barometer Sensor,1007.43896,1464757458865626250
0,crowdsignals.algosnap.com,1.0(1),352622063881655,smartphone,-8,pressure,1464757459000000000,1464757460000000000,Barometer Sensor,1007.57153,1464757459221008854
0,crowdsignals.algosnap.com,1.0(1),352622063881655,smartphone,-8,pressure,1464757459000000000,1464757460000000000,Barometer Sensor,1007.57007,1464757459398567031
0,crowdsignals.algosnap.com,1.0(1),352622063881655,smartphone,-8,pressure,1464757459000000000,1464757460000000000,Barometer Sensor,1007.4463,1464757459576391980
0,crowdsignals.algosnap.com,1.0(1),352622063881655,smartphone,-8,pressure,1464757459000000000,1464757460000000000,Barometer Sensor,1007.6775,1464757459754007083
0,crowdsignals.algosnap.com,1.0(1),352622063881655,smartphone,-8,pressure,1464757459000000000,1464757460000000000,Barometer Sensor,1007.6587,1464757459932823594
0,crowdsignals.algosnap.com,1.0(1),352622063881655,smartphone,-8,pressure,1464757460000000000,1464757461000000000,Barometer Sensor,1007.4839,1464757460288692657
0,crowdsignals.algosnap.com,1.0(1),352622063881655,smartphone,-8,pressure,1464757460000000000,1464757461000000000,Barometer Sensor,1007.59106,1464757460465854896
0,crowdsignals.algosnap.com,1.0(1),352622063881655,smartphone,-8,pressure,1464757460000000000,1464757461000000000,Barometer Sensor,1007.6282,1464757460644147917
0,crowdsignals.algosnap.com,1.0(1),352622063881655,smartphone,-8,pressure,1464757460000000000,1464757461000000000,Barometer Sensor,1007.4575,1464757460822194375
0,crowdsignals.algosnap.com,1.0(1),352622063881655,smartphone,-8,pressure,1464757461000000000,1464757462000000000,Barometer Sensor,1007.4258,1464757461000411093
0,crowdsignals.algosnap.com,1.0(1),352622063881655,smartphone,-8,pressure,1464757461000000000,1464757462000000000,Barometer Sensor,1007.59204,1464757461178228124
0,crowdsignals.algosnap.com,1.0(1),352622063881655,smartphone,-8,pressure,1464757461000000000,1464757462000000000,Barometer Sensor,1007.4414,1464757461356529688
0,crowdsignals.algosnap.com,1.0(1),352622063881655,smartphone,-8,pressure,1464757461000000000,1464757462000000000,Barometer Sensor,1007.4758,1464757461534066302
0,crowdsignals.algosnap.com,1.0(1),352622063881655,smartphone,-8,pressure,1464757461000000000,1464757462000000000,Barometer Sensor,1007.68164,1464757461711857187
0,crowdsignals.algosnap.com,1.0(1),352622063881655,smartphone,-8,pressure,1464757461000000000,1464757462000000000,Barometer Sensor,1007.4431,1464757461889910365
0,crowdsignals.algosnap.com,1.0(1),352622063881655,smartphone,-8,pressure,1464757462000000000,1464757463000000000,Barometer Sensor,1007.4536,1464757462245652031
0,crowdsignals.algosnap.com,1.0(1),352622063881655,smartphone,-8,pressure,1464757462000000000,1464757463000000000,Barometer Sensor,1007.49365,1464757462422963073
0,crowdsignals.algosnap.com,1.0(1),352622063881655,smartphone,-8,pressure,1464757462000000000,1464757463000000000,Barometer Sensor,1007.501,1464757462601004063
0,crowdsignals.algosnap.com,1.0(1),352622063881655,smartphone,-8,pressure,1464757462000000000,1464757463000000000,Barometer Sensor,1007.5552,1464757462778909948
0,crowdsignals.algosnap.com,1.0(1),352622063881655,smartphone,-8,pressure,1464757462000000000,1464757463000000000,Barometer Sensor,1007.6343,1464757462957104062
0,crowdsignals.algosnap.com,1.0(1),352622063881655,smartphone,-8,pressure,1464757463000000000,1464757464000000000,Barometer Sensor,1007.47363,1464757463312696875
0,crowdsignals.algosnap.com,1.0(1),352622063881655,smartphone,-8,pressure,1464757463000000000,1464757464000000000,Barometer Sensor,1007.61304,1464757463490753229
0,crowdsignals.algosnap.com,1.0(1),352622063881655,smartphone,-8,pressure,1464757463000000000,1464757464000000000,Barometer Sensor,1007.45605,1464757463668740676
0,crowdsignals.algosnap.com,1.0(1),352622063881655,smartphone,-8,pressure,1464757463000000000,1464757464000000000,Barometer Sensor,1007.5344,1464757463846421042
0,crowdsignals.algosnap.com,1.0(1),352622063881655,smartphone,-8,pressure,1464757464000000000,1464757465000000000,Barometer Sensor,1007.6465,1464757464202936510
0,crowdsignals.algosnap.com,1.0(1),352622063881655,smartphone,-8,pressure,1464757464000000000,1464757465000000000,Barometer Sensor,1007.4126,1464757464380270259
0,crowdsignals.algosnap.com,1.0(1),352622063881655,smartphone,-8,pressure,1464757464000000000,1464757465000000000,Barometer Sensor,1007.6411,1464757464558528541
0,crowdsignals.algosnap.com,1.0(1),352622063881655,smartphone,-8,pressure,1464757464000000000,1464757465000000000,Barometer Sensor,1007.36597,1464757464736789948
0,crowdsignals.algosnap.com,1.0(1),352622063881655,smartphone,-8,pressure,1464757464000000000,1464757465000000000,Barometer Sensor,1007.4302,1464757464913894844
0,crowdsignals.algosnap.com,1.0(1),352622063881655,smartphone,-8,pressure,1464757465000000000,1464757466000000000,Barometer Sensor,1007.4907,1464757465270030572
0,crowdsignals.algosnap.com,1.0(1),352622063881655,smartphone,-8,pressure,1464757465000000000,1464757466000000000,Barometer Sensor,1007.70703,1464757465448262656
0,crowdsignals.algosnap.com,1.0(1),352622063881655,smartphone,-8,pressure,1464757465000000000,1464757466000000000,Barometer Sensor,1007.60767,1464757465626191771
0,crowdsignals.algosnap.com,1.0(1),352622063881655,smartphone,-8,pressure,1464757465000000000,1464757466000000000,Barometer Sensor,1007.44165,1464757465804353021
0,crowdsignals.algosnap.com,1.0(1),352622063881655,smartphone,-8,pressure,1464757465000000000,1464757466000000000,Barometer Sensor,1007.4512,1464757465981528178
0,crowdsignals.algosnap.com,1.0(1),352622063881655,smartphone,-8,pressure,1464757466000000000,1464757467000000000,Barometer Sensor,1007.4524,1464757466337370886
0,crowdsignals.algosnap.com,1.0(1),352622063881655,smartphone,-8,pressure,1464757466000000000,1464757467000000000,Barometer Sensor,1007.4668,1464757466515888229
0,crowdsignals.algosnap.com,1.0(1),352622063881655,smartphone,-8,pressure,1464757466000000000,1464757467000000000,Barometer Sensor,1007.3994,1464757466693435104
0,crowdsignals.algosnap.com,1.0(1),352622063881655,smartphone,-8,pressure,1464757466000000000,1464757467000000000,Barometer Sensor,1007.4519,1464757466870951562
0,crowdsignals.algosnap.com,1.0(1),352622063881655,smartphone,-8,pressure,1464757467000000000,1464757468000000000,Barometer Sensor,1007.4695,1464757467226912291
0,crowdsignals.algosnap.com,1.0(1),352622063881655,smartphone,-8,pressure,1464757467000000000,1464757468000000000,Barometer Sensor,1007.4492,1464757467405022188
0,crowdsignals.algosnap.com,1.0(1),352622063881655,smartphone,-8,pressure,1464757467000000000,1464757468000000000,Barometer Sensor,1007.416,1464757467583478073
0,crowdsignals.algosnap.com,1.0(1),352622063881655,smartphone,-8,pressure,1464757467000000000,1464757468000000000,Barometer Sensor,1007.4619,1464757467760507656
0,crowdsignals.algosnap.com,1.0(1),352622063881655,smartphone,-8,pressure,1464757467000000000,1464757468000000000,Barometer Sensor,1007.4453,1464757467939081458
0,crowdsignals.algosnap.com,1.0(1),352622063881655,smartphone,-8,pressure,1464757468000000000,1464757469000000000,Barometer Sensor,1007.48755,1464757468294866146
0,crowdsignals.algosnap.com,1.0(1),352622063881655,smartphone,-8,pressure,1464757468000000000,1464757469000000000,Barometer Sensor,1007.51807,1464757468472817291
0,crowdsignals.algosnap.com,1.0(1),352622063881655,smartphone,-8,pressure,1464757468000000000,1464757469000000000,Barometer Sensor,1007.4824,1464757468650833646
0,crowdsignals.algosnap.com,1.0(1),352622063881655,smartphone,-8,pressure,1464757468000000000,1464757469000000000,Barometer Sensor,1007.41724,1464757468828466406
0,crowdsignals.algosnap.com,1.0(1),352622063881655,smartphone,-8,pressure,1464757469000000000,1464757470000000000,Barometer Sensor,1007.41724,1464757469183928906
0,crowdsignals.algosnap.com,1.0(1),352622063881655,smartphone,-8,pressure,1464757469000000000,1464757470000000000,Barometer Sensor,1007.3862,1464757469362463126
0,crowdsignals.algosnap.com,1.0(1),352622063881655,smartphone,-8,pressure,1464757469000000000,1464757470000000000,Barometer Sensor,1007.4812,1464757469540120938
0,crowdsignals.algosnap.com,1.0(1),352622063881655,smartphone,-8,pressure,1464757469000000000,1464757470000000000,Barometer Sensor,1007.43823,1464757469717585573
0,crowdsignals.algosnap.com,1.0(1),352622063881655,smartphone,-8,pressure,1464757469000000000,1464757470000000000,Barometer Sensor,1007.4148,1464757469895781667
0,crowdsignals.algosnap.com,1.0(1),352622063881655,smartphone,-8,pressure,1464757470000000000,1464757471000000000,Barometer Sensor,1007.53613,1464757470252064791
0,crowdsignals.algosnap.com,1.0(1),352622063881655,smartphone,-8,pressure,1464757470000000000,1464757471000000000,Barometer Sensor,1007.59546,1464757470430030208
0,crowdsignals.algosnap.com,1.0(1),352622063881655,smartphone,-8,pressure,1464757470000000000,1464757471000000000,Barometer Sensor,1007.43164,1464757470608204010
0,crowdsignals.algosnap.com,1.0(1),352622063881655,smartphone,-8,pressure,1464757470000000000,1464757471000000000,Barometer Sensor,1007.45264,1464757470785596146
0,crowdsignals.algosnap.com,1.0(1),352622063881655,smartphone,-8,pressure,1464757470000000000,1464757471000000000,Barometer Sensor,1007.40454,1464757470963427396
0,crowdsignals.algosnap.com,1.0(1),352622063881655,smartphone,-8,pressure,1464757471000000000,1464757472000000000,Barometer Sensor,1007.65356,1464757471141234739
0,crowdsignals.algosnap.com,1.0(1),352622063881655,smartphone,-8,pressure,1464757471000000000,1464757472000000000,Barometer Sensor,1007.4375,1464757471319201822
0,crowdsignals.algosnap.com,1.0(1),352622063881655,smartphone,-8,pressure,1464757471000000000,1464757472000000000,Barometer Sensor,1007.5315,1464757471497682812
0,crowdsignals.algosnap.com,1.0(1),352622063881655,smartphone,-8,pressure,1464757471000000000,1464757472000000000,Barometer Sensor,1007.62646,1464757471675702449
0,crowdsignals.algosnap.com,1.0(1),352622063881655,smartphone,-8,pressure,1464757471000000000,1464757472000000000,Barometer Sensor,1007.4802,1464757471853318489
0,crowdsignals.algosnap.com,1.0(1),352622063881655,smartphone,-8,pressure,1464757472000000000,1464757473000000000,Barometer Sensor,1007.61694,1464757472209424062
0,crowdsignals.algosnap.com,1.0(1),352622063881655,smartphone,-8,pressure,1464757472000000000,1464757473000000000,Barometer Sensor,1007.6494,1464757472387116094
0,crowdsignals.algosnap.com,1.0(1),352622063881655,smartphone,-8,pressure,1464757472000000000,1464757473000000000,Barometer Sensor,1007.4192,1464757472564678385
0,crowdsignals.algosnap.com,1.0(1),352622063881655,smartphone,-8,pressure,1464757472000000000,1464757473000000000,Barometer Sensor,1007.66724,1464757472742444636
0,crowdsignals.algosnap.com,1.0(1),352622063881655,smartphone,-8,pressure,1464757472000000000,1464757473000000000,Barometer Sensor,1007.25684,1464757472920835105
0,crowdsignals.algosnap.com,1.0(1),352622063881655,smartphone,-8,pressure,1464757473000000000,1464757474000000000,Barometer Sensor,1007.43286,1464757473276641302
0,crowdsignals.algosnap.com,1.0(1),352622063881655,smartphone,-8,pressure,1464757473000000000,1464757474000000000,Barometer Sensor,1007.46216,1464757473454754844
0,crowdsignals.algosnap.com,1.0(1),352622063881655,smartphone,-8,pressure,1464757473000000000,1464757474000000000,Barometer Sensor,1007.5923,1464757473632928334
0,crowdsignals.algosnap.com,1.0(1),352622063881655,smartphone,-8,pressure,1464757473000000000,1464757474000000000,Barometer Sensor,1007.59814,1464757473810648385
0,crowdsignals.algosnap.com,1.0(1),352622063881655,smartphone,-8,pressure,1464757473000000000,1464757474000000000,Barometer Sensor,1007.68726,1464757473988958229
0,crowdsignals.algosnap.com,1.0(1),352622063881655,smartphone,-8,pressure,1464757474000000000,1464757475000000000,Barometer Sensor,1007.6946,1464757474344499791
0,crowdsignals.algosnap.com,1.0(1),352622063881655,smartphone,-8,pressure,1464757474000000000,1464757475000000000,Barometer Sensor,1007.65137,1464757474521546251
0,crowdsignals.algosnap.com,1.0(1),352622063881655,smartphone,-8,pressure,1464757474000000000,1464757475000000000,Barometer Sensor,1007.4614,1464757474700061510
0,crowdsignals.algosnap.com,1.0(1),352622063881655,smartphone,-8,pressure,1464757474000000000,1464757475000000000,Barometer Sensor,1007.4463,1464757474878354530
0,crowdsignals.algosnap.com,1.0(1),352622063881655,smartphone,-8,pressure,1464757475000000000,1464757476000000000,Barometer Sensor,1007.6592,1464757475234044948
0,crowdsignals.algosnap.com,1.0(1),352622063881655,smartphone,-8,pressure,1464757475000000000,1464757476000000000,Barometer Sensor,1007.4673,1464757475411985156
0,crowdsignals.algosnap.com,1.0(1),352622063881655,smartphone,-8,pressure,1464757475000000000,1464757476000000000,Barometer Sensor,1007.63745,1464757475589632135
0,crowdsignals.algosnap.com,1.0(1),352622063881655,smartphone,-8,pressure,1464757475000000000,1464757476000000000,Barometer Sensor,1007.4236,1464757475767340156
0,crowdsignals.algosnap.com,1.0(1),352622063881655,smartphone,-8,pressure,1464757475000000000,1464757476000000000,Barometer Sensor,1007.6389,1464757475946075677
0,crowdsignals.algosnap.com,1.0(1),352622063881655,smartphone,-8,pressure,1464757476000000000,1464757477000000000,Barometer Sensor,1007.5598,1464757476301053594
0,crowdsignals.algosnap.com,1.0(1),352622063881655,smartphone,-8,pressure,1464757476000000000,1464757477000000000,Barometer Sensor,1007.6621,1464757476479297031
0,crowdsignals.algosnap.com,1.0(1),352622063881655,smartphone,-8,pressure,1464757476000000000,1464757477000000000,Barometer Sensor,1007.6616,1464757476656683438
0,crowdsignals.algosnap.com,1.0(1),352622063881655,smartphone,-8,pressure,1464757476000000000,1464757477000000000,Barometer Sensor,1007.48,1464757476834806771
0,crowdsignals.algosnap.com,1.0(1),352622063881655,smartphone,-8,pressure,1464757477000000000,1464757478000000000,Barometer Sensor,1007.46045,1464757477191189844
0,crowdsignals.algosnap.com,1.0(1),352622063881655,smartphone,-8,pressure,1464757477000000000,1464757478000000000,Barometer Sensor,1007.6433,1464757477368595572
0,crowdsignals.algosnap.com,1.0(1),352622063881655,smartphone,-8,pressure,1464757477000000000,1464757478000000000,Barometer Sensor,1007.5237,1464757477546421198
0,crowdsignals.algosnap.com,1.0(1),352622063881655,smartphone,-8,pressure,1464757477000000000,1464757478000000000,Barometer Sensor,1007.62085,1464757477724408281
0,crowdsignals.algosnap.com,1.0(1),352622063881655,smartphone,-8,pressure,1464757477000000000,1464757478000000000,Barometer Sensor,1007.61426,1464757477902156771
0,crowdsignals.algosnap.com,1.0(1),352622063881655,smartphone,-8,pressure,1464757478000000000,1464757479000000000,Barometer Sensor,1007.3518,1464757478258756093
0,crowdsignals.algosnap.com,1.0(1),352622063881655,smartphone,-8,pressure,1464757478000000000,1464757479000000000,Barometer Sensor,1007.39844,1464757478436588177
0,crowdsignals.algosnap.com,1.0(1),352622063881655,smartphone,-8,pressure,1464757478000000000,1464757479000000000,Barometer Sensor,1007.44824,1464757478614383178
0,crowdsignals.algosnap.com,1.0(1),352622063881655,smartphone,-8,pressure,1464757478000000000,1464757479000000000,Barometer Sensor,1007.46655,1464757478792163125
0,crowdsignals.algosnap.com,1.0(1),352622063881655,smartphone,-8,pressure,1464757478000000000,1464757479000000000,Barometer Sensor,1007.54614,1464757478970171666
0,crowdsignals.algosnap.com,1.0(1),352622063881655,smartphone,-8,pressure,1464757479000000000,1464757480000000000,Barometer Sensor,1007.4509,1464757479326005521
0,crowdsignals.algosnap.com,1.0(1),352622063881655,smartphone,-8,pressure,1464757479000000000,1464757480000000000,Barometer Sensor,1007.44214,1464757479504193958
0,crowdsignals.algosnap.com,1.0(1),352622063881655,smartphone,-8,pressure,1464757479000000000,1464757480000000000,Barometer Sensor,1007.64795,1464757479681681667
0,crowdsignals.algosnap.com,1.0(1),352622063881655,smartphone,-8,pressure,1464757479000000000,1464757480000000000,Barometer Sensor,1007.4199,1464757479859415312
0,crowdsignals.algosnap.com,1.0(1),352622063881655,smartphone,-8,pressure,1464757480000000000,1464757481000000000,Barometer Sensor,1007.63965,1464757480215712552
0,crowdsignals.algosnap.com,1.0(1),352622063881655,smartphone,-8,pressure,1464757480000000000,1464757481000000000,Barometer Sensor,1007.6494,1464757480393407344
0,crowdsignals.algosnap.com,1.0(1),352622063881655,smartphone,-8,pressure,1464757480000000000,1464757481000000000,Barometer Sensor,1007.49,1464757480571421719
0,crowdsignals.algosnap.com,1.0(1),352622063881655,smartphone,-8,pressure,1464757480000000000,1464757481000000000,Barometer Sensor,1007.63184,1464757480749713385
0,crowdsignals.algosnap.com,1.0(1),352622063881655,smartphone,-8,pressure,1464757480000000000,1464757481000000000,Barometer Sensor,1007.42993,1464757480927181511
0,crowdsignals.algosnap.com,1.0(1),352622063881655,smartphone,-8,pressure,1464757481000000000,1464757482000000000,Barometer Sensor,1007.645,1464757481105566666
0,crowdsignals.algosnap.com,1.0(1),352622063881655,smartphone,-8,pressure,1464757481000000000,1464757482000000000,Barometer Sensor,1007.41675,1464757481283542917
0,crowdsignals.algosnap.com,1.0(1),352622063881655,smartphone,-8,pressure,1464757481000000000,1464757482000000000,Barometer Sensor,1007.61914,1464757481461498542
0,crowdsignals.algosnap.com,1.0(1),352622063881655,smartphone,-8,pressure,1464757481000000000,1464757482000000000,Barometer Sensor,1007.4487,1464757481639360625
0,crowdsignals.algosnap.com,1.0(1),352622063881655,smartphone,-8,pressure,1464757481000000000,1464757482000000000,Barometer Sensor,1007.5796,1464757481816690365
0,crowdsignals.algosnap.com,1.0(1),352622063881655,smartphone,-8,pressure,1464757481000000000,1464757482000000000,Barometer Sensor,1007.4104,1464757481995209844
0,crowdsignals.algosnap.com,1.0(1),352622063881655,smartphone,-8,pressure,1464757482000000000,1464757483000000000,Barometer Sensor,1007.6582,1464757482350921198
0,crowdsignals.algosnap.com,1.0(1),352622063881655,smartphone,-8,pressure,1464757482000000000,1464757483000000000,Barometer Sensor,1007.4136,1464757482528659479
0,crowdsignals.algosnap.com,1.0(1),352622063881655,smartphone,-8,pressure,1464757482000000000,1464757483000000000,Barometer Sensor,1007.6221,1464757482706465261
0,crowdsignals.algosnap.com,1.0(1),352622063881655,smartphone,-8,pressure,1464757482000000000,1464757483000000000,Barometer Sensor,1007.63306,1464757482884887240
0,crowdsignals.algosnap.com,1.0(1),352622063881655,smartphone,-8,pressure,1464757483000000000,1464757484000000000,Barometer Sensor,1007.6365,1464757483240009843
0,crowdsignals.algosnap.com,1.0(1),352622063881655,smartphone,-8,pressure,1464757483000000000,1464757484000000000,Barometer Sensor,1007.6011,1464757483417902865
0,crowdsignals.algosnap.com,1.0(1),352622063881655,smartphone,-8,pressure,1464757483000000000,1464757484000000000,Barometer Sensor,1007.4346,1464757483595958802
0,crowdsignals.algosnap.com,1.0(1),352622063881655,smartphone,-8,pressure,1464757483000000000,1464757484000000000,Barometer Sensor,1007.60205,1464757483774710312
0,crowdsignals.algosnap.com,1.0(1),352622063881655,smartphone,-8,pressure,1464757483000000000,1464757484000000000,Barometer Sensor,1007.6172,1464757483952114427
0,crowdsignals.algosnap.com,1.0(1),352622063881655,smartphone,-8,pressure,1464757484000000000,1464757485000000000,Barometer Sensor,1007.6223,1464757484307304166
0,crowdsignals.algosnap.com,1.0(1),352622063881655,smartphone,-8,pressure,1464757484000000000,1464757485000000000,Barometer Sensor,1007.6438,1464757484485161979
0,crowdsignals.algosnap.com,1.0(1),352622063881655,smartphone,-8,pressure,1464757484000000000,1464757485000000000,Barometer Sensor,1007.6008,1464757484663697761
0,crowdsignals.algosnap.com,1.0(1),352622063881655,smartphone,-8,pressure,1464757484000000000,1464757485000000000,Barometer Sensor,1007.4949,1464757484841833334
0,crowdsignals.algosnap.com,1.0(1),352622063881655,smartphone,-8,pressure,1464757485000000000,1464757486000000000,Barometer Sensor,1007.36304,1464757485196884531
0,crowdsignals.algosnap.com,1.0(1),352622063881655,smartphone,-8,pressure,1464757485000000000,1464757486000000000,Barometer Sensor,1007.35034,1464757485374508698
0,crowdsignals.algosnap.com,1.0(1),352622063881655,smartphone,-8,pressure,1464757485000000000,1464757486000000000,Barometer Sensor,1007.44824,1464757485552569323
0,crowdsignals.algosnap.com,1.0(1),352622063881655,smartphone,-8,pressure,1464757485000000000,1464757486000000000,Barometer Sensor,1007.57837,1464757485730953229
0,crowdsignals.algosnap.com,1.0(1),352622063881655,smartphone,-8,pressure,1464757485000000000,1464757486000000000,Barometer Sensor,1007.4485,1464757485908846562
0,crowdsignals.algosnap.com,1.0(1),352622063881655,smartphone,-8,pressure,1464757486000000000,1464757487000000000,Barometer Sensor,1007.4314,1464757486264823177
0,crowdsignals.algosnap.com,1.0(1),352622063881655,smartphone,-8,pressure,1464757486000000000,1464757487000000000,Barometer Sensor,1007.5491,1464757486442597865
0,crowdsignals.algosnap.com,1.0(1),352622063881655,smartphone,-8,pressure,1464757486000000000,1464757487000000000,Barometer Sensor,1007.65234,1464757486620681615
0,crowdsignals.algosnap.com,1.0(1),352622063881655,smartphone,-8,pressure,1464757486000000000,1464757487000000000,Barometer Sensor,1007.6543,1464757486798275468
0,crowdsignals.algosnap.com,1.0(1),352622063881655,smartphone,-8,pressure,1464757486000000000,1464757487000000000,Barometer Sensor,1007.667,1464757486976902032
0,crowdsignals.algosnap.com,1.0(1),352622063881655,smartphone,-8,pressure,1464757487000000000,1464757488000000000,Barometer Sensor,1007.6062,1464757487333034115
0,crowdsignals.algosnap.com,1.0(1),352622063881655,smartphone,-8,pressure,1464757487000000000,1464757488000000000,Barometer Sensor,1007.53296,1464757487510236875
0,crowdsignals.algosnap.com,1.0(1),352622063881655,smartphone,-8,pressure,1464757487000000000,1464757488000000000,Barometer Sensor,1007.6282,1464757487687727708
0,crowdsignals.algosnap.com,1.0(1),352622063881655,smartphone,-8,pressure,1464757487000000000,1464757488000000000,Barometer Sensor,1007.6316,1464757487865698646
0,crowdsignals.algosnap.com,1.0(1),352622063881655,smartphone,-8,pressure,1464757488000000000,1464757489000000000,Barometer Sensor,1007.59766,1464757488221740834
0,crowdsignals.algosnap.com,1.0(1),352622063881655,smartphone,-8,pressure,1464757488000000000,1464757489000000000,Barometer Sensor,1007.45703,1464757488399609218
0,crowdsignals.algosnap.com,1.0(1),352622063881655,smartphone,-8,pressure,1464757488000000000,1464757489000000000,Barometer Sensor,1007.46924,1464757488577871041
0,crowdsignals.algosnap.com,1.0(1),352622063881655,smartphone,-8,pressure,1464757488000000000,1464757489000000000,Barometer Sensor,1007.63794,1464757488755773907
0,crowdsignals.algosnap.com,1.0(1),352622063881655,smartphone,-8,pressure,1464757488000000000,1464757489000000000,Barometer Sensor,1007.60986,1464757488933429740
0,crowdsignals.algosnap.com,1.0(1),352622063881655,smartphone,-8,pressure,1464757489000000000,1464757490000000000,Barometer Sensor,1007.6467,1464757489289219009
0,crowdsignals.algosnap.com,1.0(1),352622063881655,smartphone,-8,pressure,1464757489000000000,1464757490000000000,Barometer Sensor,1007.64136,1464757489467328958
0,crowdsignals.algosnap.com,1.0(1),352622063881655,smartphone,-8,pressure,1464757489000000000,1464757490000000000,Barometer Sensor,1007.6482,1464757489645388645
0,crowdsignals.algosnap.com,1.0(1),352622063881655,smartphone,-8,pressure,1464757489000000000,1464757490000000000,Barometer Sensor,1007.5669,1464757489823152969
0,crowdsignals.algosnap.com,1.0(1),352622063881655,smartphone,-8,pressure,1464757490000000000,1464757491000000000,Barometer Sensor,1007.42554,1464757490178957969
0,crowdsignals.algosnap.com,1.0(1),352622063881655,smartphone,-8,pressure,1464757490000000000,1464757491000000000,Barometer Sensor,1007.6323,1464757490356410677
0,crowdsignals.algosnap.com,1.0(1),352622063881655,smartphone,-8,pressure,1464757490000000000,1464757491000000000,Barometer Sensor,1007.4287,1464757490534842552
0,crowdsignals.algosnap.com,1.0(1),352622063881655,smartphone,-8,pressure,1464757490000000000,1464757491000000000,Barometer Sensor,1007.635,1464757490713349896
0,crowdsignals.algosnap.com,1.0(1),352622063881655,smartphone,-8,pressure,1464757490000000000,1464757491000000000,Barometer Sensor,1007.5742,1464757490890506927
0,crowdsignals.algosnap.com,1.0(1),352622063881655,smartphone,-8,pressure,1464757491000000000,1464757492000000000,Barometer Sensor,1007.6487,1464757491068050260
0,crowdsignals.algosnap.com,1.0(1),352622063881655,smartphone,-8,pressure,1464757491000000000,1464757492000000000,Barometer Sensor,1007.4302,1464757491246454271
0,crowdsignals.algosnap.com,1.0(1),352622063881655,smartphone,-8,pressure,1464757491000000000,1464757492000000000,Barometer Sensor,1007.48193,1464757491424086042
0,crowdsignals.algosnap.com,1.0(1),352622063881655,smartphone,-8,pressure,1464757491000000000,1464757492000000000,Barometer Sensor,1007.40234,1464757491602528021
0,crowdsignals.algosnap.com,1.0(1),352622063881655,smartphone,-8,pressure,1464757491000000000,1464757492000000000,Barometer Sensor,1007.3374,1464757491779989635
0,crowdsignals.algosnap.com,1.0(1),352622063881655,smartphone,-8,pressure,1464757491000000000,1464757492000000000,Barometer Sensor,1007.3821,1464757491957911510
0,crowdsignals.algosnap.com,1.0(1),352622063881655,smartphone,-8,pressure,1464757492000000000,1464757493000000000,Barometer Sensor,1007.605,1464757492314850625
0,crowdsignals.algosnap.com,1.0(1),352622063881655,smartphone,-8,pressure,1464757492000000000,1464757493000000000,Barometer Sensor,1007.64966,1464757492492427291
0,crowdsignals.algosnap.com,1.0(1),352622063881655,smartphone,-8,pressure,1464757492000000000,1464757493000000000,Barometer Sensor,1007.3926,1464757492670098385
0,crowdsignals.algosnap.com,1.0(1),352622063881655,smartphone,-8,pressure,1464757492000000000,1464757493000000000,Barometer Sensor,1007.46094,1464757492848215729
0,crowdsignals.algosnap.com,1.0(1),352622063881655,smartphone,-8,pressure,1464757493000000000,1464757494000000000,Barometer Sensor,1007.39233,1464757493203999792
0,crowdsignals.algosnap.com,1.0(1),352622063881655,smartphone,-8,pressure,1464757493000000000,1464757494000000000,Barometer Sensor,1007.42505,1464757493381542709
0,crowdsignals.algosnap.com,1.0(1),352622063881655,smartphone,-8,pressure,1464757493000000000,1464757494000000000,Barometer Sensor,1007.41284,1464757493560067968
0,crowdsignals.algosnap.com,1.0(1),352622063881655,smartphone,-8,pressure,1464757493000000000,1464757494000000000,Barometer Sensor,1007.57935,1464757493737002656
0,crowdsignals.algosnap.com,1.0(1),352622063881655,smartphone,-8,pressure,1464757493000000000,1464757494000000000,Barometer Sensor,1007.43335,1464757493915831250
0,crowdsignals.algosnap.com,1.0(1),352622063881655,smartphone,-8,pressure,1464757494000000000,1464757495000000000,Barometer Sensor,1007.4253,1464757494271285052
0,crowdsignals.algosnap.com,1.0(1),352622063881655,smartphone,-8,pressure,1464757494000000000,1464757495000000000,Barometer Sensor,1007.59644,1464757494448877552
0,crowdsignals.algosnap.com,1.0(1),352622063881655,smartphone,-8,pressure,1464757494000000000,1464757495000000000,Barometer Sensor,1007.59985,1464757494627598750
0,crowdsignals.algosnap.com,1.0(1),352622063881655,smartphone,-8,pressure,1464757494000000000,1464757495000000000,Barometer Sensor,1007.60693,1464757494805321407
0,crowdsignals.algosnap.com,1.0(1),352622063881655,smartphone,-8,pressure,1464757494000000000,1464757495000000000,Barometer Sensor,1007.62524,1464757494982630730
0,crowdsignals.algosnap.com,1.0(1),352622063881655,smartphone,-8,pressure,1464757495000000000,1464757496000000000,Barometer Sensor,1007.8208,1464757495338969219
0,crowdsignals.algosnap.com,1.0(1),352622063881655,smartphone,-8,pressure,1464757495000000000,1464757496000000000,Barometer Sensor,1007.37256,1464757495517210573
0,crowdsignals.algosnap.com,1.0(1),352622063881655,smartphone,-8,pressure,1464757495000000000,1464757496000000000,Barometer Sensor,1007.40137,1464757495694817917
0,crowdsignals.algosnap.com,1.0(1),352622063881655,smartphone,-8,pressure,1464757495000000000,1464757496000000000,Barometer Sensor,1007.3884,1464757495872635573
0,crowdsignals.algosnap.com,1.0(1),352622063881655,smartphone,-8,pressure,1464757496000000000,1464757497000000000,Barometer Sensor,1007.4431,1464757496228335625
0,crowdsignals.algosnap.com,1.0(1),352622063881655,smartphone,-8,pressure,1464757496000000000,1464757497000000000,Barometer Sensor,1007.6426,1464757496405938698
0,crowdsignals.algosnap.com,1.0(1),352622063881655,smartphone,-8,pressure,1464757496000000000,1464757497000000000,Barometer Sensor,1007.60425,1464757496584782500
0,crowdsignals.algosnap.com,1.0(1),352622063881655,smartphone,-8,pressure,1464757496000000000,1464757497000000000,Barometer Sensor,1007.6228,1464757496762157969
0,crowdsignals.algosnap.com,1.0(1),352622063881655,smartphone,-8,pressure,1464757496000000000,1464757497000000000,Barometer Sensor,1007.60205,1464757496940080989
0,crowdsignals.algosnap.com,1.0(1),352622063881655,smartphone,-8,pressure,1464757497000000000,1464757498000000000,Barometer Sensor,1007.4458,1464757497296312396
0,crowdsignals.algosnap.com,1.0(1),352622063881655,smartphone,-8,pressure,1464757497000000000,1464757498000000000,Barometer Sensor,1007.45825,1464757497473430365
0,crowdsignals.algosnap.com,1.0(1),352622063881655,smartphone,-8,pressure,1464757497000000000,1464757498000000000,Barometer Sensor,1007.64453,1464757497651481979
0,crowdsignals.algosnap.com,1.0(1),352622063881655,smartphone,-8,pressure,1464757497000000000,1464757498000000000,Barometer Sensor,1007.6592,1464757497829998438
0,crowdsignals.algosnap.com,1.0(1),352622063881655,smartphone,-8,pressure,1464757498000000000,1464757499000000000,Barometer Sensor,1007.6074,1464757498185959010
0,crowdsignals.algosnap.com,1.0(1),352622063881655,smartphone,-8,pressure,1464757498000000000,1464757499000000000,Barometer Sensor,1007.4624,1464757498363670678
0,crowdsignals.algosnap.com,1.0(1),352622063881655,smartphone,-8,pressure,1464757498000000000,1464757499000000000,Barometer Sensor,1007.42236,1464757498540949323
0,crowdsignals.algosnap.com,1.0(1),352622063881655,smartphone,-8,pressure,1464757498000000000,1464757499000000000,Barometer Sensor,1007.6311,1464757498719250990
0,crowdsignals.algosnap.com,1.0(1),352622063881655,smartphone,-8,pressure,1464757498000000000,1464757499000000000,Barometer Sensor,1007.60645,1464757498897329583
0,crowdsignals.algosnap.com,1.0(1),352622063881655,smartphone,-8,pressure,1464757499000000000,1464757500000000000,Barometer Sensor,1007.43335,1464757499253201823
0,crowdsignals.algosnap.com,1.0(1),352622063881655,smartphone,-8,pressure,1464757499000000000,1464757500000000000,Barometer Sensor,1007.4353,1464757499431037396
0,crowdsignals.algosnap.com,1.0(1),352622063881655,smartphone,-8,pressure,1464757499000000000,1464757500000000000,Barometer Sensor,1007.4419,1464757499608744635
0,crowdsignals.algosnap.com,1.0(1),352622063881655,smartphone,-8,pressure,1464757499000000000,1464757500000000000,Barometer Sensor,1007.594,1464757499786277292
0,crowdsignals.algosnap.com,1.0(1),352622063881655,smartphone,-8,pressure,1464757499000000000,1464757500000000000,Barometer Sensor,1007.64014,1464757499964521979
0,crowdsignals.algosnap.com,1.0(1),352622063881655,smartphone,-8,pressure,1464757500000000000,1464757501000000000,Barometer Sensor,1007.43896,1464757500321130938
0,crowdsignals.algosnap.com,1.0(1),352622063881655,smartphone,-8,pressure,1464757500000000000,1464757501000000000,Barometer Sensor,1007.63965,1464757500499132604
0,crowdsignals.algosnap.com,1.0(1),352622063881655,smartphone,-8,pressure,1464757500000000000,1464757501000000000,Barometer Sensor,1007.4404,1464757500676642396
0,crowdsignals.algosnap.com,1.0(1),352622063881655,smartphone,-8,pressure,1464757500000000000,1464757501000000000,Barometer Sensor,1007.6223,1464757500854667604
0,crowdsignals.algosnap.com,1.0(1),352622063881655,smartphone,-8,pressure,1464757501000000000,1464757502000000000,Barometer Sensor,1007.4761,1464757501031630625
0,crowdsignals.algosnap.com,1.0(1),352622063881655,smartphone,-8,pressure,1464757501000000000,1464757502000000000,Barometer Sensor,1007.4529,1464757501210709062
0,crowdsignals.algosnap.com,1.0(1),352622063881655,smartphone,-8,pressure,1464757501000000000,1464757502000000000,Barometer Sensor,1007.67847,1464757501388013646
0,crowdsignals.algosnap.com,1.0(1),352622063881655,smartphone,-8,pressure,1464757501000000000,1464757502000000000,Barometer Sensor,1007.6492,1464757501565948021
0,crowdsignals.algosnap.com,1.0(1),352622063881655,smartphone,-8,pressure,1464757501000000000,1464757502000000000,Barometer Sensor,1007.3833,1464757501744412135
0,crowdsignals.algosnap.com,1.0(1),352622063881655,smartphone,-8,pressure,1464757501000000000,1464757502000000000,Barometer Sensor,1007.41943,1464757501921658802
0,crowdsignals.algosnap.com,1.0(1),352622063881655,smartphone,-8,pressure,1464757502000000000,1464757503000000000,Barometer Sensor,1007.4512,1464757502277774167
0,crowdsignals.algosnap.com,1.0(1),352622063881655,smartphone,-8,pressure,1464757502000000000,1464757503000000000,Barometer Sensor,1007.6333,1464757502455616771
0,crowdsignals.algosnap.com,1.0(1),352622063881655,smartphone,-8,pressure,1464757502000000000,1464757503000000000,Barometer Sensor,1007.5886,1464757502633487188
0,crowdsignals.algosnap.com,1.0(1),352622063881655,smartphone,-8,pressure,1464757502000000000,1464757503000000000,Barometer Sensor,1007.61084,1464757502811523438
0,crowdsignals.algosnap.com,1.0(1),352622063881655,smartphone,-8,pressure,1464757502000000000,1464757503000000000,Barometer Sensor,1007.48145,1464757502989077812
0,crowdsignals.algosnap.com,1.0(1),352622063881655,smartphone,-8,pressure,1464757503000000000,1464757504000000000,Barometer Sensor,1007.46436,1464757503344921146
0,crowdsignals.algosnap.com,1.0(1),352622063881655,smartphone,-8,pressure,1464757503000000000,1464757504000000000,Barometer Sensor,1007.66846,1464757503523209740
0,crowdsignals.algosnap.com,1.0(1),352622063881655,smartphone,-8,pressure,1464757503000000000,1464757504000000000,Barometer Sensor,1007.4275,1464757503700777553
0,crowdsignals.algosnap.com,1.0(1),352622063881655,smartphone,-8,pressure,1464757503000000000,1464757504000000000,Barometer Sensor,1007.4331,1464757503879416979
0,crowdsignals.algosnap.com,1.0(1),352622063881655,smartphone,-8,pressure,1464757504000000000,1464757505000000000,Barometer Sensor,1007.39526,1464757504235334167
0,crowdsignals.algosnap.com,1.0(1),352622063881655,smartphone,-8,pressure,1464757504000000000,1464757505000000000,Barometer Sensor,1007.45874,1464757504412954271
0,crowdsignals.algosnap.com,1.0(1),352622063881655,smartphone,-8,pressure,1464757504000000000,1464757505000000000,Barometer Sensor,1007.41016,1464757504590752135
0,crowdsignals.algosnap.com,1.0(1),352622063881655,smartphone,-8,pressure,1464757504000000000,1464757505000000000,Barometer Sensor,1007.47974,1464757504768249271
0,crowdsignals.algosnap.com,1.0(1),352622063881655,smartphone,-8,pressure,1464757504000000000,1464757505000000000,Barometer Sensor,1007.41284,1464757504946961823
0,crowdsignals.algosnap.com,1.0(1),352622063881655,smartphone,-8,pressure,1464757505000000000,1464757506000000000,Barometer Sensor,1007.44336,1464757505301996980
0,crowdsignals.algosnap.com,1.0(1),352622063881655,smartphone,-8,pressure,1464757505000000000,1464757506000000000,Barometer Sensor,1007.4282,1464757505479858489
0,crowdsignals.algosnap.com,1.0(1),352622063881655,smartphone,-8,pressure,1464757505000000000,1464757506000000000,Barometer Sensor,1007.5488,1464757505657856458
0,crowdsignals.algosnap.com,1.0(1),352622063881655,smartphone,-8,pressure,1464757505000000000,1464757506000000000,Barometer Sensor,1007.4829,1464757505836439635
0,crowdsignals.algosnap.com,1.0(1),352622063881655,smartphone,-8,pressure,1464757506000000000,1464757507000000000,Barometer Sensor,1007.4236,1464757506191825521
0,crowdsignals.algosnap.com,1.0(1),352622063881655,smartphone,-8,pressure,1464757506000000000,1464757507000000000,Barometer Sensor,1007.40576,1464757506369924114
0,crowdsignals.algosnap.com,1.0(1),352622063881655,smartphone,-8,pressure,1464757506000000000,1464757507000000000,Barometer Sensor,1007.4309,1464757506547937083
0,crowdsignals.algosnap.com,1.0(1),352622063881655,smartphone,-8,pressure,1464757506000000000,1464757507000000000,Barometer Sensor,1007.3762,1464757506725513333
0,crowdsignals.algosnap.com,1.0(1),352622063881655,smartphone,-8,pressure,1464757506000000000,1464757507000000000,Barometer Sensor,1007.43726,1464757506903691615
0,crowdsignals.algosnap.com,1.0(1),352622063881655,smartphone,-8,pressure,1464757507000000000,1464757508000000000,Barometer Sensor,1007.44214,1464757507259500676
0,crowdsignals.algosnap.com,1.0(1),352622063881655,smartphone,-8,pressure,1464757507000000000,1464757508000000000,Barometer Sensor,1007.60693,1464757507437516093
0,crowdsignals.algosnap.com,1.0(1),352622063881655,smartphone,-8,pressure,1464757507000000000,1464757508000000000,Barometer Sensor,1007.4297,1464757507615806927
0,crowdsignals.algosnap.com,1.0(1),352622063881655,smartphone,-8,pressure,1464757507000000000,1464757508000000000,Barometer Sensor,1007.4404,1464757507793449636
0,crowdsignals.algosnap.com,1.0(1),352622063881655,smartphone,-8,pressure,1464757507000000000,1464757508000000000,Barometer Sensor,1007.43945,1464757507971169115
0,crowdsignals.algosnap.com,1.0(1),352622063881655,smartphone,-8,pressure,1464757508000000000,1464757509000000000,Barometer Sensor,1007.4431,1464757508327473334
0,crowdsignals.algosnap.com,1.0(1),352622063881655,smartphone,-8,pressure,1464757508000000000,1464757509000000000,Barometer Sensor,1007.43994,1464757508505116093
0,crowdsignals.algosnap.com,1.0(1),352622063881655,smartphone,-8,pressure,1464757508000000000,1464757509000000000,Barometer Sensor,1007.42944,1464757508682664792
0,crowdsignals.algosnap.com,1.0(1),352622063881655,smartphone,-8,pressure,1464757508000000000,1464757509000000000,Barometer Sensor,1007.4868,1464757508861092448
0,crowdsignals.algosnap.com,1.0(1),352622063881655,smartphone,-8,pressure,1464757509000000000,1464757510000000000,Barometer Sensor,1007.40894,1464757509216678490
0,crowdsignals.algosnap.com,1.0(1),352622063881655,smartphone,-8,pressure,1464757509000000000,1464757510000000000,Barometer Sensor,1007.4258,1464757509394680990
0,crowdsignals.algosnap.com,1.0(1),352622063881655,smartphone,-8,pressure,1464757509000000000,1464757510000000000,Barometer Sensor,1007.43726,1464757509572562240
0,crowdsignals.algosnap.com,1.0(1),352622063881655,smartphone,-8,pressure,1464757509000000000,1464757510000000000,Barometer Sensor,1007.3862,1464757509749991197
0,crowdsignals.algosnap.com,1.0(1),352622063881655,smartphone,-8,pressure,1464757509000000000,1464757510000000000,Barometer Sensor,1007.6406,1464757509928164531
0,crowdsignals.algosnap.com,1.0(1),352622063881655,smartphone,-8,pressure,1464757510000000000,1464757511000000000,Barometer Sensor,1007.3933,1464757510284620105
0,crowdsignals.algosnap.com,1.0(1),352622063881655,smartphone,-8,pressure,1464757510000000000,1464757511000000000,Barometer Sensor,1007.6089,1464757510461949167
0,crowdsignals.algosnap.com,1.0(1),352622063881655,smartphone,-8,pressure,1464757510000000000,1464757511000000000,Barometer Sensor,1007.3867,1464757510640718854
0,crowdsignals.algosnap.com,1.0(1),352622063881655,smartphone,-8,pressure,1464757510000000000,1464757511000000000,Barometer Sensor,1007.52954,1464757510818014688
0,crowdsignals.algosnap.com,1.0(1),352622063881655,smartphone,-8,pressure,1464757510000000000,1464757511000000000,Barometer Sensor,1007.42554,1464757510995883489
0,crowdsignals.algosnap.com,1.0(1),352622063881655,smartphone,-8,pressure,1464757511000000000,1464757512000000000,Barometer Sensor,1007.34375,1464757511174081719
0,crowdsignals.algosnap.com,1.0(1),352622063881655,smartphone,-8,pressure,1464757511000000000,1464757512000000000,Barometer Sensor,1007.3845,1464757511352172813
0,crowdsignals.algosnap.com,1.0(1),352622063881655,smartphone,-8,pressure,1464757511000000000,1464757512000000000,Barometer Sensor,1007.4048,1464757511530277760
0,crowdsignals.algosnap.com,1.0(1),352622063881655,smartphone,-8,pressure,1464757511000000000,1464757512000000000,Barometer Sensor,1007.6145,1464757511707451250
0,crowdsignals.algosnap.com,1.0(1),352622063881655,smartphone,-8,pressure,1464757511000000000,1464757512000000000,Barometer Sensor,1007.42065,1464757511885551303
