user_id,sw_name,sw_version,device_id,device_type,timezone,type,start,end,resistance,timestamps
0,crowdsignals.algosnap.com,1.0(1),352622063881655,smartphone,-8,msBandGsr,1464757421000000000,1464757422000000000,276,1464757421322000000
0,crowdsignals.algosnap.com,1.0(1),352622063881655,smartphone,-8,msBandGsr,1464757426000000000,1464757427000000000,281,1464757426282000000
0,crowdsignals.algosnap.com,1.0(1),352622063881655,smartphone,-8,msBandGsr,1464757431000000000,1464757432000000000,284,1464757431274000000
0,crowdsignals.algosnap.com,1.0(1),352622063881655,smartphone,-8,msBandGsr,1464757436000000000,1464757437000000000,286,1464757436256000000
0,crowdsignals.algosnap.com,1.0(1),352622063881655,smartphone,-8,msBandGsr,1464757441000000000,1464757442000000000,288,1464757441224000000
0,crowdsignals.algosnap.com,1.0(1),352622063881655,smartphone,-8,msBandGsr,1464757446000000000,1464757447000000000,286,1464757446215000000
0,crowdsignals.algosnap.com,1.0(1),352622063881655,smartphone,-8,msBandGsr,1464757451000000000,1464757452000000000,294,1464757451243000000
0,crowdsignals.algosnap.com,1.0(1),352622063881655,smartphone,-8,msBandGsr,1464757456000000000,1464757457000000000,295,1464757456247000000
0,crowdsignals.algosnap.com,1.0(1),352622063881655,smartphone,-8,msBandGsr,1464757461000000000,1464757462000000000,294,1464757461140000000
0,crowdsignals.algosnap.com,1.0(1),352622063881655,smartphone,-8,msBandGsr,1464757466000000000,1464757467000000000,300,1464757466144000000
0,crowdsignals.algosnap.com,1.0(1),352622063881655,smartphone,-8,msBandGsr,1464757471000000000,1464757472000000000,292,1464757471113000000
0,crowdsignals.algosnap.com,1.0(1),352622063881655,smartphone,-8,msBandGsr,1464757476000000000,1464757477000000000,303,1464757476094000000
0,crowdsignals.algosnap.com,1.0(1),352622063881655,smartphone,-8,msBandGsr,1464757481000000000,1464757482000000000,305,1464757481080000000
0,crowdsignals.algosnap.com,1.0(1),352622063881655,smartphone,-8,msBandGsr,1464757486000000000,1464757487000000000,306,1464757486044000000
0,crowdsignals.algosnap.com,1.0(1),352622063881655,smartphone,-8,msBandGsr,1464757491000000000,1464757492000000000,306,1464757491045000000
0,crowdsignals.algosnap.com,1.0(1),352622063881655,smartphone,-8,msBandGsr,1464757496000000000,1464757497000000000,308,1464757496026000000
0,crowdsignals.algosnap.com,1.0(1),352622063881655,smartphone,-8,msBandGsr,1464757500000000000,1464757501000000000,310,1464757500998000000
0,crowdsignals.algosnap.com,1.0(1),352622063881655,smartphone,-8,msBandGsr,1464757505000000000,1464757506000000000,311,1464757505966000000
0,crowdsignals.algosnap.com,1.0(1),352622063881655,smartphone,-8,msBandGsr,1464757510000000000,1464757511000000000,300,1464757510967000000
0,crowdsignals.algosnap.com,1.0(1),352622063881655,smartphone,-8,msBandGsr,1464757515000000000,1464757516000000000,307,1464757515930000000
