user_id,sw_name,sw_version,device_id,device_type,timezone,type,start,end,lux,timestamps
0,crowdsignals.algosnap.com,1.0(1),352622063881655,smartphone,-8,msBandAmbientLight,1464757417000000000,1464757418000000000,1,1464757417855000000
0,crowdsignals.algosnap.com,1.0(1),352622063881655,smartphone,-8,msBandAmbientLight,1464757418000000000,1464757419000000000,0,1464757418350000000
0,crowdsignals.algosnap.com,1.0(1),352622063881655,smartphone,-8,msBandAmbientLight,1464757418000000000,1464757419000000000,1,1464757418835000000
0,crowdsignals.algosnap.com,1.0(1),352622063881655,smartphone,-8,msBandAmbientLight,1464757419000000000,1464757420000000000,1,1464757419347000000
0,crowdsignals.algosnap.com,1.0(1),352622063881655,smartphone,-8,msBandAmbientLight,1464757419000000000,1464757420000000000,1,1464757419832000000
0,crowdsignals.algosnap.com,1.0(1),352622063881655,smartphone,-8,msBandAmbientLight,1464757420000000000,1464757421000000000,2,1464757420333000000
0,crowdsignals.algosnap.com,1.0(1),352622063881655,smartphone,-8,msBandAmbientLight,1464757420000000000,1464757421000000000,8,1464757420845000000
0,crowdsignals.algosnap.com,1.0(1),352622063881655,smartphone,-8,msBandAmbientLight,1464757421000000000,1464757422000000000,9,1464757421350000000
0,crowdsignals.algosnap.com,1.0(1),352622063881655,smartphone,-8,msBandAmbientLight,1464757421000000000,1464757422000000000,9,1464757421853000000
0,crowdsignals.algosnap.com,1.0(1),352622063881655,smartphone,-8,msBandAmbientLight,1464757422000000000,1464757423000000000,8,1464757422362000000
0,crowdsignals.algosnap.com,1.0(1),352622063881655,smartphone,-8,msBandAmbientLight,1464757422000000000,1464757423000000000,7,1464757422838000000
0,crowdsignals.algosnap.com,1.0(1),352622063881655,smartphone,-8,msBandAmbientLight,1464757423000000000,1464757424000000000,9,1464757423348000000
0,crowdsignals.algosnap.com,1.0(1),352622063881655,smartphone,-8,msBandAmbientLight,1464757423000000000,1464757424000000000,2,1464757423838000000
0,crowdsignals.algosnap.com,1.0(1),352622063881655,smartphone,-8,msBandAmbientLight,1464757424000000000,1464757425000000000,1,1464757424333000000
0,crowdsignals.algosnap.com,1.0(1),352622063881655,smartphone,-8,msBandAmbientLight,1464757424000000000,1464757425000000000,1,1464757424849000000
0,crowdsignals.algosnap.com,1.0(1),352622063881655,smartphone,-8,msBandAmbientLight,1464757425000000000,1464757426000000000,1,1464757425343000000
0,crowdsignals.algosnap.com,1.0(1),352622063881655,smartphone,-8,msBandAmbientLight,1464757425000000000,1464757426000000000,1,1464757425838000000
0,crowdsignals.algosnap.com,1.0(1),352622063881655,smartphone,-8,msBandAmbientLight,1464757426000000000,1464757427000000000,1,1464757426355000000
0,crowdsignals.algosnap.com,1.0(1),352622063881655,smartphone,-8,msBandAmbientLight,1464757426000000000,1464757427000000000,2,1464757426860000000
0,crowdsignals.algosnap.com,1.0(1),352622063881655,smartphone,-8,msBandAmbientLight,1464757427000000000,1464757428000000000,6,1464757427361000000
0,crowdsignals.algosnap.com,1.0(1),352622063881655,smartphone,-8,msBandAmbientLight,1464757427000000000,1464757428000000000,1,1464757427844000000
0,crowdsignals.algosnap.com,1.0(1),352622063881655,smartphone,-8,msBandAmbientLight,1464757428000000000,1464757429000000000,1,1464757428335000000
0,crowdsignals.algosnap.com,1.0(1),352622063881655,smartphone,-8,msBandAmbientLight,1464757428000000000,1464757429000000000,4,1464757428848000000
0,crowdsignals.algosnap.com,1.0(1),352622063881655,smartphone,-8,msBandAmbientLight,1464757429000000000,1464757430000000000,7,1464757429354000000
0,crowdsignals.algosnap.com,1.0(1),352622063881655,smartphone,-8,msBandAmbientLight,1464757429000000000,1464757430000000000,6,1464757429856000000
0,crowdsignals.algosnap.com,1.0(1),352622063881655,smartphone,-8,msBandAmbientLight,1464757430000000000,1464757431000000000,7,1464757430348000000
0,crowdsignals.algosnap.com,1.0(1),352622063881655,smartphone,-8,msBandAmbientLight,1464757430000000000,1464757431000000000,3,1464757430840000000
0,crowdsignals.algosnap.com,1.0(1),352622063881655,smartphone,-8,msBandAmbientLight,1464757431000000000,1464757432000000000,5,1464757431336000000
0,crowdsignals.algosnap.com,1.0(1),352622063881655,smartphone,-8,msBandAmbientLight,1464757431000000000,1464757432000000000,6,1464757431847000000
0,crowdsignals.algosnap.com,1.0(1),352622063881655,smartphone,-8,msBandAmbientLight,1464757432000000000,1464757433000000000,1,1464757432333000000
0,crowdsignals.algosnap.com,1.0(1),352622063881655,smartphone,-8,msBandAmbientLight,1464757432000000000,1464757433000000000,1,1464757432844000000
0,crowdsignals.algosnap.com,1.0(1),352622063881655,smartphone,-8,msBandAmbientLight,1464757433000000000,1464757434000000000,0,1464757433355000000
0,crowdsignals.algosnap.com,1.0(1),352622063881655,smartphone,-8,msBandAmbientLight,1464757433000000000,1464757434000000000,0,1464757433847000000
0,crowdsignals.algosnap.com,1.0(1),352622063881655,smartphone,-8,msBandAmbientLight,1464757434000000000,1464757435000000000,0,1464757434332000000
0,crowdsignals.algosnap.com,1.0(1),352622063881655,smartphone,-8,msBandAmbientLight,1464757434000000000,1464757435000000000,0,1464757434836000000
0,crowdsignals.algosnap.com,1.0(1),352622063881655,smartphone,-8,msBandAmbientLight,1464757435000000000,1464757436000000000,2,1464757435349000000
0,crowdsignals.algosnap.com,1.0(1),352622063881655,smartphone,-8,msBandAmbientLight,1464757435000000000,1464757436000000000,1,1464757435853000000
0,crowdsignals.algosnap.com,1.0(1),352622063881655,smartphone,-8,msBandAmbientLight,1464757436000000000,1464757437000000000,2,1464757436347000000
0,crowdsignals.algosnap.com,1.0(1),352622063881655,smartphone,-8,msBandAmbientLight,1464757436000000000,1464757437000000000,1,1464757436849000000
0,crowdsignals.algosnap.com,1.0(1),352622063881655,smartphone,-8,msBandAmbientLight,1464757437000000000,1464757438000000000,8,1464757437338000000
0,crowdsignals.algosnap.com,1.0(1),352622063881655,smartphone,-8,msBandAmbientLight,1464757437000000000,1464757438000000000,2,1464757437852000000
0,crowdsignals.algosnap.com,1.0(1),352622063881655,smartphone,-8,msBandAmbientLight,1464757438000000000,1464757439000000000,0,1464757438350000000
0,crowdsignals.algosnap.com,1.0(1),352622063881655,smartphone,-8,msBandAmbientLight,1464757438000000000,1464757439000000000,8,1464757438849000000
0,crowdsignals.algosnap.com,1.0(1),352622063881655,smartphone,-8,msBandAmbientLight,1464757439000000000,1464757440000000000,11,1464757439336000000
0,crowdsignals.algosnap.com,1.0(1),352622063881655,smartphone,-8,msBandAmbientLight,1464757439000000000,1464757440000000000,9,1464757439834000000
0,crowdsignals.algosnap.com,1.0(1),352622063881655,smartphone,-8,msBandAmbientLight,1464757440000000000,1464757441000000000,0,1464757440341000000
0,crowdsignals.algosnap.com,1.0(1),352622063881655,smartphone,-8,msBandAmbientLight,1464757440000000000,1464757441000000000,11,1464757440844000000
0,crowdsignals.algosnap.com,1.0(1),352622063881655,smartphone,-8,msBandAmbientLight,1464757441000000000,1464757442000000000,2,1464757441343000000
0,crowdsignals.algosnap.com,1.0(1),352622063881655,smartphone,-8,msBandAmbientLight,1464757441000000000,1464757442000000000,0,1464757441858000000
0,crowdsignals.algosnap.com,1.0(1),352622063881655,smartphone,-8,msBandAmbientLight,1464757442000000000,1464757443000000000,12,1464757442352000000
0,crowdsignals.algosnap.com,1.0(1),352622063881655,smartphone,-8,msBandAmbientLight,1464757442000000000,1464757443000000000,8,1464757442848000000
0,crowdsignals.algosnap.com,1.0(1),352622063881655,smartphone,-8,msBandAmbientLight,1464757443000000000,1464757444000000000,0,1464757443337000000
0,crowdsignals.algosnap.com,1.0(1),352622063881655,smartphone,-8,msBandAmbientLight,1464757443000000000,1464757444000000000,0,1464757443834000000
0,crowdsignals.algosnap.com,1.0(1),352622063881655,smartphone,-8,msBandAmbientLight,1464757444000000000,1464757445000000000,0,1464757444348000000
0,crowdsignals.algosnap.com,1.0(1),352622063881655,smartphone,-8,msBandAmbientLight,1464757444000000000,1464757445000000000,0,1464757444840000000
0,crowdsignals.algosnap.com,1.0(1),352622063881655,smartphone,-8,msBandAmbientLight,1464757445000000000,1464757446000000000,1,1464757445350000000
0,crowdsignals.algosnap.com,1.0(1),352622063881655,smartphone,-8,msBandAmbientLight,1464757445000000000,1464757446000000000,0,1464757445841000000
0,crowdsignals.algosnap.com,1.0(1),352622063881655,smartphone,-8,msBandAmbientLight,1464757446000000000,1464757447000000000,1,1464757446343000000
0,crowdsignals.algosnap.com,1.0(1),352622063881655,smartphone,-8,msBandAmbientLight,1464757446000000000,1464757447000000000,4,1464757446851000000
0,crowdsignals.algosnap.com,1.0(1),352622063881655,smartphone,-8,msBandAmbientLight,1464757447000000000,1464757448000000000,1,1464757447352000000
0,crowdsignals.algosnap.com,1.0(1),352622063881655,smartphone,-8,msBandAmbientLight,1464757447000000000,1464757448000000000,0,1464757447862000000
0,crowdsignals.algosnap.com,1.0(1),352622063881655,smartphone,-8,msBandAmbientLight,1464757448000000000,1464757449000000000,1,1464757448338000000
0,crowdsignals.algosnap.com,1.0(1),352622063881655,smartphone,-8,msBandAmbientLight,1464757448000000000,1464757449000000000,1,1464757448871000000
0,crowdsignals.algosnap.com,1.0(1),352622063881655,smartphone,-8,msBandAmbientLight,1464757449000000000,1464757450000000000,1,1464757449355000000
0,crowdsignals.algosnap.com,1.0(1),352622063881655,smartphone,-8,msBandAmbientLight,1464757449000000000,1464757450000000000,1,1464757449893000000
0,crowdsignals.algosnap.com,1.0(1),352622063881655,smartphone,-8,msBandAmbientLight,1464757450000000000,1464757451000000000,1,1464757450367000000
0,crowdsignals.algosnap.com,1.0(1),352622063881655,smartphone,-8,msBandAmbientLight,1464757450000000000,1464757451000000000,1,1464757450857000000
0,crowdsignals.algosnap.com,1.0(1),352622063881655,smartphone,-8,msBandAmbientLight,1464757451000000000,1464757452000000000,1,1464757451379000000
0,crowdsignals.algosnap.com,1.0(1),352622063881655,smartphone,-8,msBandAmbientLight,1464757451000000000,1464757452000000000,0,1464757451859000000
0,crowdsignals.algosnap.com,1.0(1),352622063881655,smartphone,-8,msBandAmbientLight,1464757452000000000,1464757453000000000,1,1464757452400000000
0,crowdsignals.algosnap.com,1.0(1),352622063881655,smartphone,-8,msBandAmbientLight,1464757452000000000,1464757453000000000,1,1464757452876000000
0,crowdsignals.algosnap.com,1.0(1),352622063881655,smartphone,-8,msBandAmbientLight,1464757453000000000,1464757454000000000,1,1464757453354000000
0,crowdsignals.algosnap.com,1.0(1),352622063881655,smartphone,-8,msBandAmbientLight,1464757453000000000,1464757454000000000,3,1464757453846000000
0,crowdsignals.algosnap.com,1.0(1),352622063881655,smartphone,-8,msBandAmbientLight,1464757454000000000,1464757455000000000,11,1464757454374000000
0,crowdsignals.algosnap.com,1.0(1),352622063881655,smartphone,-8,msBandAmbientLight,1464757454000000000,1464757455000000000,1,1464757454854000000
0,crowdsignals.algosnap.com,1.0(1),352622063881655,smartphone,-8,msBandAmbientLight,1464757455000000000,1464757456000000000,1,1464757455347000000
0,crowdsignals.algosnap.com,1.0(1),352622063881655,smartphone,-8,msBandAmbientLight,1464757455000000000,1464757456000000000,0,1464757455873000000
0,crowdsignals.algosnap.com,1.0(1),352622063881655,smartphone,-8,msBandAmbientLight,1464757456000000000,1464757457000000000,0,1464757456395000000
0,crowdsignals.algosnap.com,1.0(1),352622063881655,smartphone,-8,msBandAmbientLight,1464757456000000000,1464757457000000000,1,1464757456866000000
0,crowdsignals.algosnap.com,1.0(1),352622063881655,smartphone,-8,msBandAmbientLight,1464757457000000000,1464757458000000000,1,1464757457339000000
0,crowdsignals.algosnap.com,1.0(1),352622063881655,smartphone,-8,msBandAmbientLight,1464757457000000000,1464757458000000000,4,1464757457879000000
0,crowdsignals.algosnap.com,1.0(1),352622063881655,smartphone,-8,msBandAmbientLight,1464757458000000000,1464757459000000000,2,1464757458352000000
0,crowdsignals.algosnap.com,1.0(1),352622063881655,smartphone,-8,msBandAmbientLight,1464757458000000000,1464757459000000000,2,1464757458839000000
0,crowdsignals.algosnap.com,1.0(1),352622063881655,smartphone,-8,msBandAmbientLight,1464757459000000000,1464757460000000000,2,1464757459374000000
0,crowdsignals.algosnap.com,1.0(1),352622063881655,smartphone,-8,msBandAmbientLight,1464757459000000000,1464757460000000000,2,1464757459846000000
0,crowdsignals.algosnap.com,1.0(1),352622063881655,smartphone,-8,msBandAmbientLight,1464757460000000000,1464757461000000000,9,1464757460402000000
0,crowdsignals.algosnap.com,1.0(1),352622063881655,smartphone,-8,msBandAmbientLight,1464757460000000000,1464757461000000000,10,1464757460860000000
0,crowdsignals.algosnap.com,1.0(1),352622063881655,smartphone,-8,msBandAmbientLight,1464757461000000000,1464757462000000000,1,1464757461340000000
0,crowdsignals.algosnap.com,1.0(1),352622063881655,smartphone,-8,msBandAmbientLight,1464757461000000000,1464757462000000000,0,1464757461846000000
0,crowdsignals.algosnap.com,1.0(1),352622063881655,smartphone,-8,msBandAmbientLight,1464757462000000000,1464757463000000000,0,1464757462341000000
0,crowdsignals.algosnap.com,1.0(1),352622063881655,smartphone,-8,msBandAmbientLight,1464757462000000000,1464757463000000000,0,1464757462854000000
0,crowdsignals.algosnap.com,1.0(1),352622063881655,smartphone,-8,msBandAmbientLight,1464757463000000000,1464757464000000000,0,1464757463340000000
0,crowdsignals.algosnap.com,1.0(1),352622063881655,smartphone,-8,msBandAmbientLight,1464757463000000000,1464757464000000000,0,1464757463847000000
0,crowdsignals.algosnap.com,1.0(1),352622063881655,smartphone,-8,msBandAmbientLight,1464757464000000000,1464757465000000000,1,1464757464354000000
0,crowdsignals.algosnap.com,1.0(1),352622063881655,smartphone,-8,msBandAmbientLight,1464757464000000000,1464757465000000000,0,1464757464838000000
0,crowdsignals.algosnap.com,1.0(1),352622063881655,smartphone,-8,msBandAmbientLight,1464757465000000000,1464757466000000000,1,1464757465351000000
0,crowdsignals.algosnap.com,1.0(1),352622063881655,smartphone,-8,msBandAmbientLight,1464757465000000000,1464757466000000000,4,1464757465861000000
0,crowdsignals.algosnap.com,1.0(1),352622063881655,smartphone,-8,msBandAmbientLight,1464757466000000000,1464757467000000000,1,1464757466350000000
0,crowdsignals.algosnap.com,1.0(1),352622063881655,smartphone,-8,msBandAmbientLight,1464757466000000000,1464757467000000000,1,1464757466867000000
0,crowdsignals.algosnap.com,1.0(1),352622063881655,smartphone,-8,msBandAmbientLight,1464757467000000000,1464757468000000000,1,1464757467339000000
0,crowdsignals.algosnap.com,1.0(1),352622063881655,smartphone,-8,msBandAmbientLight,1464757467000000000,1464757468000000000,2,1464757467839000000
0,crowdsignals.algosnap.com,1.0(1),352622063881655,smartphone,-8,msBandAmbientLight,1464757468000000000,1464757469000000000,2,1464757468338000000
0,crowdsignals.algosnap.com,1.0(1),352622063881655,smartphone,-8,msBandAmbientLight,1464757468000000000,1464757469000000000,8,1464757468854000000
0,crowdsignals.algosnap.com,1.0(1),352622063881655,smartphone,-8,msBandAmbientLight,1464757469000000000,1464757470000000000,9,1464757469352000000
0,crowdsignals.algosnap.com,1.0(1),352622063881655,smartphone,-8,msBandAmbientLight,1464757469000000000,1464757470000000000,1,1464757469847000000
0,crowdsignals.algosnap.com,1.0(1),352622063881655,smartphone,-8,msBandAmbientLight,1464757470000000000,1464757471000000000,1,1464757470353000000
0,crowdsignals.algosnap.com,1.0(1),352622063881655,smartphone,-8,msBandAmbientLight,1464757470000000000,1464757471000000000,11,1464757470840000000
0,crowdsignals.algosnap.com,1.0(1),352622063881655,smartphone,-8,msBandAmbientLight,1464757471000000000,1464757472000000000,1,1464757471358000000
0,crowdsignals.algosnap.com,1.0(1),352622063881655,smartphone,-8,msBandAmbientLight,1464757471000000000,1464757472000000000,0,1464757471840000000
0,crowdsignals.algosnap.com,1.0(1),352622063881655,smartphone,-8,msBandAmbientLight,1464757472000000000,1464757473000000000,0,1464757472350000000
0,crowdsignals.algosnap.com,1.0(1),352622063881655,smartphone,-8,msBandAmbientLight,1464757472000000000,1464757473000000000,0,1464757472859000000
0,crowdsignals.algosnap.com,1.0(1),352622063881655,smartphone,-8,msBandAmbientLight,1464757473000000000,1464757474000000000,1,1464757473351000000
0,crowdsignals.algosnap.com,1.0(1),352622063881655,smartphone,-8,msBandAmbientLight,1464757473000000000,1464757474000000000,5,1464757473861000000
0,crowdsignals.algosnap.com,1.0(1),352622063881655,smartphone,-8,msBandAmbientLight,1464757474000000000,1464757475000000000,4,1464757474340000000
0,crowdsignals.algosnap.com,1.0(1),352622063881655,smartphone,-8,msBandAmbientLight,1464757474000000000,1464757475000000000,3,1464757474853000000
0,crowdsignals.algosnap.com,1.0(1),352622063881655,smartphone,-8,msBandAmbientLight,1464757475000000000,1464757476000000000,5,1464757475359000000
0,crowdsignals.algosnap.com,1.0(1),352622063881655,smartphone,-8,msBandAmbientLight,1464757475000000000,1464757476000000000,9,1464757475839000000
0,crowdsignals.algosnap.com,1.0(1),352622063881655,smartphone,-8,msBandAmbientLight,1464757476000000000,1464757477000000000,1,1464757476341000000
0,crowdsignals.algosnap.com,1.0(1),352622063881655,smartphone,-8,msBandAmbientLight,1464757476000000000,1464757477000000000,0,1464757476843000000
0,crowdsignals.algosnap.com,1.0(1),352622063881655,smartphone,-8,msBandAmbientLight,1464757477000000000,1464757478000000000,0,1464757477355000000
0,crowdsignals.algosnap.com,1.0(1),352622063881655,smartphone,-8,msBandAmbientLight,1464757477000000000,1464757478000000000,1,1464757477850000000
0,crowdsignals.algosnap.com,1.0(1),352622063881655,smartphone,-8,msBandAmbientLight,1464757478000000000,1464757479000000000,0,1464757478352000000
0,crowdsignals.algosnap.com,1.0(1),352622063881655,smartphone,-8,msBandAmbientLight,1464757478000000000,1464757479000000000,2,1464757478850000000
0,crowdsignals.algosnap.com,1.0(1),352622063881655,smartphone,-8,msBandAmbientLight,1464757479000000000,1464757480000000000,6,1464757479353000000
0,crowdsignals.algosnap.com,1.0(1),352622063881655,smartphone,-8,msBandAmbientLight,1464757479000000000,1464757480000000000,4,1464757479858000000
0,crowdsignals.algosnap.com,1.0(1),352622063881655,smartphone,-8,msBandAmbientLight,1464757480000000000,1464757481000000000,4,1464757480355000000
0,crowdsignals.algosnap.com,1.0(1),352622063881655,smartphone,-8,msBandAmbientLight,1464757480000000000,1464757481000000000,3,1464757480859000000
0,crowdsignals.algosnap.com,1.0(1),352622063881655,smartphone,-8,msBandAmbientLight,1464757481000000000,1464757482000000000,4,1464757481363000000
0,crowdsignals.algosnap.com,1.0(1),352622063881655,smartphone,-8,msBandAmbientLight,1464757481000000000,1464757482000000000,1,1464757481840000000
0,crowdsignals.algosnap.com,1.0(1),352622063881655,smartphone,-8,msBandAmbientLight,1464757482000000000,1464757483000000000,5,1464757482362000000
0,crowdsignals.algosnap.com,1.0(1),352622063881655,smartphone,-8,msBandAmbientLight,1464757482000000000,1464757483000000000,11,1464757482856000000
0,crowdsignals.algosnap.com,1.0(1),352622063881655,smartphone,-8,msBandAmbientLight,1464757483000000000,1464757484000000000,3,1464757483353000000
0,crowdsignals.algosnap.com,1.0(1),352622063881655,smartphone,-8,msBandAmbientLight,1464757483000000000,1464757484000000000,0,1464757483872000000
0,crowdsignals.algosnap.com,1.0(1),352622063881655,smartphone,-8,msBandAmbientLight,1464757484000000000,1464757485000000000,0,1464757484360000000
0,crowdsignals.algosnap.com,1.0(1),352622063881655,smartphone,-8,msBandAmbientLight,1464757484000000000,1464757485000000000,1,1464757484852000000
0,crowdsignals.algosnap.com,1.0(1),352622063881655,smartphone,-8,msBandAmbientLight,1464757485000000000,1464757486000000000,0,1464757485353000000
0,crowdsignals.algosnap.com,1.0(1),352622063881655,smartphone,-8,msBandAmbientLight,1464757485000000000,1464757486000000000,5,1464757485850000000
0,crowdsignals.algosnap.com,1.0(1),352622063881655,smartphone,-8,msBandAmbientLight,1464757486000000000,1464757487000000000,5,1464757486348000000
0,crowdsignals.algosnap.com,1.0(1),352622063881655,smartphone,-8,msBandAmbientLight,1464757486000000000,1464757487000000000,4,1464757486843000000
0,crowdsignals.algosnap.com,1.0(1),352622063881655,smartphone,-8,msBandAmbientLight,1464757487000000000,1464757488000000000,2,1464757487348000000
0,crowdsignals.algosnap.com,1.0(1),352622063881655,smartphone,-8,msBandAmbientLight,1464757487000000000,1464757488000000000,2,1464757487854000000
0,crowdsignals.algosnap.com,1.0(1),352622063881655,smartphone,-8,msBandAmbientLight,1464757488000000000,1464757489000000000,4,1464757488348000000
0,crowdsignals.algosnap.com,1.0(1),352622063881655,smartphone,-8,msBandAmbientLight,1464757488000000000,1464757489000000000,11,1464757488845000000
0,crowdsignals.algosnap.com,1.0(1),352622063881655,smartphone,-8,msBandAmbientLight,1464757489000000000,1464757490000000000,0,1464757489352000000
0,crowdsignals.algosnap.com,1.0(1),352622063881655,smartphone,-8,msBandAmbientLight,1464757489000000000,1464757490000000000,1,1464757489857000000
0,crowdsignals.algosnap.com,1.0(1),352622063881655,smartphone,-8,msBandAmbientLight,1464757490000000000,1464757491000000000,0,1464757490353000000
0,crowdsignals.algosnap.com,1.0(1),352622063881655,smartphone,-8,msBandAmbientLight,1464757490000000000,1464757491000000000,0,1464757490852000000
0,crowdsignals.algosnap.com,1.0(1),352622063881655,smartphone,-8,msBandAmbientLight,1464757491000000000,1464757492000000000,0,1464757491347000000
0,crowdsignals.algosnap.com,1.0(1),352622063881655,smartphone,-8,msBandAmbientLight,1464757491000000000,1464757492000000000,0,1464757491860000000
0,crowdsignals.algosnap.com,1.0(1),352622063881655,smartphone,-8,msBandAmbientLight,1464757492000000000,1464757493000000000,1,1464757492358000000
0,crowdsignals.algosnap.com,1.0(1),352622063881655,smartphone,-8,msBandAmbientLight,1464757492000000000,1464757493000000000,5,1464757492842000000
0,crowdsignals.algosnap.com,1.0(1),352622063881655,smartphone,-8,msBandAmbientLight,1464757493000000000,1464757494000000000,12,1464757493353000000
0,crowdsignals.algosnap.com,1.0(1),352622063881655,smartphone,-8,msBandAmbientLight,1464757493000000000,1464757494000000000,1,1464757493850000000
0,crowdsignals.algosnap.com,1.0(1),352622063881655,smartphone,-8,msBandAmbientLight,1464757494000000000,1464757495000000000,1,1464757494347000000
0,crowdsignals.algosnap.com,1.0(1),352622063881655,smartphone,-8,msBandAmbientLight,1464757494000000000,1464757495000000000,0,1464757494856000000
0,crowdsignals.algosnap.com,1.0(1),352622063881655,smartphone,-8,msBandAmbientLight,1464757495000000000,1464757496000000000,1,1464757495351000000
0,crowdsignals.algosnap.com,1.0(1),352622063881655,smartphone,-8,msBandAmbientLight,1464757495000000000,1464757496000000000,1,1464757495855000000
0,crowdsignals.algosnap.com,1.0(1),352622063881655,smartphone,-8,msBandAmbientLight,1464757496000000000,1464757497000000000,0,1464757496358000000
0,crowdsignals.algosnap.com,1.0(1),352622063881655,smartphone,-8,msBandAmbientLight,1464757496000000000,1464757497000000000,5,1464757496848000000
0,crowdsignals.algosnap.com,1.0(1),352622063881655,smartphone,-8,msBandAmbientLight,1464757497000000000,1464757498000000000,5,1464757497348000000
0,crowdsignals.algosnap.com,1.0(1),352622063881655,smartphone,-8,msBandAmbientLight,1464757497000000000,1464757498000000000,5,1464757497865000000
0,crowdsignals.algosnap.com,1.0(1),352622063881655,smartphone,-8,msBandAmbientLight,1464757498000000000,1464757499000000000,5,1464757498370000000
0,crowdsignals.algosnap.com,1.0(1),352622063881655,smartphone,-8,msBandAmbientLight,1464757498000000000,1464757499000000000,7,1464757498869000000
0,crowdsignals.algosnap.com,1.0(1),352622063881655,smartphone,-8,msBandAmbientLight,1464757499000000000,1464757500000000000,10,1464757499361000000
0,crowdsignals.algosnap.com,1.0(1),352622063881655,smartphone,-8,msBandAmbientLight,1464757499000000000,1464757500000000000,11,1464757499849000000
0,crowdsignals.algosnap.com,1.0(1),352622063881655,smartphone,-8,msBandAmbientLight,1464757500000000000,1464757501000000000,3,1464757500346000000
0,crowdsignals.algosnap.com,1.0(1),352622063881655,smartphone,-8,msBandAmbientLight,1464757500000000000,1464757501000000000,0,1464757500842000000
0,crowdsignals.algosnap.com,1.0(1),352622063881655,smartphone,-8,msBandAmbientLight,1464757501000000000,1464757502000000000,1,1464757501350000000
0,crowdsignals.algosnap.com,1.0(1),352622063881655,smartphone,-8,msBandAmbientLight,1464757501000000000,1464757502000000000,0,1464757501858000000
0,crowdsignals.algosnap.com,1.0(1),352622063881655,smartphone,-8,msBandAmbientLight,1464757502000000000,1464757503000000000,2,1464757502357000000
0,crowdsignals.algosnap.com,1.0(1),352622063881655,smartphone,-8,msBandAmbientLight,1464757502000000000,1464757503000000000,3,1464757502849000000
0,crowdsignals.algosnap.com,1.0(1),352622063881655,smartphone,-8,msBandAmbientLight,1464757503000000000,1464757504000000000,4,1464757503342000000
0,crowdsignals.algosnap.com,1.0(1),352622063881655,smartphone,-8,msBandAmbientLight,1464757503000000000,1464757504000000000,5,1464757503871000000
0,crowdsignals.algosnap.com,1.0(1),352622063881655,smartphone,-8,msBandAmbientLight,1464757504000000000,1464757505000000000,3,1464757504352000000
0,crowdsignals.algosnap.com,1.0(1),352622063881655,smartphone,-8,msBandAmbientLight,1464757504000000000,1464757505000000000,0,1464757504864000000
0,crowdsignals.algosnap.com,1.0(1),352622063881655,smartphone,-8,msBandAmbientLight,1464757505000000000,1464757506000000000,0,1464757505352000000
0,crowdsignals.algosnap.com,1.0(1),352622063881655,smartphone,-8,msBandAmbientLight,1464757505000000000,1464757506000000000,4,1464757505851000000
0,crowdsignals.algosnap.com,1.0(1),352622063881655,smartphone,-8,msBandAmbientLight,1464757506000000000,1464757507000000000,7,1464757506345000000
0,crowdsignals.algosnap.com,1.0(1),352622063881655,smartphone,-8,msBandAmbientLight,1464757506000000000,1464757507000000000,0,1464757506853000000
0,crowdsignals.algosnap.com,1.0(1),352622063881655,smartphone,-8,msBandAmbientLight,1464757507000000000,1464757508000000000,0,1464757507353000000
0,crowdsignals.algosnap.com,1.0(1),352622063881655,smartphone,-8,msBandAmbientLight,1464757507000000000,1464757508000000000,0,1464757507861000000
0,crowdsignals.algosnap.com,1.0(1),352622063881655,smartphone,-8,msBandAmbientLight,1464757508000000000,1464757509000000000,3,1464757508359000000
0,crowdsignals.algosnap.com,1.0(1),352622063881655,smartphone,-8,msBandAmbientLight,1464757508000000000,1464757509000000000,1,1464757508857000000
0,crowdsignals.algosnap.com,1.0(1),352622063881655,smartphone,-8,msBandAmbientLight,1464757509000000000,1464757510000000000,1,1464757509360000000
0,crowdsignals.algosnap.com,1.0(1),352622063881655,smartphone,-8,msBandAmbientLight,1464757509000000000,1464757510000000000,14,1464757509855000000
0,crowdsignals.algosnap.com,1.0(1),352622063881655,smartphone,-8,msBandAmbientLight,1464757510000000000,1464757511000000000,11,1464757510351000000
0,crowdsignals.algosnap.com,1.0(1),352622063881655,smartphone,-8,msBandAmbientLight,1464757510000000000,1464757511000000000,10,1464757510853000000
0,crowdsignals.algosnap.com,1.0(1),352622063881655,smartphone,-8,msBandAmbientLight,1464757511000000000,1464757512000000000,14,1464757511360000000
0,crowdsignals.algosnap.com,1.0(1),352622063881655,smartphone,-8,msBandAmbientLight,1464757511000000000,1464757512000000000,12,1464757511863000000
0,crowdsignals.algosnap.com,1.0(1),352622063881655,smartphone,-8,msBandAmbientLight,1464757512000000000,1464757513000000000,13,1464757512361000000
0,crowdsignals.algosnap.com,1.0(1),352622063881655,smartphone,-8,msBandAmbientLight,1464757512000000000,1464757513000000000,13,1464757512850000000
