user_id,sw_name,sw_version,device_id,device_type,timezone,type,start,end,lux,timestamps
0,crowdsignals.algosnap.com,1.0(1),352622063881655,smartphone,-8,msBandAmbientLight,1464757633000000000,1464757634000000000,1,1464757633375000000
0,crowdsignals.algosnap.com,1.0(1),352622063881655,smartphone,-8,msBandAmbientLight,1464757633000000000,1464757634000000000,1,1464757633868000000
0,crowdsignals.algosnap.com,1.0(1),352622063881655,smartphone,-8,msBandAmbientLight,1464757634000000000,1464757635000000000,1,1464757634383000000
0,crowdsignals.algosnap.com,1.0(1),352622063881655,smartphone,-8,msBandAmbientLight,1464757634000000000,1464757635000000000,2,1464757634875000000
0,crowdsignals.algosnap.com,1.0(1),352622063881655,smartphone,-8,msBandAmbientLight,1464757635000000000,1464757636000000000,2,1464757635376000000
0,crowdsignals.algosnap.com,1.0(1),352622063881655,smartphone,-8,msBandAmbientLight,1464757635000000000,1464757636000000000,2,1464757635859000000
0,crowdsignals.algosnap.com,1.0(1),352622063881655,smartphone,-8,msBandAmbientLight,1464757636000000000,1464757637000000000,2,1464757636371000000
0,crowdsignals.algosnap.com,1.0(1),352622063881655,smartphone,-8,msBandAmbientLight,1464757636000000000,1464757637000000000,1,1464757636869000000
0,crowdsignals.algosnap.com,1.0(1),352622063881655,smartphone,-8,msBandAmbientLight,1464757637000000000,1464757638000000000,1,1464757637380000000
0,crowdsignals.algosnap.com,1.0(1),352622063881655,smartphone,-8,msBandAmbientLight,1464757637000000000,1464757638000000000,2,1464757637866000000
0,crowdsignals.algosnap.com,1.0(1),352622063881655,smartphone,-8,msBandAmbientLight,1464757638000000000,1464757639000000000,1,1464757638387000000
0,crowdsignals.algosnap.com,1.0(1),352622063881655,smartphone,-8,msBandAmbientLight,1464757638000000000,1464757639000000000,1,1464757638877000000
0,crowdsignals.algosnap.com,1.0(1),352622063881655,smartphone,-8,msBandAmbientLight,1464757639000000000,1464757640000000000,0,1464757639382000000
0,crowdsignals.algosnap.com,1.0(1),352622063881655,smartphone,-8,msBandAmbientLight,1464757639000000000,1464757640000000000,2,1464757639862000000
0,crowdsignals.algosnap.com,1.0(1),352622063881655,smartphone,-8,msBandAmbientLight,1464757640000000000,1464757641000000000,6,1464757640369000000
0,crowdsignals.algosnap.com,1.0(1),352622063881655,smartphone,-8,msBandAmbientLight,1464757640000000000,1464757641000000000,0,1464757640881000000
0,crowdsignals.algosnap.com,1.0(1),352622063881655,smartphone,-8,msBandAmbientLight,1464757641000000000,1464757642000000000,0,1464757641360000000
0,crowdsignals.algosnap.com,1.0(1),352622063881655,smartphone,-8,msBandAmbientLight,1464757641000000000,1464757642000000000,0,1464757641860000000
0,crowdsignals.algosnap.com,1.0(1),352622063881655,smartphone,-8,msBandAmbientLight,1464757642000000000,1464757643000000000,0,1464757642363000000
0,crowdsignals.algosnap.com,1.0(1),352622063881655,smartphone,-8,msBandAmbientLight,1464757642000000000,1464757643000000000,0,1464757642869000000
0,crowdsignals.algosnap.com,1.0(1),352622063881655,smartphone,-8,msBandAmbientLight,1464757643000000000,1464757644000000000,0,1464757643363000000
0,crowdsignals.algosnap.com,1.0(1),352622063881655,smartphone,-8,msBandAmbientLight,1464757643000000000,1464757644000000000,0,1464757643861000000
0,crowdsignals.algosnap.com,1.0(1),352622063881655,smartphone,-8,msBandAmbientLight,1464757644000000000,1464757645000000000,0,1464757644364000000
0,crowdsignals.algosnap.com,1.0(1),352622063881655,smartphone,-8,msBandAmbientLight,1464757644000000000,1464757645000000000,0,1464757644869000000
0,crowdsignals.algosnap.com,1.0(1),352622063881655,smartphone,-8,msBandAmbientLight,1464757645000000000,1464757646000000000,2,1464757645380000000
0,crowdsignals.algosnap.com,1.0(1),352622063881655,smartphone,-8,msBandAmbientLight,1464757645000000000,1464757646000000000,3,1464757645882000000
0,crowdsignals.algosnap.com,1.0(1),352622063881655,smartphone,-8,msBandAmbientLight,1464757646000000000,1464757647000000000,5,1464757646382000000
0,crowdsignals.algosnap.com,1.0(1),352622063881655,smartphone,-8,msBandAmbientLight,1464757646000000000,1464757647000000000,1,1464757646877000000
0,crowdsignals.algosnap.com,1.0(1),352622063881655,smartphone,-8,msBandAmbientLight,1464757647000000000,1464757648000000000,0,1464757647373000000
0,crowdsignals.algosnap.com,1.0(1),352622063881655,smartphone,-8,msBandAmbientLight,1464757647000000000,1464757648000000000,0,1464757647882000000
0,crowdsignals.algosnap.com,1.0(1),352622063881655,smartphone,-8,msBandAmbientLight,1464757648000000000,1464757649000000000,0,1464757648377000000
0,crowdsignals.algosnap.com,1.0(1),352622063881655,smartphone,-8,msBandAmbientLight,1464757648000000000,1464757649000000000,0,1464757648880000000
0,crowdsignals.algosnap.com,1.0(1),352622063881655,smartphone,-8,msBandAmbientLight,1464757649000000000,1464757650000000000,5,1464757649382000000
0,crowdsignals.algosnap.com,1.0(1),352622063881655,smartphone,-8,msBandAmbientLight,1464757649000000000,1464757650000000000,8,1464757649882000000
0,crowdsignals.algosnap.com,1.0(1),352622063881655,smartphone,-8,msBandAmbientLight,1464757650000000000,1464757651000000000,0,1464757650374000000
0,crowdsignals.algosnap.com,1.0(1),352622063881655,smartphone,-8,msBandAmbientLight,1464757650000000000,1464757651000000000,0,1464757650883000000
0,crowdsignals.algosnap.com,1.0(1),352622063881655,smartphone,-8,msBandAmbientLight,1464757651000000000,1464757652000000000,0,1464757651377000000
0,crowdsignals.algosnap.com,1.0(1),352622063881655,smartphone,-8,msBandAmbientLight,1464757651000000000,1464757652000000000,0,1464757651872000000
0,crowdsignals.algosnap.com,1.0(1),352622063881655,smartphone,-8,msBandAmbientLight,1464757652000000000,1464757653000000000,0,1464757652373000000
0,crowdsignals.algosnap.com,1.0(1),352622063881655,smartphone,-8,msBandAmbientLight,1464757652000000000,1464757653000000000,0,1464757652878000000
0,crowdsignals.algosnap.com,1.0(1),352622063881655,smartphone,-8,msBandAmbientLight,1464757653000000000,1464757654000000000,0,1464757653373000000
0,crowdsignals.algosnap.com,1.0(1),352622063881655,smartphone,-8,msBandAmbientLight,1464757653000000000,1464757654000000000,0,1464757653862000000
0,crowdsignals.algosnap.com,1.0(1),352622063881655,smartphone,-8,msBandAmbientLight,1464757654000000000,1464757655000000000,0,1464757654382000000
0,crowdsignals.algosnap.com,1.0(1),352622063881655,smartphone,-8,msBandAmbientLight,1464757654000000000,1464757655000000000,1,1464757654876000000
0,crowdsignals.algosnap.com,1.0(1),352622063881655,smartphone,-8,msBandAmbientLight,1464757655000000000,1464757656000000000,1,1464757655392000000
0,crowdsignals.algosnap.com,1.0(1),352622063881655,smartphone,-8,msBandAmbientLight,1464757655000000000,1464757656000000000,1,1464757655876000000
0,crowdsignals.algosnap.com,1.0(1),352622063881655,smartphone,-8,msBandAmbientLight,1464757656000000000,1464757657000000000,3,1464757656401000000
0,crowdsignals.algosnap.com,1.0(1),352622063881655,smartphone,-8,msBandAmbientLight,1464757656000000000,1464757657000000000,2,1464757656885000000
0,crowdsignals.algosnap.com,1.0(1),352622063881655,smartphone,-8,msBandAmbientLight,1464757657000000000,1464757658000000000,2,1464757657388000000
0,crowdsignals.algosnap.com,1.0(1),352622063881655,smartphone,-8,msBandAmbientLight,1464757657000000000,1464757658000000000,1,1464757657866000000
0,crowdsignals.algosnap.com,1.0(1),352622063881655,smartphone,-8,msBandAmbientLight,1464757658000000000,1464757659000000000,1,1464757658394000000
0,crowdsignals.algosnap.com,1.0(1),352622063881655,smartphone,-8,msBandAmbientLight,1464757658000000000,1464757659000000000,2,1464757658866000000
0,crowdsignals.algosnap.com,1.0(1),352622063881655,smartphone,-8,msBandAmbientLight,1464757659000000000,1464757660000000000,2,1464757659394000000
0,crowdsignals.algosnap.com,1.0(1),352622063881655,smartphone,-8,msBandAmbientLight,1464757659000000000,1464757660000000000,1,1464757659863000000
0,crowdsignals.algosnap.com,1.0(1),352622063881655,smartphone,-8,msBandAmbientLight,1464757660000000000,1464757661000000000,1,1464757660387000000
0,crowdsignals.algosnap.com,1.0(1),352622063881655,smartphone,-8,msBandAmbientLight,1464757660000000000,1464757661000000000,6,1464757660891000000
0,crowdsignals.algosnap.com,1.0(1),352622063881655,smartphone,-8,msBandAmbientLight,1464757661000000000,1464757662000000000,9,1464757661386000000
0,crowdsignals.algosnap.com,1.0(1),352622063881655,smartphone,-8,msBandAmbientLight,1464757661000000000,1464757662000000000,9,1464757661880000000
0,crowdsignals.algosnap.com,1.0(1),352622063881655,smartphone,-8,msBandAmbientLight,1464757662000000000,1464757663000000000,7,1464757662385000000
0,crowdsignals.algosnap.com,1.0(1),352622063881655,smartphone,-8,msBandAmbientLight,1464757662000000000,1464757663000000000,7,1464757662870000000
0,crowdsignals.algosnap.com,1.0(1),352622063881655,smartphone,-8,msBandAmbientLight,1464757663000000000,1464757664000000000,8,1464757663387000000
0,crowdsignals.algosnap.com,1.0(1),352622063881655,smartphone,-8,msBandAmbientLight,1464757663000000000,1464757664000000000,9,1464757663875000000
0,crowdsignals.algosnap.com,1.0(1),352622063881655,smartphone,-8,msBandAmbientLight,1464757664000000000,1464757665000000000,2,1464757664395000000
0,crowdsignals.algosnap.com,1.0(1),352622063881655,smartphone,-8,msBandAmbientLight,1464757664000000000,1464757665000000000,1,1464757664881000000
0,crowdsignals.algosnap.com,1.0(1),352622063881655,smartphone,-8,msBandAmbientLight,1464757665000000000,1464757666000000000,1,1464757665395000000
0,crowdsignals.algosnap.com,1.0(1),352622063881655,smartphone,-8,msBandAmbientLight,1464757665000000000,1464757666000000000,1,1464757665873000000
0,crowdsignals.algosnap.com,1.0(1),352622063881655,smartphone,-8,msBandAmbientLight,1464757666000000000,1464757667000000000,1,1464757666378000000
0,crowdsignals.algosnap.com,1.0(1),352622063881655,smartphone,-8,msBandAmbientLight,1464757666000000000,1464757667000000000,3,1464757666887000000
0,crowdsignals.algosnap.com,1.0(1),352622063881655,smartphone,-8,msBandAmbientLight,1464757667000000000,1464757668000000000,8,1464757667385000000
0,crowdsignals.algosnap.com,1.0(1),352622063881655,smartphone,-8,msBandAmbientLight,1464757667000000000,1464757668000000000,8,1464757667883000000
0,crowdsignals.algosnap.com,1.0(1),352622063881655,smartphone,-8,msBandAmbientLight,1464757668000000000,1464757669000000000,8,1464757668399000000
0,crowdsignals.algosnap.com,1.0(1),352622063881655,smartphone,-8,msBandAmbientLight,1464757668000000000,1464757669000000000,7,1464757668864000000
0,crowdsignals.algosnap.com,1.0(1),352622063881655,smartphone,-8,msBandAmbientLight,1464757669000000000,1464757670000000000,8,1464757669399000000
0,crowdsignals.algosnap.com,1.0(1),352622063881655,smartphone,-8,msBandAmbientLight,1464757669000000000,1464757670000000000,4,1464757669876000000
0,crowdsignals.algosnap.com,1.0(1),352622063881655,smartphone,-8,msBandAmbientLight,1464757670000000000,1464757671000000000,1,1464757670405000000
0,crowdsignals.algosnap.com,1.0(1),352622063881655,smartphone,-8,msBandAmbientLight,1464757670000000000,1464757671000000000,1,1464757670864000000
0,crowdsignals.algosnap.com,1.0(1),352622063881655,smartphone,-8,msBandAmbientLight,1464757671000000000,1464757672000000000,1,1464757671390000000
0,crowdsignals.algosnap.com,1.0(1),352622063881655,smartphone,-8,msBandAmbientLight,1464757671000000000,1464757672000000000,0,1464757671881000000
0,crowdsignals.algosnap.com,1.0(1),352622063881655,smartphone,-8,msBandAmbientLight,1464757672000000000,1464757673000000000,0,1464757672387000000
0,crowdsignals.algosnap.com,1.0(1),352622063881655,smartphone,-8,msBandAmbientLight,1464757672000000000,1464757673000000000,0,1464757672881000000
0,crowdsignals.algosnap.com,1.0(1),352622063881655,smartphone,-8,msBandAmbientLight,1464757673000000000,1464757674000000000,0,1464757673446000000
0,crowdsignals.algosnap.com,1.0(1),352622063881655,smartphone,-8,msBandAmbientLight,1464757673000000000,1464757674000000000,0,1464757673888000000
0,crowdsignals.algosnap.com,1.0(1),352622063881655,smartphone,-8,msBandAmbientLight,1464757674000000000,1464757675000000000,0,1464757674372000000
0,crowdsignals.algosnap.com,1.0(1),352622063881655,smartphone,-8,msBandAmbientLight,1464757674000000000,1464757675000000000,0,1464757674888000000
0,crowdsignals.algosnap.com,1.0(1),352622063881655,smartphone,-8,msBandAmbientLight,1464757675000000000,1464757676000000000,1,1464757675395000000
0,crowdsignals.algosnap.com,1.0(1),352622063881655,smartphone,-8,msBandAmbientLight,1464757675000000000,1464757676000000000,13,1464757675886000000
0,crowdsignals.algosnap.com,1.0(1),352622063881655,smartphone,-8,msBandAmbientLight,1464757676000000000,1464757677000000000,12,1464757676392000000
0,crowdsignals.algosnap.com,1.0(1),352622063881655,smartphone,-8,msBandAmbientLight,1464757676000000000,1464757677000000000,7,1464757676869000000
0,crowdsignals.algosnap.com,1.0(1),352622063881655,smartphone,-8,msBandAmbientLight,1464757677000000000,1464757678000000000,10,1464757677394000000
0,crowdsignals.algosnap.com,1.0(1),352622063881655,smartphone,-8,msBandAmbientLight,1464757677000000000,1464757678000000000,12,1464757677867000000
0,crowdsignals.algosnap.com,1.0(1),352622063881655,smartphone,-8,msBandAmbientLight,1464757678000000000,1464757679000000000,12,1464757678372000000
0,crowdsignals.algosnap.com,1.0(1),352622063881655,smartphone,-8,msBandAmbientLight,1464757678000000000,1464757679000000000,1,1464757678871000000
0,crowdsignals.algosnap.com,1.0(1),352622063881655,smartphone,-8,msBandAmbientLight,1464757679000000000,1464757680000000000,4,1464757679396000000
0,crowdsignals.algosnap.com,1.0(1),352622063881655,smartphone,-8,msBandAmbientLight,1464757679000000000,1464757680000000000,0,1464757679885000000
0,crowdsignals.algosnap.com,1.0(1),352622063881655,smartphone,-8,msBandAmbientLight,1464757680000000000,1464757681000000000,0,1464757680403000000
0,crowdsignals.algosnap.com,1.0(1),352622063881655,smartphone,-8,msBandAmbientLight,1464757680000000000,1464757681000000000,3,1464757680868000000
0,crowdsignals.algosnap.com,1.0(1),352622063881655,smartphone,-8,msBandAmbientLight,1464757681000000000,1464757682000000000,1,1464757681377000000
0,crowdsignals.algosnap.com,1.0(1),352622063881655,smartphone,-8,msBandAmbientLight,1464757681000000000,1464757682000000000,0,1464757681869000000
0,crowdsignals.algosnap.com,1.0(1),352622063881655,smartphone,-8,msBandAmbientLight,1464757682000000000,1464757683000000000,0,1464757682385000000
0,crowdsignals.algosnap.com,1.0(1),352622063881655,smartphone,-8,msBandAmbientLight,1464757682000000000,1464757683000000000,0,1464757682866000000
0,crowdsignals.algosnap.com,1.0(1),352622063881655,smartphone,-8,msBandAmbientLight,1464757683000000000,1464757684000000000,1,1464757683393000000
0,crowdsignals.algosnap.com,1.0(1),352622063881655,smartphone,-8,msBandAmbientLight,1464757683000000000,1464757684000000000,4,1464757683867000000
0,crowdsignals.algosnap.com,1.0(1),352622063881655,smartphone,-8,msBandAmbientLight,1464757684000000000,1464757685000000000,3,1464757684381000000
0,crowdsignals.algosnap.com,1.0(1),352622063881655,smartphone,-8,msBandAmbientLight,1464757684000000000,1464757685000000000,5,1464757684894000000
0,crowdsignals.algosnap.com,1.0(1),352622063881655,smartphone,-8,msBandAmbientLight,1464757685000000000,1464757686000000000,4,1464757685395000000
0,crowdsignals.algosnap.com,1.0(1),352622063881655,smartphone,-8,msBandAmbientLight,1464757685000000000,1464757686000000000,5,1464757685879000000
0,crowdsignals.algosnap.com,1.0(1),352622063881655,smartphone,-8,msBandAmbientLight,1464757686000000000,1464757687000000000,5,1464757686408000000
0,crowdsignals.algosnap.com,1.0(1),352622063881655,smartphone,-8,msBandAmbientLight,1464757686000000000,1464757687000000000,1,1464757686868000000
0,crowdsignals.algosnap.com,1.0(1),352622063881655,smartphone,-8,msBandAmbientLight,1464757687000000000,1464757688000000000,0,1464757687398000000
0,crowdsignals.algosnap.com,1.0(1),352622063881655,smartphone,-8,msBandAmbientLight,1464757687000000000,1464757688000000000,0,1464757687884000000
0,crowdsignals.algosnap.com,1.0(1),352622063881655,smartphone,-8,msBandAmbientLight,1464757688000000000,1464757689000000000,0,1464757688394000000
0,crowdsignals.algosnap.com,1.0(1),352622063881655,smartphone,-8,msBandAmbientLight,1464757688000000000,1464757689000000000,3,1464757688866000000
0,crowdsignals.algosnap.com,1.0(1),352622063881655,smartphone,-8,msBandAmbientLight,1464757689000000000,1464757690000000000,1,1464757689397000000
0,crowdsignals.algosnap.com,1.0(1),352622063881655,smartphone,-8,msBandAmbientLight,1464757689000000000,1464757690000000000,1,1464757689891000000
0,crowdsignals.algosnap.com,1.0(1),352622063881655,smartphone,-8,msBandAmbientLight,1464757690000000000,1464757691000000000,14,1464757690406000000
0,crowdsignals.algosnap.com,1.0(1),352622063881655,smartphone,-8,msBandAmbientLight,1464757690000000000,1464757691000000000,13,1464757690867000000
0,crowdsignals.algosnap.com,1.0(1),352622063881655,smartphone,-8,msBandAmbientLight,1464757691000000000,1464757692000000000,9,1464757691402000000
0,crowdsignals.algosnap.com,1.0(1),352622063881655,smartphone,-8,msBandAmbientLight,1464757691000000000,1464757692000000000,11,1464757691884000000
0,crowdsignals.algosnap.com,1.0(1),352622063881655,smartphone,-8,msBandAmbientLight,1464757692000000000,1464757693000000000,0,1464757692384000000
0,crowdsignals.algosnap.com,1.0(1),352622063881655,smartphone,-8,msBandAmbientLight,1464757692000000000,1464757693000000000,1,1464757692892000000
0,crowdsignals.algosnap.com,1.0(1),352622063881655,smartphone,-8,msBandAmbientLight,1464757693000000000,1464757694000000000,1,1464757693390000000
0,crowdsignals.algosnap.com,1.0(1),352622063881655,smartphone,-8,msBandAmbientLight,1464757693000000000,1464757694000000000,1,1464757693875000000
0,crowdsignals.algosnap.com,1.0(1),352622063881655,smartphone,-8,msBandAmbientLight,1464757694000000000,1464757695000000000,1,1464757694409000000
0,crowdsignals.algosnap.com,1.0(1),352622063881655,smartphone,-8,msBandAmbientLight,1464757694000000000,1464757695000000000,0,1464757694875000000
0,crowdsignals.algosnap.com,1.0(1),352622063881655,smartphone,-8,msBandAmbientLight,1464757695000000000,1464757696000000000,0,1464757695397000000
0,crowdsignals.algosnap.com,1.0(1),352622063881655,smartphone,-8,msBandAmbientLight,1464757695000000000,1464757696000000000,1,1464757695889000000
0,crowdsignals.algosnap.com,1.0(1),352622063881655,smartphone,-8,msBandAmbientLight,1464757696000000000,1464757697000000000,1,1464757696378000000
0,crowdsignals.algosnap.com,1.0(1),352622063881655,smartphone,-8,msBandAmbientLight,1464757696000000000,1464757697000000000,0,1464757696891000000
