user_id,sw_name,sw_version,device_id,device_type,timezone,type,start,end,temperature,timestamps
0,crowdsignals.algosnap.com,1.0(1),352622063881655,smartphone,-8,msBandSkinTemperature,1464757493000000000,1464757494000000000,31.09,1464757493614000000
0,crowdsignals.algosnap.com,1.0(1),352622063881655,smartphone,-8,msBandSkinTemperature,1464757523000000000,1464757524000000000,31.28,1464757523698000000
0,crowdsignals.algosnap.com,1.0(1),352622063881655,smartphone,-8,msBandSkinTemperature,1464757553000000000,1464757554000000000,31.45,1464757553786000000
0,crowdsignals.algosnap.com,1.0(1),352622063881655,smartphone,-8,msBandSkinTemperature,1464757583000000000,1464757584000000000,31.63,1464757583866000000
