user_id,sw_name,sw_version,device_id,device_type,timezone,type,start,end,resistance,timestamps
0,crowdsignals.algosnap.com,1.0(1),352622063881655,smartphone,-8,msBandGsr,1464757645000000000,1464757646000000000,209,1464757645437000000
0,crowdsignals.algosnap.com,1.0(1),352622063881655,smartphone,-8,msBandGsr,1464757650000000000,1464757651000000000,210,1464757650407000000
0,crowdsignals.algosnap.com,1.0(1),352622063881655,smartphone,-8,msBandGsr,1464757655000000000,1464757656000000000,213,1464757655395000000
0,crowdsignals.algosnap.com,1.0(1),352622063881655,smartphone,-8,msBandGsr,1464757660000000000,1464757661000000000,212,1464757660375000000
0,crowdsignals.algosnap.com,1.0(1),352622063881655,smartphone,-8,msBandGsr,1464757665000000000,1464757666000000000,206,1464757665350000000
0,crowdsignals.algosnap.com,1.0(1),352622063881655,smartphone,-8,msBandGsr,1464757670000000000,1464757671000000000,206,1464757670341000000
0,crowdsignals.algosnap.com,1.0(1),352622063881655,smartphone,-8,msBandGsr,1464757675000000000,1464757676000000000,206,1464757675302000000
0,crowdsignals.algosnap.com,1.0(1),352622063881655,smartphone,-8,msBandGsr,1464757680000000000,1464757681000000000,184,1464757680281000000
0,crowdsignals.algosnap.com,1.0(1),352622063881655,smartphone,-8,msBandGsr,1464757685000000000,1464757686000000000,179,1464757685273000000
0,crowdsignals.algosnap.com,1.0(1),352622063881655,smartphone,-8,msBandGsr,1464757690000000000,1464757691000000000,183,1464757690239000000
0,crowdsignals.algosnap.com,1.0(1),352622063881655,smartphone,-8,msBandGsr,1464757695000000000,1464757696000000000,179,1464757695220000000
