user_id,sw_name,sw_version,device_id,device_type,timezone,type,start,end,sensor_name,pressure,timestamps
0,crowdsignals.algosnap.com,1.0(1),352622063881655,smartphone,-8,pressure,1464757633000000000,1464757634000000000,Barometer Sensor,1007.43384,1464757633228018906
0,crowdsignals.algosnap.com,1.0(1),352622063881655,smartphone,-8,pressure,1464757633000000000,1464757634000000000,Barometer Sensor,1007.6162,1464757633405513958
0,crowdsignals.algosnap.com,1.0(1),352622063881655,smartphone,-8,pressure,1464757633000000000,1464757634000000000,Barometer Sensor,1007.54834,1464757633583848490
0,crowdsignals.algosnap.com,1.0(1),352622063881655,smartphone,-8,pressure,1464757633000000000,1464757634000000000,Barometer Sensor,1007.5332,1464757633760036354
0,crowdsignals.algosnap.com,1.0(1),352622063881655,smartphone,-8,pressure,1464757633000000000,1464757634000000000,Barometer Sensor,1007.6206,1464757633939199114
0,crowdsignals.algosnap.com,1.0(1),352622063881655,smartphone,-8,pressure,1464757634000000000,1464757635000000000,Barometer Sensor,1007.4321,1464757634294737031
0,crowdsignals.algosnap.com,1.0(1),352622063881655,smartphone,-8,pressure,1464757634000000000,1464757635000000000,Barometer Sensor,1007.626,1464757634472858333
0,crowdsignals.algosnap.com,1.0(1),352622063881655,smartphone,-8,pressure,1464757634000000000,1464757635000000000,Barometer Sensor,1007.3928,1464757634651399688
0,crowdsignals.algosnap.com,1.0(1),352622063881655,smartphone,-8,pressure,1464757634000000000,1464757635000000000,Barometer Sensor,1007.65015,1464757634828541354
0,crowdsignals.algosnap.com,1.0(1),352622063881655,smartphone,-8,pressure,1464757635000000000,1464757636000000000,Barometer Sensor,1007.5979,1464757635185106042
0,crowdsignals.algosnap.com,1.0(1),352622063881655,smartphone,-8,pressure,1464757635000000000,1464757636000000000,Barometer Sensor,1007.397,1464757635362319115
0,crowdsignals.algosnap.com,1.0(1),352622063881655,smartphone,-8,pressure,1464757635000000000,1464757636000000000,Barometer Sensor,1007.41943,1464757635540477031
0,crowdsignals.algosnap.com,1.0(1),352622063881655,smartphone,-8,pressure,1464757635000000000,1464757636000000000,Barometer Sensor,1007.6365,1464757635718978125
0,crowdsignals.algosnap.com,1.0(1),352622063881655,smartphone,-8,pressure,1464757635000000000,1464757636000000000,Barometer Sensor,1007.64624,1464757635896210990
0,crowdsignals.algosnap.com,1.0(1),352622063881655,smartphone,-8,pressure,1464757636000000000,1464757637000000000,Barometer Sensor,1007.4138,1464757636251620052
0,crowdsignals.algosnap.com,1.0(1),352622063881655,smartphone,-8,pressure,1464757636000000000,1464757637000000000,Barometer Sensor,1007.5835,1464757636430358593
0,crowdsignals.algosnap.com,1.0(1),352622063881655,smartphone,-8,pressure,1464757636000000000,1464757637000000000,Barometer Sensor,1007.35986,1464757636607995730
0,crowdsignals.algosnap.com,1.0(1),352622063881655,smartphone,-8,pressure,1464757636000000000,1464757637000000000,Barometer Sensor,1007.64624,1464757636785752553
0,crowdsignals.algosnap.com,1.0(1),352622063881655,smartphone,-8,pressure,1464757636000000000,1464757637000000000,Barometer Sensor,1007.655,1464757636964061198
0,crowdsignals.algosnap.com,1.0(1),352622063881655,smartphone,-8,pressure,1464757637000000000,1464757638000000000,Barometer Sensor,1007.3843,1464757637320143489
0,crowdsignals.algosnap.com,1.0(1),352622063881655,smartphone,-8,pressure,1464757637000000000,1464757638000000000,Barometer Sensor,1007.66455,1464757637497774271
0,crowdsignals.algosnap.com,1.0(1),352622063881655,smartphone,-8,pressure,1464757637000000000,1464757638000000000,Barometer Sensor,1007.5596,1464757637675523802
0,crowdsignals.algosnap.com,1.0(1),352622063881655,smartphone,-8,pressure,1464757637000000000,1464757638000000000,Barometer Sensor,1007.5718,1464757637853793490
0,crowdsignals.algosnap.com,1.0(1),352622063881655,smartphone,-8,pressure,1464757638000000000,1464757639000000000,Barometer Sensor,1007.57935,1464757638209176770
0,crowdsignals.algosnap.com,1.0(1),352622063881655,smartphone,-8,pressure,1464757638000000000,1464757639000000000,Barometer Sensor,1007.4956,1464757638387636875
0,crowdsignals.algosnap.com,1.0(1),352622063881655,smartphone,-8,pressure,1464757638000000000,1464757639000000000,Barometer Sensor,1007.58765,1464757638564888334
0,crowdsignals.algosnap.com,1.0(1),352622063881655,smartphone,-8,pressure,1464757638000000000,1464757639000000000,Barometer Sensor,1007.6526,1464757638743252188
0,crowdsignals.algosnap.com,1.0(1),352622063881655,smartphone,-8,pressure,1464757638000000000,1464757639000000000,Barometer Sensor,1007.61426,1464757638921719531
0,crowdsignals.algosnap.com,1.0(1),352622063881655,smartphone,-8,pressure,1464757639000000000,1464757640000000000,Barometer Sensor,1007.4404,1464757639276799219
0,crowdsignals.algosnap.com,1.0(1),352622063881655,smartphone,-8,pressure,1464757639000000000,1464757640000000000,Barometer Sensor,1007.63354,1464757639454789063
0,crowdsignals.algosnap.com,1.0(1),352622063881655,smartphone,-8,pressure,1464757639000000000,1464757640000000000,Barometer Sensor,1007.48535,1464757639632664948
0,crowdsignals.algosnap.com,1.0(1),352622063881655,smartphone,-8,pressure,1464757639000000000,1464757640000000000,Barometer Sensor,1007.614,1464757639809871822
0,crowdsignals.algosnap.com,1.0(1),352622063881655,smartphone,-8,pressure,1464757639000000000,1464757640000000000,Barometer Sensor,1007.59375,1464757639988241250
0,crowdsignals.algosnap.com,1.0(1),352622063881655,smartphone,-8,pressure,1464757640000000000,1464757641000000000,Barometer Sensor,1007.38965,1464757640344631250
0,crowdsignals.algosnap.com,1.0(1),352622063881655,smartphone,-8,pressure,1464757640000000000,1464757641000000000,Barometer Sensor,1007.62524,1464757640522578437
0,crowdsignals.algosnap.com,1.0(1),352622063881655,smartphone,-8,pressure,1464757640000000000,1464757641000000000,Barometer Sensor,1007.4663,1464757640700618178
0,crowdsignals.algosnap.com,1.0(1),352622063881655,smartphone,-8,pressure,1464757640000000000,1464757641000000000,Barometer Sensor,1007.6328,1464757640878400884
0,crowdsignals.algosnap.com,1.0(1),352622063881655,smartphone,-8,pressure,1464757641000000000,1464757642000000000,Barometer Sensor,1007.61426,1464757641055363073
0,crowdsignals.algosnap.com,1.0(1),352622063881655,smartphone,-8,pressure,1464757641000000000,1464757642000000000,Barometer Sensor,1007.4297,1464757641233950678
0,crowdsignals.algosnap.com,1.0(1),352622063881655,smartphone,-8,pressure,1464757641000000000,1464757642000000000,Barometer Sensor,1007.55835,1464757641411538490
0,crowdsignals.algosnap.com,1.0(1),352622063881655,smartphone,-8,pressure,1464757641000000000,1464757642000000000,Barometer Sensor,1007.35254,1464757641589659323
0,crowdsignals.algosnap.com,1.0(1),352622063881655,smartphone,-8,pressure,1464757641000000000,1464757642000000000,Barometer Sensor,1007.4387,1464757641767422344
0,crowdsignals.algosnap.com,1.0(1),352622063881655,smartphone,-8,pressure,1464757641000000000,1464757642000000000,Barometer Sensor,1007.4055,1464757641945958125
0,crowdsignals.algosnap.com,1.0(1),352622063881655,smartphone,-8,pressure,1464757642000000000,1464757643000000000,Barometer Sensor,1007.51074,1464757642302100313
0,crowdsignals.algosnap.com,1.0(1),352622063881655,smartphone,-8,pressure,1464757642000000000,1464757643000000000,Barometer Sensor,1007.604,1464757642479581562
0,crowdsignals.algosnap.com,1.0(1),352622063881655,smartphone,-8,pressure,1464757642000000000,1464757643000000000,Barometer Sensor,1007.573,1464757642657141771
0,crowdsignals.algosnap.com,1.0(1),352622063881655,smartphone,-8,pressure,1464757642000000000,1464757643000000000,Barometer Sensor,1007.3867,1464757642835788126
0,crowdsignals.algosnap.com,1.0(1),352622063881655,smartphone,-8,pressure,1464757643000000000,1464757644000000000,Barometer Sensor,1007.3894,1464757643190912032
0,crowdsignals.algosnap.com,1.0(1),352622063881655,smartphone,-8,pressure,1464757643000000000,1464757644000000000,Barometer Sensor,1007.60693,1464757643368796510
0,crowdsignals.algosnap.com,1.0(1),352622063881655,smartphone,-8,pressure,1464757643000000000,1464757644000000000,Barometer Sensor,1007.3821,1464757643547401927
0,crowdsignals.algosnap.com,1.0(1),352622063881655,smartphone,-8,pressure,1464757643000000000,1464757644000000000,Barometer Sensor,1007.6057,1464757643725252344
0,crowdsignals.algosnap.com,1.0(1),352622063881655,smartphone,-8,pressure,1464757643000000000,1464757644000000000,Barometer Sensor,1007.60425,1464757643903062969
0,crowdsignals.algosnap.com,1.0(1),352622063881655,smartphone,-8,pressure,1464757644000000000,1464757645000000000,Barometer Sensor,1007.37354,1464757644258360625
0,crowdsignals.algosnap.com,1.0(1),352622063881655,smartphone,-8,pressure,1464757644000000000,1464757645000000000,Barometer Sensor,1007.36743,1464757644436821771
0,crowdsignals.algosnap.com,1.0(1),352622063881655,smartphone,-8,pressure,1464757644000000000,1464757645000000000,Barometer Sensor,1007.4331,1464757644614262969
0,crowdsignals.algosnap.com,1.0(1),352622063881655,smartphone,-8,pressure,1464757644000000000,1464757645000000000,Barometer Sensor,1007.62573,1464757644792128802
0,crowdsignals.algosnap.com,1.0(1),352622063881655,smartphone,-8,pressure,1464757644000000000,1464757645000000000,Barometer Sensor,1007.37085,1464757644971011146
0,crowdsignals.algosnap.com,1.0(1),352622063881655,smartphone,-8,pressure,1464757645000000000,1464757646000000000,Barometer Sensor,1007.407,1464757645326545624
0,crowdsignals.algosnap.com,1.0(1),352622063881655,smartphone,-8,pressure,1464757645000000000,1464757646000000000,Barometer Sensor,1007.6106,1464757645504531719
0,crowdsignals.algosnap.com,1.0(1),352622063881655,smartphone,-8,pressure,1464757645000000000,1464757646000000000,Barometer Sensor,1007.4275,1464757645682136823
0,crowdsignals.algosnap.com,1.0(1),352622063881655,smartphone,-8,pressure,1464757645000000000,1464757646000000000,Barometer Sensor,1007.636,1464757645859413124
0,crowdsignals.algosnap.com,1.0(1),352622063881655,smartphone,-8,pressure,1464757646000000000,1464757647000000000,Barometer Sensor,1007.4319,1464757646215964219
0,crowdsignals.algosnap.com,1.0(1),352622063881655,smartphone,-8,pressure,1464757646000000000,1464757647000000000,Barometer Sensor,1007.39746,1464757646393595625
0,crowdsignals.algosnap.com,1.0(1),352622063881655,smartphone,-8,pressure,1464757646000000000,1464757647000000000,Barometer Sensor,1007.4072,1464757646571059375
0,crowdsignals.algosnap.com,1.0(1),352622063881655,smartphone,-8,pressure,1464757646000000000,1464757647000000000,Barometer Sensor,1007.416,1464757646749405520
0,crowdsignals.algosnap.com,1.0(1),352622063881655,smartphone,-8,pressure,1464757646000000000,1464757647000000000,Barometer Sensor,1007.635,1464757646927469792
0,crowdsignals.algosnap.com,1.0(1),352622063881655,smartphone,-8,pressure,1464757647000000000,1464757648000000000,Barometer Sensor,1007.3862,1464757647283183750
0,crowdsignals.algosnap.com,1.0(1),352622063881655,smartphone,-8,pressure,1464757647000000000,1464757648000000000,Barometer Sensor,1007.4304,1464757647460991407
0,crowdsignals.algosnap.com,1.0(1),352622063881655,smartphone,-8,pressure,1464757647000000000,1464757648000000000,Barometer Sensor,1007.3618,1464757647639123958
0,crowdsignals.algosnap.com,1.0(1),352622063881655,smartphone,-8,pressure,1464757647000000000,1464757648000000000,Barometer Sensor,1007.34717,1464757647817078229
0,crowdsignals.algosnap.com,1.0(1),352622063881655,smartphone,-8,pressure,1464757647000000000,1464757648000000000,Barometer Sensor,1007.57324,1464757647995414011
0,crowdsignals.algosnap.com,1.0(1),352622063881655,smartphone,-8,pressure,1464757648000000000,1464757649000000000,Barometer Sensor,1007.8391,1464757648351253021
0,crowdsignals.algosnap.com,1.0(1),352622063881655,smartphone,-8,pressure,1464757648000000000,1464757649000000000,Barometer Sensor,1007.30273,1464757648528070989
0,crowdsignals.algosnap.com,1.0(1),352622063881655,smartphone,-8,pressure,1464757648000000000,1464757649000000000,Barometer Sensor,1007.41064,1464757648706433230
0,crowdsignals.algosnap.com,1.0(1),352622063881655,smartphone,-8,pressure,1464757648000000000,1464757649000000000,Barometer Sensor,1007.3694,1464757648884230729
0,crowdsignals.algosnap.com,1.0(1),352622063881655,smartphone,-8,pressure,1464757649000000000,1464757650000000000,Barometer Sensor,1007.6028,1464757649240223906
0,crowdsignals.algosnap.com,1.0(1),352622063881655,smartphone,-8,pressure,1464757649000000000,1464757650000000000,Barometer Sensor,1007.4177,1464757649418006302
0,crowdsignals.algosnap.com,1.0(1),352622063881655,smartphone,-8,pressure,1464757649000000000,1464757650000000000,Barometer Sensor,1007.4248,1464757649596134948
0,crowdsignals.algosnap.com,1.0(1),352622063881655,smartphone,-8,pressure,1464757649000000000,1464757650000000000,Barometer Sensor,1007.6709,1464757649773960261
0,crowdsignals.algosnap.com,1.0(1),352622063881655,smartphone,-8,pressure,1464757649000000000,1464757650000000000,Barometer Sensor,1007.5298,1464757649951709636
0,crowdsignals.algosnap.com,1.0(1),352622063881655,smartphone,-8,pressure,1464757650000000000,1464757651000000000,Barometer Sensor,1007.62573,1464757650308646510
0,crowdsignals.algosnap.com,1.0(1),352622063881655,smartphone,-8,pressure,1464757650000000000,1464757651000000000,Barometer Sensor,1007.60767,1464757650486511198
0,crowdsignals.algosnap.com,1.0(1),352622063881655,smartphone,-8,pressure,1464757650000000000,1464757651000000000,Barometer Sensor,1007.3955,1464757650663875521
0,crowdsignals.algosnap.com,1.0(1),352622063881655,smartphone,-8,pressure,1464757650000000000,1464757651000000000,Barometer Sensor,1007.61523,1464757650841658334
0,crowdsignals.algosnap.com,1.0(1),352622063881655,smartphone,-8,pressure,1464757651000000000,1464757652000000000,Barometer Sensor,1007.57056,1464757651019711042
0,crowdsignals.algosnap.com,1.0(1),352622063881655,smartphone,-8,pressure,1464757651000000000,1464757652000000000,Barometer Sensor,1007.5669,1464757651197587552
0,crowdsignals.algosnap.com,1.0(1),352622063881655,smartphone,-8,pressure,1464757651000000000,1464757652000000000,Barometer Sensor,1007.3386,1464757651375278751
0,crowdsignals.algosnap.com,1.0(1),352622063881655,smartphone,-8,pressure,1464757651000000000,1464757652000000000,Barometer Sensor,1007.3694,1464757651554034167
0,crowdsignals.algosnap.com,1.0(1),352622063881655,smartphone,-8,pressure,1464757651000000000,1464757652000000000,Barometer Sensor,1007.3865,1464757651731277604
0,crowdsignals.algosnap.com,1.0(1),352622063881655,smartphone,-8,pressure,1464757651000000000,1464757652000000000,Barometer Sensor,1007.36694,1464757651909163646
0,crowdsignals.algosnap.com,1.0(1),352622063881655,smartphone,-8,pressure,1464757652000000000,1464757653000000000,Barometer Sensor,1007.438,1464757652265209375
0,crowdsignals.algosnap.com,1.0(1),352622063881655,smartphone,-8,pressure,1464757652000000000,1464757653000000000,Barometer Sensor,1007.44604,1464757652443694792
0,crowdsignals.algosnap.com,1.0(1),352622063881655,smartphone,-8,pressure,1464757652000000000,1464757653000000000,Barometer Sensor,1007.5537,1464757652621064427
0,crowdsignals.algosnap.com,1.0(1),352622063881655,smartphone,-8,pressure,1464757652000000000,1464757653000000000,Barometer Sensor,1007.4419,1464757652798305261
0,crowdsignals.algosnap.com,1.0(1),352622063881655,smartphone,-8,pressure,1464757652000000000,1464757653000000000,Barometer Sensor,1007.6279,1464757652976983437
0,crowdsignals.algosnap.com,1.0(1),352622063881655,smartphone,-8,pressure,1464757653000000000,1464757654000000000,Barometer Sensor,1007.4829,1464757653332530521
0,crowdsignals.algosnap.com,1.0(1),352622063881655,smartphone,-8,pressure,1464757653000000000,1464757654000000000,Barometer Sensor,1007.4595,1464757653509985312
0,crowdsignals.algosnap.com,1.0(1),352622063881655,smartphone,-8,pressure,1464757653000000000,1464757654000000000,Barometer Sensor,1007.5835,1464757653687962292
0,crowdsignals.algosnap.com,1.0(1),352622063881655,smartphone,-8,pressure,1464757653000000000,1464757654000000000,Barometer Sensor,1007.61035,1464757653866533021
0,crowdsignals.algosnap.com,1.0(1),352622063881655,smartphone,-8,pressure,1464757654000000000,1464757655000000000,Barometer Sensor,1007.604,1464757654221981303
0,crowdsignals.algosnap.com,1.0(1),352622063881655,smartphone,-8,pressure,1464757654000000000,1464757655000000000,Barometer Sensor,1007.5137,1464757654399594062
0,crowdsignals.algosnap.com,1.0(1),352622063881655,smartphone,-8,pressure,1464757654000000000,1464757655000000000,Barometer Sensor,1007.3833,1464757654577666302
0,crowdsignals.algosnap.com,1.0(1),352622063881655,smartphone,-8,pressure,1464757654000000000,1464757655000000000,Barometer Sensor,1007.4573,1464757654755901303
0,crowdsignals.algosnap.com,1.0(1),352622063881655,smartphone,-8,pressure,1464757654000000000,1464757655000000000,Barometer Sensor,1007.5803,1464757654934670417
0,crowdsignals.algosnap.com,1.0(1),352622063881655,smartphone,-8,pressure,1464757655000000000,1464757656000000000,Barometer Sensor,1007.3904,1464757655289729323
0,crowdsignals.algosnap.com,1.0(1),352622063881655,smartphone,-8,pressure,1464757655000000000,1464757656000000000,Barometer Sensor,1007.4756,1464757655467521093
0,crowdsignals.algosnap.com,1.0(1),352622063881655,smartphone,-8,pressure,1464757655000000000,1464757656000000000,Barometer Sensor,1007.40625,1464757655645439010
0,crowdsignals.algosnap.com,1.0(1),352622063881655,smartphone,-8,pressure,1464757655000000000,1464757656000000000,Barometer Sensor,1007.6189,1464757655824230677
0,crowdsignals.algosnap.com,1.0(1),352622063881655,smartphone,-8,pressure,1464757656000000000,1464757657000000000,Barometer Sensor,1007.38306,1464757656179024426
0,crowdsignals.algosnap.com,1.0(1),352622063881655,smartphone,-8,pressure,1464757656000000000,1464757657000000000,Barometer Sensor,1007.395,1464757656357147083
0,crowdsignals.algosnap.com,1.0(1),352622063881655,smartphone,-8,pressure,1464757656000000000,1464757657000000000,Barometer Sensor,1007.594,1464757656535300885
0,crowdsignals.algosnap.com,1.0(1),352622063881655,smartphone,-8,pressure,1464757656000000000,1464757657000000000,Barometer Sensor,1007.6035,1464757656712903333
0,crowdsignals.algosnap.com,1.0(1),352622063881655,smartphone,-8,pressure,1464757656000000000,1464757657000000000,Barometer Sensor,1007.57666,1464757656891375886
0,crowdsignals.algosnap.com,1.0(1),352622063881655,smartphone,-8,pressure,1464757657000000000,1464757658000000000,Barometer Sensor,1007.33057,1464757657246615157
0,crowdsignals.algosnap.com,1.0(1),352622063881655,smartphone,-8,pressure,1464757657000000000,1464757658000000000,Barometer Sensor,1007.35596,1464757657424878125
0,crowdsignals.algosnap.com,1.0(1),352622063881655,smartphone,-8,pressure,1464757657000000000,1464757658000000000,Barometer Sensor,1007.38794,1464757657602753281
0,crowdsignals.algosnap.com,1.0(1),352622063881655,smartphone,-8,pressure,1464757657000000000,1464757658000000000,Barometer Sensor,1007.5852,1464757657779941770
0,crowdsignals.algosnap.com,1.0(1),352622063881655,smartphone,-8,pressure,1464757657000000000,1464757658000000000,Barometer Sensor,1007.59937,1464757657958416198
0,crowdsignals.algosnap.com,1.0(1),352622063881655,smartphone,-8,pressure,1464757658000000000,1464757659000000000,Barometer Sensor,1007.39844,1464757658314187760
0,crowdsignals.algosnap.com,1.0(1),352622063881655,smartphone,-8,pressure,1464757658000000000,1464757659000000000,Barometer Sensor,1007.4429,1464757658492206823
0,crowdsignals.algosnap.com,1.0(1),352622063881655,smartphone,-8,pressure,1464757658000000000,1464757659000000000,Barometer Sensor,1007.3384,1464757658669828749
0,crowdsignals.algosnap.com,1.0(1),352622063881655,smartphone,-8,pressure,1464757658000000000,1464757659000000000,Barometer Sensor,1007.5122,1464757658847940834
0,crowdsignals.algosnap.com,1.0(1),352622063881655,smartphone,-8,pressure,1464757659000000000,1464757660000000000,Barometer Sensor,1007.5764,1464757659203827500
0,crowdsignals.algosnap.com,1.0(1),352622063881655,smartphone,-8,pressure,1464757659000000000,1464757660000000000,Barometer Sensor,1007.41675,1464757659381663073
0,crowdsignals.algosnap.com,1.0(1),352622063881655,smartphone,-8,pressure,1464757659000000000,1464757660000000000,Barometer Sensor,1007.56836,1464757659560632968
0,crowdsignals.algosnap.com,1.0(1),352622063881655,smartphone,-8,pressure,1464757659000000000,1464757660000000000,Barometer Sensor,1007.5476,1464757659737610104
0,crowdsignals.algosnap.com,1.0(1),352622063881655,smartphone,-8,pressure,1464757659000000000,1464757660000000000,Barometer Sensor,1007.59033,1464757659916357239
0,crowdsignals.algosnap.com,1.0(1),352622063881655,smartphone,-8,pressure,1464757660000000000,1464757661000000000,Barometer Sensor,1007.4158,1464757660272262501
0,crowdsignals.algosnap.com,1.0(1),352622063881655,smartphone,-8,pressure,1464757660000000000,1464757661000000000,Barometer Sensor,1007.47144,1464757660449313020
0,crowdsignals.algosnap.com,1.0(1),352622063881655,smartphone,-8,pressure,1464757660000000000,1464757661000000000,Barometer Sensor,1007.60815,1464757660627479480
0,crowdsignals.algosnap.com,1.0(1),352622063881655,smartphone,-8,pressure,1464757660000000000,1464757661000000000,Barometer Sensor,1007.5425,1464757660805275156
0,crowdsignals.algosnap.com,1.0(1),352622063881655,smartphone,-8,pressure,1464757660000000000,1464757661000000000,Barometer Sensor,1007.5635,1464757660982932448
0,crowdsignals.algosnap.com,1.0(1),352622063881655,smartphone,-8,pressure,1464757661000000000,1464757662000000000,Barometer Sensor,1007.4448,1464757661160839271
0,crowdsignals.algosnap.com,1.0(1),352622063881655,smartphone,-8,pressure,1464757661000000000,1464757662000000000,Barometer Sensor,1007.4487,1464757661339569062
0,crowdsignals.algosnap.com,1.0(1),352622063881655,smartphone,-8,pressure,1464757661000000000,1464757662000000000,Barometer Sensor,1007.6572,1464757661517115833
0,crowdsignals.algosnap.com,1.0(1),352622063881655,smartphone,-8,pressure,1464757661000000000,1464757662000000000,Barometer Sensor,1007.2771,1464757661695039219
0,crowdsignals.algosnap.com,1.0(1),352622063881655,smartphone,-8,pressure,1464757661000000000,1464757662000000000,Barometer Sensor,1007.303,1464757661872912865
0,crowdsignals.algosnap.com,1.0(1),352622063881655,smartphone,-8,pressure,1464757662000000000,1464757663000000000,Barometer Sensor,1007.4243,1464757662228311511
0,crowdsignals.algosnap.com,1.0(1),352622063881655,smartphone,-8,pressure,1464757662000000000,1464757663000000000,Barometer Sensor,1007.55884,1464757662406328698
0,crowdsignals.algosnap.com,1.0(1),352622063881655,smartphone,-8,pressure,1464757662000000000,1464757663000000000,Barometer Sensor,1007.59424,1464757662584724011
0,crowdsignals.algosnap.com,1.0(1),352622063881655,smartphone,-8,pressure,1464757662000000000,1464757663000000000,Barometer Sensor,1007.57153,1464757662762564740
0,crowdsignals.algosnap.com,1.0(1),352622063881655,smartphone,-8,pressure,1464757662000000000,1464757663000000000,Barometer Sensor,1007.4719,1464757662940824322
0,crowdsignals.algosnap.com,1.0(1),352622063881655,smartphone,-8,pressure,1464757663000000000,1464757664000000000,Barometer Sensor,1007.41895,1464757663296020990
0,crowdsignals.algosnap.com,1.0(1),352622063881655,smartphone,-8,pressure,1464757663000000000,1464757664000000000,Barometer Sensor,1007.6538,1464757663473617969
0,crowdsignals.algosnap.com,1.0(1),352622063881655,smartphone,-8,pressure,1464757663000000000,1464757664000000000,Barometer Sensor,1007.3701,1464757663652659167
0,crowdsignals.algosnap.com,1.0(1),352622063881655,smartphone,-8,pressure,1464757663000000000,1464757664000000000,Barometer Sensor,1007.3662,1464757663829625468
0,crowdsignals.algosnap.com,1.0(1),352622063881655,smartphone,-8,pressure,1464757664000000000,1464757665000000000,Barometer Sensor,1007.6216,1464757664185758438
0,crowdsignals.algosnap.com,1.0(1),352622063881655,smartphone,-8,pressure,1464757664000000000,1464757665000000000,Barometer Sensor,1007.343,1464757664364106146
0,crowdsignals.algosnap.com,1.0(1),352622063881655,smartphone,-8,pressure,1464757664000000000,1464757665000000000,Barometer Sensor,1007.4951,1464757664542275209
0,crowdsignals.algosnap.com,1.0(1),352622063881655,smartphone,-8,pressure,1464757664000000000,1464757665000000000,Barometer Sensor,1007.5791,1464757664719711093
0,crowdsignals.algosnap.com,1.0(1),352622063881655,smartphone,-8,pressure,1464757664000000000,1464757665000000000,Barometer Sensor,1007.6172,1464757664898091197
0,crowdsignals.algosnap.com,1.0(1),352622063881655,smartphone,-8,pressure,1464757665000000000,1464757666000000000,Barometer Sensor,1007.4358,1464757665253176719
0,crowdsignals.algosnap.com,1.0(1),352622063881655,smartphone,-8,pressure,1464757665000000000,1464757666000000000,Barometer Sensor,1007.48047,1464757665431533542
0,crowdsignals.algosnap.com,1.0(1),352622063881655,smartphone,-8,pressure,1464757665000000000,1464757666000000000,Barometer Sensor,1007.4968,1464757665608994270
0,crowdsignals.algosnap.com,1.0(1),352622063881655,smartphone,-8,pressure,1464757665000000000,1464757666000000000,Barometer Sensor,1007.59985,1464757665787188021
0,crowdsignals.algosnap.com,1.0(1),352622063881655,smartphone,-8,pressure,1464757665000000000,1464757666000000000,Barometer Sensor,1007.6301,1464757665964657761
0,crowdsignals.algosnap.com,1.0(1),352622063881655,smartphone,-8,pressure,1464757666000000000,1464757667000000000,Barometer Sensor,1007.3728,1464757666320970834
0,crowdsignals.algosnap.com,1.0(1),352622063881655,smartphone,-8,pressure,1464757666000000000,1464757667000000000,Barometer Sensor,1007.60645,1464757666498258385
0,crowdsignals.algosnap.com,1.0(1),352622063881655,smartphone,-8,pressure,1464757666000000000,1464757667000000000,Barometer Sensor,1007.5896,1464757666676894792
0,crowdsignals.algosnap.com,1.0(1),352622063881655,smartphone,-8,pressure,1464757666000000000,1464757667000000000,Barometer Sensor,1007.60425,1464757666854216771
0,crowdsignals.algosnap.com,1.0(1),352622063881655,smartphone,-8,pressure,1464757667000000000,1464757668000000000,Barometer Sensor,1007.3701,1464757667209725416
0,crowdsignals.algosnap.com,1.0(1),352622063881655,smartphone,-8,pressure,1464757667000000000,1464757668000000000,Barometer Sensor,1007.47485,1464757667388470052
0,crowdsignals.algosnap.com,1.0(1),352622063881655,smartphone,-8,pressure,1464757667000000000,1464757668000000000,Barometer Sensor,1007.5515,1464757667566245313
0,crowdsignals.algosnap.com,1.0(1),352622063881655,smartphone,-8,pressure,1464757667000000000,1464757668000000000,Barometer Sensor,1007.5984,1464757667744710208
0,crowdsignals.algosnap.com,1.0(1),352622063881655,smartphone,-8,pressure,1464757667000000000,1464757668000000000,Barometer Sensor,1007.4148,1464757667921655312
0,crowdsignals.algosnap.com,1.0(1),352622063881655,smartphone,-8,pressure,1464757668000000000,1464757669000000000,Barometer Sensor,1007.40845,1464757668277783750
0,crowdsignals.algosnap.com,1.0(1),352622063881655,smartphone,-8,pressure,1464757668000000000,1464757669000000000,Barometer Sensor,1007.438,1464757668455832136
0,crowdsignals.algosnap.com,1.0(1),352622063881655,smartphone,-8,pressure,1464757668000000000,1464757669000000000,Barometer Sensor,1007.4795,1464757668634020781
0,crowdsignals.algosnap.com,1.0(1),352622063881655,smartphone,-8,pressure,1464757668000000000,1464757669000000000,Barometer Sensor,1007.59155,1464757668811469219
0,crowdsignals.algosnap.com,1.0(1),352622063881655,smartphone,-8,pressure,1464757668000000000,1464757669000000000,Barometer Sensor,1007.5996,1464757668989976614
0,crowdsignals.algosnap.com,1.0(1),352622063881655,smartphone,-8,pressure,1464757669000000000,1464757670000000000,Barometer Sensor,1007.3967,1464757669344893021
0,crowdsignals.algosnap.com,1.0(1),352622063881655,smartphone,-8,pressure,1464757669000000000,1464757670000000000,Barometer Sensor,1007.3989,1464757669524068854
0,crowdsignals.algosnap.com,1.0(1),352622063881655,smartphone,-8,pressure,1464757669000000000,1464757670000000000,Barometer Sensor,1007.6133,1464757669701141510
0,crowdsignals.algosnap.com,1.0(1),352622063881655,smartphone,-8,pressure,1464757669000000000,1464757670000000000,Barometer Sensor,1007.6006,1464757669879709166
0,crowdsignals.algosnap.com,1.0(1),352622063881655,smartphone,-8,pressure,1464757670000000000,1464757671000000000,Barometer Sensor,1007.3557,1464757670234531250
0,crowdsignals.algosnap.com,1.0(1),352622063881655,smartphone,-8,pressure,1464757670000000000,1464757671000000000,Barometer Sensor,1007.6404,1464757670413006198
0,crowdsignals.algosnap.com,1.0(1),352622063881655,smartphone,-8,pressure,1464757670000000000,1464757671000000000,Barometer Sensor,1007.4104,1464757670591028229
0,crowdsignals.algosnap.com,1.0(1),352622063881655,smartphone,-8,pressure,1464757670000000000,1464757671000000000,Barometer Sensor,1007.6138,1464757670768794844
0,crowdsignals.algosnap.com,1.0(1),352622063881655,smartphone,-8,pressure,1464757670000000000,1464757671000000000,Barometer Sensor,1007.58154,1464757670947466198
0,crowdsignals.algosnap.com,1.0(1),352622063881655,smartphone,-8,pressure,1464757671000000000,1464757672000000000,Barometer Sensor,1007.59937,1464757671125220417
0,crowdsignals.algosnap.com,1.0(1),352622063881655,smartphone,-8,pressure,1464757671000000000,1464757672000000000,Barometer Sensor,1007.6184,1464757671302805312
0,crowdsignals.algosnap.com,1.0(1),352622063881655,smartphone,-8,pressure,1464757671000000000,1464757672000000000,Barometer Sensor,1007.50684,1464757671480191145
0,crowdsignals.algosnap.com,1.0(1),352622063881655,smartphone,-8,pressure,1464757671000000000,1464757672000000000,Barometer Sensor,1007.43115,1464757671658930312
0,crowdsignals.algosnap.com,1.0(1),352622063881655,smartphone,-8,pressure,1464757671000000000,1464757672000000000,Barometer Sensor,1007.58203,1464757671837121771
0,crowdsignals.algosnap.com,1.0(1),352622063881655,smartphone,-8,pressure,1464757672000000000,1464757673000000000,Barometer Sensor,1007.61743,1464757672191580313
0,crowdsignals.algosnap.com,1.0(1),352622063881655,smartphone,-8,pressure,1464757672000000000,1464757673000000000,Barometer Sensor,1007.5603,1464757672370567760
0,crowdsignals.algosnap.com,1.0(1),352622063881655,smartphone,-8,pressure,1464757672000000000,1464757673000000000,Barometer Sensor,1007.3479,1464757672547785001
0,crowdsignals.algosnap.com,1.0(1),352622063881655,smartphone,-8,pressure,1464757672000000000,1464757673000000000,Barometer Sensor,1007.4016,1464757672725684896
0,crowdsignals.algosnap.com,1.0(1),352622063881655,smartphone,-8,pressure,1464757672000000000,1464757673000000000,Barometer Sensor,1007.35156,1464757672903895417
0,crowdsignals.algosnap.com,1.0(1),352622063881655,smartphone,-8,pressure,1464757673000000000,1464757674000000000,Barometer Sensor,1007.3445,1464757673259818020
0,crowdsignals.algosnap.com,1.0(1),352622063881655,smartphone,-8,pressure,1464757673000000000,1464757674000000000,Barometer Sensor,1007.3518,1464757673436900885
0,crowdsignals.algosnap.com,1.0(1),352622063881655,smartphone,-8,pressure,1464757673000000000,1464757674000000000,Barometer Sensor,1007.42505,1464757673615228229
0,crowdsignals.algosnap.com,1.0(1),352622063881655,smartphone,-8,pressure,1464757673000000000,1464757674000000000,Barometer Sensor,1007.5322,1464757673793083959
0,crowdsignals.algosnap.com,1.0(1),352622063881655,smartphone,-8,pressure,1464757673000000000,1464757674000000000,Barometer Sensor,1007.34546,1464757673971429376
0,crowdsignals.algosnap.com,1.0(1),352622063881655,smartphone,-8,pressure,1464757674000000000,1464757675000000000,Barometer Sensor,1007.3999,1464757674327630261
0,crowdsignals.algosnap.com,1.0(1),352622063881655,smartphone,-8,pressure,1464757674000000000,1464757675000000000,Barometer Sensor,1007.41455,1464757674505272031
0,crowdsignals.algosnap.com,1.0(1),352622063881655,smartphone,-8,pressure,1464757674000000000,1464757675000000000,Barometer Sensor,1007.5481,1464757674683376042
0,crowdsignals.algosnap.com,1.0(1),352622063881655,smartphone,-8,pressure,1464757674000000000,1464757675000000000,Barometer Sensor,1007.5691,1464757674861335729
0,crowdsignals.algosnap.com,1.0(1),352622063881655,smartphone,-8,pressure,1464757675000000000,1464757676000000000,Barometer Sensor,1007.5884,1464757675217453177
0,crowdsignals.algosnap.com,1.0(1),352622063881655,smartphone,-8,pressure,1464757675000000000,1464757676000000000,Barometer Sensor,1007.4026,1464757675395169115
0,crowdsignals.algosnap.com,1.0(1),352622063881655,smartphone,-8,pressure,1464757675000000000,1464757676000000000,Barometer Sensor,1007.36743,1464757675571892344
0,crowdsignals.algosnap.com,1.0(1),352622063881655,smartphone,-8,pressure,1464757675000000000,1464757676000000000,Barometer Sensor,1007.60596,1464757675750437812
0,crowdsignals.algosnap.com,1.0(1),352622063881655,smartphone,-8,pressure,1464757675000000000,1464757676000000000,Barometer Sensor,1007.5718,1464757675928420521
0,crowdsignals.algosnap.com,1.0(1),352622063881655,smartphone,-8,pressure,1464757676000000000,1464757677000000000,Barometer Sensor,1007.5027,1464757676284588542
0,crowdsignals.algosnap.com,1.0(1),352622063881655,smartphone,-8,pressure,1464757676000000000,1464757677000000000,Barometer Sensor,1007.5056,1464757676462598490
0,crowdsignals.algosnap.com,1.0(1),352622063881655,smartphone,-8,pressure,1464757676000000000,1464757677000000000,Barometer Sensor,1007.38745,1464757676640323125
0,crowdsignals.algosnap.com,1.0(1),352622063881655,smartphone,-8,pressure,1464757676000000000,1464757677000000000,Barometer Sensor,1007.62695,1464757676818040729
0,crowdsignals.algosnap.com,1.0(1),352622063881655,smartphone,-8,pressure,1464757676000000000,1464757677000000000,Barometer Sensor,1007.62354,1464757676995900052
0,crowdsignals.algosnap.com,1.0(1),352622063881655,smartphone,-8,pressure,1464757677000000000,1464757678000000000,Barometer Sensor,1007.47534,1464757677352057969
0,crowdsignals.algosnap.com,1.0(1),352622063881655,smartphone,-8,pressure,1464757677000000000,1464757678000000000,Barometer Sensor,1007.3767,1464757677530054999
0,crowdsignals.algosnap.com,1.0(1),352622063881655,smartphone,-8,pressure,1464757677000000000,1464757678000000000,Barometer Sensor,1007.4856,1464757677708159531
0,crowdsignals.algosnap.com,1.0(1),352622063881655,smartphone,-8,pressure,1464757677000000000,1464757678000000000,Barometer Sensor,1007.57666,1464757677885676980
0,crowdsignals.algosnap.com,1.0(1),352622063881655,smartphone,-8,pressure,1464757678000000000,1464757679000000000,Barometer Sensor,1007.44995,1464757678241093334
0,crowdsignals.algosnap.com,1.0(1),352622063881655,smartphone,-8,pressure,1464757678000000000,1464757679000000000,Barometer Sensor,1007.3823,1464757678419599271
0,crowdsignals.algosnap.com,1.0(1),352622063881655,smartphone,-8,pressure,1464757678000000000,1464757679000000000,Barometer Sensor,1007.55835,1464757678597955520
0,crowdsignals.algosnap.com,1.0(1),352622063881655,smartphone,-8,pressure,1464757678000000000,1464757679000000000,Barometer Sensor,1007.5818,1464757678775058177
0,crowdsignals.algosnap.com,1.0(1),352622063881655,smartphone,-8,pressure,1464757678000000000,1464757679000000000,Barometer Sensor,1007.6094,1464757678953215781
0,crowdsignals.algosnap.com,1.0(1),352622063881655,smartphone,-8,pressure,1464757679000000000,1464757680000000000,Barometer Sensor,1007.6155,1464757679308919428
0,crowdsignals.algosnap.com,1.0(1),352622063881655,smartphone,-8,pressure,1464757679000000000,1464757680000000000,Barometer Sensor,1007.61816,1464757679487593594
0,crowdsignals.algosnap.com,1.0(1),352622063881655,smartphone,-8,pressure,1464757679000000000,1464757680000000000,Barometer Sensor,1007.41724,1464757679665468646
0,crowdsignals.algosnap.com,1.0(1),352622063881655,smartphone,-8,pressure,1464757679000000000,1464757680000000000,Barometer Sensor,1007.6233,1464757679842882084
0,crowdsignals.algosnap.com,1.0(1),352622063881655,smartphone,-8,pressure,1464757680000000000,1464757681000000000,Barometer Sensor,1007.4353,1464757680198460833
0,crowdsignals.algosnap.com,1.0(1),352622063881655,smartphone,-8,pressure,1464757680000000000,1464757681000000000,Barometer Sensor,1007.4292,1464757680377063906
0,crowdsignals.algosnap.com,1.0(1),352622063881655,smartphone,-8,pressure,1464757680000000000,1464757681000000000,Barometer Sensor,1007.3999,1464757680554077656
0,crowdsignals.algosnap.com,1.0(1),352622063881655,smartphone,-8,pressure,1464757680000000000,1464757681000000000,Barometer Sensor,1007.5625,1464757680732477605
0,crowdsignals.algosnap.com,1.0(1),352622063881655,smartphone,-8,pressure,1464757680000000000,1464757681000000000,Barometer Sensor,1007.624,1464757680910785156
0,crowdsignals.algosnap.com,1.0(1),352622063881655,smartphone,-8,pressure,1464757681000000000,1464757682000000000,Barometer Sensor,1007.6565,1464757681088534219
0,crowdsignals.algosnap.com,1.0(1),352622063881655,smartphone,-8,pressure,1464757681000000000,1464757682000000000,Barometer Sensor,1007.38916,1464757681266201822
0,crowdsignals.algosnap.com,1.0(1),352622063881655,smartphone,-8,pressure,1464757681000000000,1464757682000000000,Barometer Sensor,1007.3887,1464757681443845781
0,crowdsignals.algosnap.com,1.0(1),352622063881655,smartphone,-8,pressure,1464757681000000000,1464757682000000000,Barometer Sensor,1007.4404,1464757681622012968
0,crowdsignals.algosnap.com,1.0(1),352622063881655,smartphone,-8,pressure,1464757681000000000,1464757682000000000,Barometer Sensor,1007.635,1464757681800055885
0,crowdsignals.algosnap.com,1.0(1),352622063881655,smartphone,-8,pressure,1464757681000000000,1464757682000000000,Barometer Sensor,1007.6011,1464757681978024322
0,crowdsignals.algosnap.com,1.0(1),352622063881655,smartphone,-8,pressure,1464757682000000000,1464757683000000000,Barometer Sensor,1007.3601,1464757682333734062
0,crowdsignals.algosnap.com,1.0(1),352622063881655,smartphone,-8,pressure,1464757682000000000,1464757683000000000,Barometer Sensor,1007.3567,1464757682511974531
0,crowdsignals.algosnap.com,1.0(1),352622063881655,smartphone,-8,pressure,1464757682000000000,1464757683000000000,Barometer Sensor,1007.3706,1464757682689698749
0,crowdsignals.algosnap.com,1.0(1),352622063881655,smartphone,-8,pressure,1464757682000000000,1464757683000000000,Barometer Sensor,1007.40015,1464757682867349479
0,crowdsignals.algosnap.com,1.0(1),352622063881655,smartphone,-8,pressure,1464757683000000000,1464757684000000000,Barometer Sensor,1007.58545,1464757683223533282
0,crowdsignals.algosnap.com,1.0(1),352622063881655,smartphone,-8,pressure,1464757683000000000,1464757684000000000,Barometer Sensor,1007.4746,1464757683401658958
0,crowdsignals.algosnap.com,1.0(1),352622063881655,smartphone,-8,pressure,1464757683000000000,1464757684000000000,Barometer Sensor,1007.4988,1464757683578771146
0,crowdsignals.algosnap.com,1.0(1),352622063881655,smartphone,-8,pressure,1464757683000000000,1464757684000000000,Barometer Sensor,1007.6196,1464757683757145000
0,crowdsignals.algosnap.com,1.0(1),352622063881655,smartphone,-8,pressure,1464757683000000000,1464757684000000000,Barometer Sensor,1007.65845,1464757683935088333
0,crowdsignals.algosnap.com,1.0(1),352622063881655,smartphone,-8,pressure,1464757684000000000,1464757685000000000,Barometer Sensor,1007.40186,1464757684290889010
0,crowdsignals.algosnap.com,1.0(1),352622063881655,smartphone,-8,pressure,1464757684000000000,1464757685000000000,Barometer Sensor,1007.59033,1464757684468740729
0,crowdsignals.algosnap.com,1.0(1),352622063881655,smartphone,-8,pressure,1464757684000000000,1464757685000000000,Barometer Sensor,1007.5083,1464757684646648178
0,crowdsignals.algosnap.com,1.0(1),352622063881655,smartphone,-8,pressure,1464757684000000000,1464757685000000000,Barometer Sensor,1007.5847,1464757684824741250
0,crowdsignals.algosnap.com,1.0(1),352622063881655,smartphone,-8,pressure,1464757684000000000,1464757685000000000,Barometer Sensor,1007.61255,1464757684999544427
0,crowdsignals.algosnap.com,1.0(1),352622063881655,smartphone,-8,pressure,1464757685000000000,1464757686000000000,Barometer Sensor,1007.4177,1464757685358590209
0,crowdsignals.algosnap.com,1.0(1),352622063881655,smartphone,-8,pressure,1464757685000000000,1464757686000000000,Barometer Sensor,1007.41064,1464757685536700937
0,crowdsignals.algosnap.com,1.0(1),352622063881655,smartphone,-8,pressure,1464757685000000000,1464757686000000000,Barometer Sensor,1007.59155,1464757685714413021
0,crowdsignals.algosnap.com,1.0(1),352622063881655,smartphone,-8,pressure,1464757685000000000,1464757686000000000,Barometer Sensor,1007.5488,1464757685889481615
0,crowdsignals.algosnap.com,1.0(1),352622063881655,smartphone,-8,pressure,1464757686000000000,1464757687000000000,Barometer Sensor,1007.5134,1464757686247938385
0,crowdsignals.algosnap.com,1.0(1),352622063881655,smartphone,-8,pressure,1464757686000000000,1464757687000000000,Barometer Sensor,1007.5896,1464757686425937292
0,crowdsignals.algosnap.com,1.0(1),352622063881655,smartphone,-8,pressure,1464757686000000000,1464757687000000000,Barometer Sensor,1007.3992,1464757686604080782
0,crowdsignals.algosnap.com,1.0(1),352622063881655,smartphone,-8,pressure,1464757686000000000,1464757687000000000,Barometer Sensor,1007.42944,1464757686781723021
0,crowdsignals.algosnap.com,1.0(1),352622063881655,smartphone,-8,pressure,1464757686000000000,1464757687000000000,Barometer Sensor,1007.3782,1464757686959039271
0,crowdsignals.algosnap.com,1.0(1),352622063881655,smartphone,-8,pressure,1464757687000000000,1464757688000000000,Barometer Sensor,1007.52466,1464757687315539271
0,crowdsignals.algosnap.com,1.0(1),352622063881655,smartphone,-8,pressure,1464757687000000000,1464757688000000000,Barometer Sensor,1007.4741,1464757687493246458
0,crowdsignals.algosnap.com,1.0(1),352622063881655,smartphone,-8,pressure,1464757687000000000,1464757688000000000,Barometer Sensor,1007.3921,1464757687671004219
0,crowdsignals.algosnap.com,1.0(1),352622063881655,smartphone,-8,pressure,1464757687000000000,1464757688000000000,Barometer Sensor,1007.6013,1464757687849210833
0,crowdsignals.algosnap.com,1.0(1),352622063881655,smartphone,-8,pressure,1464757688000000000,1464757689000000000,Barometer Sensor,1007.3767,1464757688204706041
0,crowdsignals.algosnap.com,1.0(1),352622063881655,smartphone,-8,pressure,1464757688000000000,1464757689000000000,Barometer Sensor,1007.4065,1464757688383524166
0,crowdsignals.algosnap.com,1.0(1),352622063881655,smartphone,-8,pressure,1464757688000000000,1464757689000000000,Barometer Sensor,1007.40576,1464757688560564897
0,crowdsignals.algosnap.com,1.0(1),352622063881655,smartphone,-8,pressure,1464757688000000000,1464757689000000000,Barometer Sensor,1007.4031,1464757688738844739
0,crowdsignals.algosnap.com,1.0(1),352622063881655,smartphone,-8,pressure,1464757688000000000,1464757689000000000,Barometer Sensor,1007.61694,1464757688916415729
0,crowdsignals.algosnap.com,1.0(1),352622063881655,smartphone,-8,pressure,1464757689000000000,1464757690000000000,Barometer Sensor,1007.64404,1464757689272641198
0,crowdsignals.algosnap.com,1.0(1),352622063881655,smartphone,-8,pressure,1464757689000000000,1464757690000000000,Barometer Sensor,1007.55786,1464757689450788332
0,crowdsignals.algosnap.com,1.0(1),352622063881655,smartphone,-8,pressure,1464757689000000000,1464757690000000000,Barometer Sensor,1007.61304,1464757689628539947
0,crowdsignals.algosnap.com,1.0(1),352622063881655,smartphone,-8,pressure,1464757689000000000,1464757690000000000,Barometer Sensor,1007.61475,1464757689806161198
0,crowdsignals.algosnap.com,1.0(1),352622063881655,smartphone,-8,pressure,1464757689000000000,1464757690000000000,Barometer Sensor,1007.6267,1464757689985042240
0,crowdsignals.algosnap.com,1.0(1),352622063881655,smartphone,-8,pressure,1464757690000000000,1464757691000000000,Barometer Sensor,1007.4187,1464757690340427760
0,crowdsignals.algosnap.com,1.0(1),352622063881655,smartphone,-8,pressure,1464757690000000000,1464757691000000000,Barometer Sensor,1007.52686,1464757690517880000
0,crowdsignals.algosnap.com,1.0(1),352622063881655,smartphone,-8,pressure,1464757690000000000,1464757691000000000,Barometer Sensor,1007.35986,1464757690696140834
0,crowdsignals.algosnap.com,1.0(1),352622063881655,smartphone,-8,pressure,1464757690000000000,1464757691000000000,Barometer Sensor,1007.64966,1464757690874252292
0,crowdsignals.algosnap.com,1.0(1),352622063881655,smartphone,-8,pressure,1464757691000000000,1464757692000000000,Barometer Sensor,1007.5991,1464757691051825365
0,crowdsignals.algosnap.com,1.0(1),352622063881655,smartphone,-8,pressure,1464757691000000000,1464757692000000000,Barometer Sensor,1007.3906,1464757691229631353
0,crowdsignals.algosnap.com,1.0(1),352622063881655,smartphone,-8,pressure,1464757691000000000,1464757692000000000,Barometer Sensor,1007.3911,1464757691408089896
0,crowdsignals.algosnap.com,1.0(1),352622063881655,smartphone,-8,pressure,1464757691000000000,1464757692000000000,Barometer Sensor,1007.55176,1464757691586037656
0,crowdsignals.algosnap.com,1.0(1),352622063881655,smartphone,-8,pressure,1464757691000000000,1464757692000000000,Barometer Sensor,1007.43726,1464757691763276354
0,crowdsignals.algosnap.com,1.0(1),352622063881655,smartphone,-8,pressure,1464757691000000000,1464757692000000000,Barometer Sensor,1007.45435,1464757691940728334
0,crowdsignals.algosnap.com,1.0(1),352622063881655,smartphone,-8,pressure,1464757692000000000,1464757693000000000,Barometer Sensor,1007.406,1464757692297518698
0,crowdsignals.algosnap.com,1.0(1),352622063881655,smartphone,-8,pressure,1464757692000000000,1464757693000000000,Barometer Sensor,1007.4214,1464757692475040677
0,crowdsignals.algosnap.com,1.0(1),352622063881655,smartphone,-8,pressure,1464757692000000000,1464757693000000000,Barometer Sensor,1007.42236,1464757692653673126
0,crowdsignals.algosnap.com,1.0(1),352622063881655,smartphone,-8,pressure,1464757692000000000,1464757693000000000,Barometer Sensor,1007.37744,1464757692831056459
0,crowdsignals.algosnap.com,1.0(1),352622063881655,smartphone,-8,pressure,1464757693000000000,1464757694000000000,Barometer Sensor,1007.58936,1464757693186464896
0,crowdsignals.algosnap.com,1.0(1),352622063881655,smartphone,-8,pressure,1464757693000000000,1464757694000000000,Barometer Sensor,1007.3721,1464757693365113594
0,crowdsignals.algosnap.com,1.0(1),352622063881655,smartphone,-8,pressure,1464757693000000000,1464757694000000000,Barometer Sensor,1007.40283,1464757693542546146
0,crowdsignals.algosnap.com,1.0(1),352622063881655,smartphone,-8,pressure,1464757693000000000,1464757694000000000,Barometer Sensor,1007.52295,1464757693720518333
0,crowdsignals.algosnap.com,1.0(1),352622063881655,smartphone,-8,pressure,1464757693000000000,1464757694000000000,Barometer Sensor,1007.6255,1464757693898891509
0,crowdsignals.algosnap.com,1.0(1),352622063881655,smartphone,-8,pressure,1464757694000000000,1464757695000000000,Barometer Sensor,1007.39136,1464757694254750521
0,crowdsignals.algosnap.com,1.0(1),352622063881655,smartphone,-8,pressure,1464757694000000000,1464757695000000000,Barometer Sensor,1007.3816,1464757694431700417
0,crowdsignals.algosnap.com,1.0(1),352622063881655,smartphone,-8,pressure,1464757694000000000,1464757695000000000,Barometer Sensor,1007.4275,1464757694610014999
0,crowdsignals.algosnap.com,1.0(1),352622063881655,smartphone,-8,pressure,1464757694000000000,1464757695000000000,Barometer Sensor,1007.45264,1464757694788719583
0,crowdsignals.algosnap.com,1.0(1),352622063881655,smartphone,-8,pressure,1464757694000000000,1464757695000000000,Barometer Sensor,1007.59717,1464757694965192917
0,crowdsignals.algosnap.com,1.0(1),352622063881655,smartphone,-8,pressure,1464757695000000000,1464757696000000000,Barometer Sensor,1007.3579,1464757695322337292
0,crowdsignals.algosnap.com,1.0(1),352622063881655,smartphone,-8,pressure,1464757695000000000,1464757696000000000,Barometer Sensor,1007.47437,1464757695499646822
0,crowdsignals.algosnap.com,1.0(1),352622063881655,smartphone,-8,pressure,1464757695000000000,1464757696000000000,Barometer Sensor,1007.3821,1464757695677945417
0,crowdsignals.algosnap.com,1.0(1),352622063881655,smartphone,-8,pressure,1464757695000000000,1464757696000000000,Barometer Sensor,1007.375,1464757695856125834
0,crowdsignals.algosnap.com,1.0(1),352622063881655,smartphone,-8,pressure,1464757696000000000,1464757697000000000,Barometer Sensor,1007.4082,1464757696212138229
0,crowdsignals.algosnap.com,1.0(1),352622063881655,smartphone,-8,pressure,1464757696000000000,1464757697000000000,Barometer Sensor,1007.5652,1464757696388705052
0,crowdsignals.algosnap.com,1.0(1),352622063881655,smartphone,-8,pressure,1464757696000000000,1464757697000000000,Barometer Sensor,1007.3972,1464757696567681041
0,crowdsignals.algosnap.com,1.0(1),352622063881655,smartphone,-8,pressure,1464757696000000000,1464757697000000000,Barometer Sensor,1007.42114,1464757696745170729
0,crowdsignals.algosnap.com,1.0(1),352622063881655,smartphone,-8,pressure,1464757696000000000,1464757697000000000,Barometer Sensor,1007.41406,1464757696923343229
