user_id,sw_name,sw_version,device_id,device_type,timezone,type,start,end,calories,timestamps
0,crowdsignals.algosnap.com,1.0(1),352622063881655,smartphone,-8,msBandCalories,1464757635000000000,1464757636000000000,43983,1464757635319000000
0,crowdsignals.algosnap.com,1.0(1),352622063881655,smartphone,-8,msBandCalories,1464757636000000000,1464757637000000000,43983,1464757636322000000
0,crowdsignals.algosnap.com,1.0(1),352622063881655,smartphone,-8,msBandCalories,1464757637000000000,1464757638000000000,43983,1464757637371000000
0,crowdsignals.algosnap.com,1.0(1),352622063881655,smartphone,-8,msBandCalories,1464757638000000000,1464757639000000000,43983,1464757638422000000
0,crowdsignals.algosnap.com,1.0(1),352622063881655,smartphone,-8,msBandCalories,1464757639000000000,1464757640000000000,43983,1464757639414000000
0,crowdsignals.algosnap.com,1.0(1),352622063881655,smartphone,-8,msBandCalories,1464757640000000000,1464757641000000000,43983,1464757640442000000
0,crowdsignals.algosnap.com,1.0(1),352622063881655,smartphone,-8,msBandCalories,1464757641000000000,1464757642000000000,43983,1464757641467000000
0,crowdsignals.algosnap.com,1.0(1),352622063881655,smartphone,-8,msBandCalories,1464757642000000000,1464757643000000000,43983,1464757642480000000
0,crowdsignals.algosnap.com,1.0(1),352622063881655,smartphone,-8,msBandCalories,1464757643000000000,1464757644000000000,43983,1464757643507000000
0,crowdsignals.algosnap.com,1.0(1),352622063881655,smartphone,-8,msBandCalories,1464757644000000000,1464757645000000000,43983,1464757644530000000
0,crowdsignals.algosnap.com,1.0(1),352622063881655,smartphone,-8,msBandCalories,1464757645000000000,1464757646000000000,43983,1464757645553000000
0,crowdsignals.algosnap.com,1.0(1),352622063881655,smartphone,-8,msBandCalories,1464757646000000000,1464757647000000000,43983,1464757646582000000
0,crowdsignals.algosnap.com,1.0(1),352622063881655,smartphone,-8,msBandCalories,1464757647000000000,1464757648000000000,43983,1464757647609000000
0,crowdsignals.algosnap.com,1.0(1),352622063881655,smartphone,-8,msBandCalories,1464757648000000000,1464757649000000000,43983,1464757648626000000
0,crowdsignals.algosnap.com,1.0(1),352622063881655,smartphone,-8,msBandCalories,1464757649000000000,1464757650000000000,43983,1464757649654000000
0,crowdsignals.algosnap.com,1.0(1),352622063881655,smartphone,-8,msBandCalories,1464757650000000000,1464757651000000000,43983,1464757650679000000
0,crowdsignals.algosnap.com,1.0(1),352622063881655,smartphone,-8,msBandCalories,1464757651000000000,1464757652000000000,43983,1464757651681000000
0,crowdsignals.algosnap.com,1.0(1),352622063881655,smartphone,-8,msBandCalories,1464757652000000000,1464757653000000000,43983,1464757652712000000
0,crowdsignals.algosnap.com,1.0(1),352622063881655,smartphone,-8,msBandCalories,1464757653000000000,1464757654000000000,43983,1464757653746000000
0,crowdsignals.algosnap.com,1.0(1),352622063881655,smartphone,-8,msBandCalories,1464757654000000000,1464757655000000000,43983,1464757654771000000
0,crowdsignals.algosnap.com,1.0(1),352622063881655,smartphone,-8,msBandCalories,1464757655000000000,1464757656000000000,43983,1464757655813000000
0,crowdsignals.algosnap.com,1.0(1),352622063881655,smartphone,-8,msBandCalories,1464757656000000000,1464757657000000000,43983,1464757656828000000
0,crowdsignals.algosnap.com,1.0(1),352622063881655,smartphone,-8,msBandCalories,1464757657000000000,1464757658000000000,43983,1464757657834000000
0,crowdsignals.algosnap.com,1.0(1),352622063881655,smartphone,-8,msBandCalories,1464757658000000000,1464757659000000000,43984,1464757658868000000
0,crowdsignals.algosnap.com,1.0(1),352622063881655,smartphone,-8,msBandCalories,1464757659000000000,1464757660000000000,43984,1464757659896000000
0,crowdsignals.algosnap.com,1.0(1),352622063881655,smartphone,-8,msBandCalories,1464757660000000000,1464757661000000000,43984,1464757660915000000
0,crowdsignals.algosnap.com,1.0(1),352622063881655,smartphone,-8,msBandCalories,1464757661000000000,1464757662000000000,43984,1464757661944000000
0,crowdsignals.algosnap.com,1.0(1),352622063881655,smartphone,-8,msBandCalories,1464757662000000000,1464757663000000000,43984,1464757662985000000
0,crowdsignals.algosnap.com,1.0(1),352622063881655,smartphone,-8,msBandCalories,1464757663000000000,1464757664000000000,43984,1464757663987000000
0,crowdsignals.algosnap.com,1.0(1),352622063881655,smartphone,-8,msBandCalories,1464757665000000000,1464757666000000000,43984,1464757665021000000
0,crowdsignals.algosnap.com,1.0(1),352622063881655,smartphone,-8,msBandCalories,1464757666000000000,1464757667000000000,43984,1464757666043000000
0,crowdsignals.algosnap.com,1.0(1),352622063881655,smartphone,-8,msBandCalories,1464757667000000000,1464757668000000000,43984,1464757667053000000
0,crowdsignals.algosnap.com,1.0(1),352622063881655,smartphone,-8,msBandCalories,1464757668000000000,1464757669000000000,43984,1464757668080000000
0,crowdsignals.algosnap.com,1.0(1),352622063881655,smartphone,-8,msBandCalories,1464757669000000000,1464757670000000000,43984,1464757669115000000
0,crowdsignals.algosnap.com,1.0(1),352622063881655,smartphone,-8,msBandCalories,1464757670000000000,1464757671000000000,43984,1464757670129000000
0,crowdsignals.algosnap.com,1.0(1),352622063881655,smartphone,-8,msBandCalories,1464757671000000000,1464757672000000000,43984,1464757671166000000
0,crowdsignals.algosnap.com,1.0(1),352622063881655,smartphone,-8,msBandCalories,1464757672000000000,1464757673000000000,43984,1464757672198000000
0,crowdsignals.algosnap.com,1.0(1),352622063881655,smartphone,-8,msBandCalories,1464757673000000000,1464757674000000000,43984,1464757673201000000
0,crowdsignals.algosnap.com,1.0(1),352622063881655,smartphone,-8,msBandCalories,1464757674000000000,1464757675000000000,43984,1464757674234000000
0,crowdsignals.algosnap.com,1.0(1),352622063881655,smartphone,-8,msBandCalories,1464757675000000000,1464757676000000000,43984,1464757675269000000
0,crowdsignals.algosnap.com,1.0(1),352622063881655,smartphone,-8,msBandCalories,1464757676000000000,1464757677000000000,43984,1464757676266000000
0,crowdsignals.algosnap.com,1.0(1),352622063881655,smartphone,-8,msBandCalories,1464757677000000000,1464757678000000000,43984,1464757677309000000
0,crowdsignals.algosnap.com,1.0(1),352622063881655,smartphone,-8,msBandCalories,1464757678000000000,1464757679000000000,43984,1464757678334000000
0,crowdsignals.algosnap.com,1.0(1),352622063881655,smartphone,-8,msBandCalories,1464757679000000000,1464757680000000000,43984,1464757679347000000
0,crowdsignals.algosnap.com,1.0(1),352622063881655,smartphone,-8,msBandCalories,1464757680000000000,1464757681000000000,43984,1464757680364000000
0,crowdsignals.algosnap.com,1.0(1),352622063881655,smartphone,-8,msBandCalories,1464757681000000000,1464757682000000000,43984,1464757681397000000
0,crowdsignals.algosnap.com,1.0(1),352622063881655,smartphone,-8,msBandCalories,1464757682000000000,1464757683000000000,43984,1464757682428000000
0,crowdsignals.algosnap.com,1.0(1),352622063881655,smartphone,-8,msBandCalories,1464757683000000000,1464757684000000000,43984,1464757683460000000
0,crowdsignals.algosnap.com,1.0(1),352622063881655,smartphone,-8,msBandCalories,1464757684000000000,1464757685000000000,43984,1464757684471000000
0,crowdsignals.algosnap.com,1.0(1),352622063881655,smartphone,-8,msBandCalories,1464757685000000000,1464757686000000000,43984,1464757685495000000
0,crowdsignals.algosnap.com,1.0(1),352622063881655,smartphone,-8,msBandCalories,1464757686000000000,1464757687000000000,43984,1464757686510000000
0,crowdsignals.algosnap.com,1.0(1),352622063881655,smartphone,-8,msBandCalories,1464757687000000000,1464757688000000000,43984,1464757687556000000
0,crowdsignals.algosnap.com,1.0(1),352622063881655,smartphone,-8,msBandCalories,1464757688000000000,1464757689000000000,43984,1464757688562000000
0,crowdsignals.algosnap.com,1.0(1),352622063881655,smartphone,-8,msBandCalories,1464757689000000000,1464757690000000000,43984,1464757689587000000
0,crowdsignals.algosnap.com,1.0(1),352622063881655,smartphone,-8,msBandCalories,1464757690000000000,1464757691000000000,43984,1464757690612000000
0,crowdsignals.algosnap.com,1.0(1),352622063881655,smartphone,-8,msBandCalories,1464757691000000000,1464757692000000000,43984,1464757691637000000
0,crowdsignals.algosnap.com,1.0(1),352622063881655,smartphone,-8,msBandCalories,1464757692000000000,1464757693000000000,43984,1464757692665000000
0,crowdsignals.algosnap.com,1.0(1),352622063881655,smartphone,-8,msBandCalories,1464757693000000000,1464757694000000000,43984,1464757693699000000
0,crowdsignals.algosnap.com,1.0(1),352622063881655,smartphone,-8,msBandCalories,1464757694000000000,1464757695000000000,43984,1464757694706000000
0,crowdsignals.algosnap.com,1.0(1),352622063881655,smartphone,-8,msBandCalories,1464757695000000000,1464757696000000000,43984,1464757695724000000
0,crowdsignals.algosnap.com,1.0(1),352622063881655,smartphone,-8,msBandCalories,1464757696000000000,1464757697000000000,43984,1464757696751000000
