user_id,sw_name,sw_version,device_id,device_type,timezone,type,start,end,lux,timestamps
0,crowdsignals.algosnap.com,1.0(1),352622063881655,smartphone,-8,msBandAmbientLight,1464757513000000000,1464757514000000000,9,1464757513359000000
0,crowdsignals.algosnap.com,1.0(1),352622063881655,smartphone,-8,msBandAmbientLight,1464757513000000000,1464757514000000000,5,1464757513850000000
0,crowdsignals.algosnap.com,1.0(1),352622063881655,smartphone,-8,msBandAmbientLight,1464757514000000000,1464757515000000000,10,1464757514348000000
0,crowdsignals.algosnap.com,1.0(1),352622063881655,smartphone,-8,msBandAmbientLight,1464757514000000000,1464757515000000000,0,1464757514853000000
0,crowdsignals.algosnap.com,1.0(1),352622063881655,smartphone,-8,msBandAmbientLight,1464757515000000000,1464757516000000000,0,1464757515355000000
0,crowdsignals.algosnap.com,1.0(1),352622063881655,smartphone,-8,msBandAmbientLight,1464757515000000000,1464757516000000000,0,1464757515864000000
0,crowdsignals.algosnap.com,1.0(1),352622063881655,smartphone,-8,msBandAmbientLight,1464757516000000000,1464757517000000000,0,1464757516364000000
0,crowdsignals.algosnap.com,1.0(1),352622063881655,smartphone,-8,msBandAmbientLight,1464757516000000000,1464757517000000000,0,1464757516854000000
0,crowdsignals.algosnap.com,1.0(1),352622063881655,smartphone,-8,msBandAmbientLight,1464757517000000000,1464757518000000000,0,1464757517348000000
0,crowdsignals.algosnap.com,1.0(1),352622063881655,smartphone,-8,msBandAmbientLight,1464757517000000000,1464757518000000000,1,1464757517849000000
0,crowdsignals.algosnap.com,1.0(1),352622063881655,smartphone,-8,msBandAmbientLight,1464757518000000000,1464757519000000000,1,1464757518359000000
0,crowdsignals.algosnap.com,1.0(1),352622063881655,smartphone,-8,msBandAmbientLight,1464757518000000000,1464757519000000000,6,1464757518849000000
0,crowdsignals.algosnap.com,1.0(1),352622063881655,smartphone,-8,msBandAmbientLight,1464757519000000000,1464757520000000000,3,1464757519349000000
0,crowdsignals.algosnap.com,1.0(1),352622063881655,smartphone,-8,msBandAmbientLight,1464757519000000000,1464757520000000000,1,1464757519855000000
0,crowdsignals.algosnap.com,1.0(1),352622063881655,smartphone,-8,msBandAmbientLight,1464757520000000000,1464757521000000000,0,1464757520354000000
0,crowdsignals.algosnap.com,1.0(1),352622063881655,smartphone,-8,msBandAmbientLight,1464757520000000000,1464757521000000000,0,1464757520859000000
0,crowdsignals.algosnap.com,1.0(1),352622063881655,smartphone,-8,msBandAmbientLight,1464757521000000000,1464757522000000000,0,1464757521346000000
0,crowdsignals.algosnap.com,1.0(1),352622063881655,smartphone,-8,msBandAmbientLight,1464757521000000000,1464757522000000000,0,1464757521844000000
0,crowdsignals.algosnap.com,1.0(1),352622063881655,smartphone,-8,msBandAmbientLight,1464757522000000000,1464757523000000000,0,1464757522356000000
0,crowdsignals.algosnap.com,1.0(1),352622063881655,smartphone,-8,msBandAmbientLight,1464757522000000000,1464757523000000000,0,1464757522861000000
0,crowdsignals.algosnap.com,1.0(1),352622063881655,smartphone,-8,msBandAmbientLight,1464757523000000000,1464757524000000000,0,1464757523348000000
0,crowdsignals.algosnap.com,1.0(1),352622063881655,smartphone,-8,msBandAmbientLight,1464757523000000000,1464757524000000000,1,1464757523859000000
0,crowdsignals.algosnap.com,1.0(1),352622063881655,smartphone,-8,msBandAmbientLight,1464757524000000000,1464757525000000000,6,1464757524365000000
0,crowdsignals.algosnap.com,1.0(1),352622063881655,smartphone,-8,msBandAmbientLight,1464757524000000000,1464757525000000000,5,1464757524848000000
0,crowdsignals.algosnap.com,1.0(1),352622063881655,smartphone,-8,msBandAmbientLight,1464757525000000000,1464757526000000000,9,1464757525362000000
0,crowdsignals.algosnap.com,1.0(1),352622063881655,smartphone,-8,msBandAmbientLight,1464757525000000000,1464757526000000000,1,1464757525868000000
0,crowdsignals.algosnap.com,1.0(1),352622063881655,smartphone,-8,msBandAmbientLight,1464757526000000000,1464757527000000000,0,1464757526348000000
0,crowdsignals.algosnap.com,1.0(1),352622063881655,smartphone,-8,msBandAmbientLight,1464757526000000000,1464757527000000000,0,1464757526850000000
0,crowdsignals.algosnap.com,1.0(1),352622063881655,smartphone,-8,msBandAmbientLight,1464757527000000000,1464757528000000000,0,1464757527356000000
0,crowdsignals.algosnap.com,1.0(1),352622063881655,smartphone,-8,msBandAmbientLight,1464757527000000000,1464757528000000000,1,1464757527846000000
0,crowdsignals.algosnap.com,1.0(1),352622063881655,smartphone,-8,msBandAmbientLight,1464757528000000000,1464757529000000000,1,1464757528359000000
0,crowdsignals.algosnap.com,1.0(1),352622063881655,smartphone,-8,msBandAmbientLight,1464757528000000000,1464757529000000000,1,1464757528854000000
0,crowdsignals.algosnap.com,1.0(1),352622063881655,smartphone,-8,msBandAmbientLight,1464757529000000000,1464757530000000000,1,1464757529358000000
0,crowdsignals.algosnap.com,1.0(1),352622063881655,smartphone,-8,msBandAmbientLight,1464757529000000000,1464757530000000000,1,1464757529866000000
0,crowdsignals.algosnap.com,1.0(1),352622063881655,smartphone,-8,msBandAmbientLight,1464757530000000000,1464757531000000000,0,1464757530362000000
0,crowdsignals.algosnap.com,1.0(1),352622063881655,smartphone,-8,msBandAmbientLight,1464757530000000000,1464757531000000000,1,1464757530868000000
0,crowdsignals.algosnap.com,1.0(1),352622063881655,smartphone,-8,msBandAmbientLight,1464757531000000000,1464757532000000000,1,1464757531346000000
0,crowdsignals.algosnap.com,1.0(1),352622063881655,smartphone,-8,msBandAmbientLight,1464757531000000000,1464757532000000000,1,1464757531860000000
0,crowdsignals.algosnap.com,1.0(1),352622063881655,smartphone,-8,msBandAmbientLight,1464757532000000000,1464757533000000000,7,1464757532364000000
0,crowdsignals.algosnap.com,1.0(1),352622063881655,smartphone,-8,msBandAmbientLight,1464757532000000000,1464757533000000000,7,1464757532869000000
0,crowdsignals.algosnap.com,1.0(1),352622063881655,smartphone,-8,msBandAmbientLight,1464757533000000000,1464757534000000000,8,1464757533346000000
0,crowdsignals.algosnap.com,1.0(1),352622063881655,smartphone,-8,msBandAmbientLight,1464757533000000000,1464757534000000000,2,1464757533859000000
0,crowdsignals.algosnap.com,1.0(1),352622063881655,smartphone,-8,msBandAmbientLight,1464757534000000000,1464757535000000000,2,1464757534362000000
0,crowdsignals.algosnap.com,1.0(1),352622063881655,smartphone,-8,msBandAmbientLight,1464757534000000000,1464757535000000000,1,1464757534865000000
0,crowdsignals.algosnap.com,1.0(1),352622063881655,smartphone,-8,msBandAmbientLight,1464757535000000000,1464757536000000000,2,1464757535346000000
0,crowdsignals.algosnap.com,1.0(1),352622063881655,smartphone,-8,msBandAmbientLight,1464757535000000000,1464757536000000000,2,1464757535848000000
0,crowdsignals.algosnap.com,1.0(1),352622063881655,smartphone,-8,msBandAmbientLight,1464757536000000000,1464757537000000000,1,1464757536357000000
0,crowdsignals.algosnap.com,1.0(1),352622063881655,smartphone,-8,msBandAmbientLight,1464757536000000000,1464757537000000000,1,1464757536870000000
0,crowdsignals.algosnap.com,1.0(1),352622063881655,smartphone,-8,msBandAmbientLight,1464757537000000000,1464757538000000000,0,1464757537356000000
0,crowdsignals.algosnap.com,1.0(1),352622063881655,smartphone,-8,msBandAmbientLight,1464757537000000000,1464757538000000000,2,1464757537855000000
0,crowdsignals.algosnap.com,1.0(1),352622063881655,smartphone,-8,msBandAmbientLight,1464757538000000000,1464757539000000000,8,1464757538353000000
0,crowdsignals.algosnap.com,1.0(1),352622063881655,smartphone,-8,msBandAmbientLight,1464757538000000000,1464757539000000000,10,1464757538866000000
0,crowdsignals.algosnap.com,1.0(1),352622063881655,smartphone,-8,msBandAmbientLight,1464757539000000000,1464757540000000000,10,1464757539355000000
0,crowdsignals.algosnap.com,1.0(1),352622063881655,smartphone,-8,msBandAmbientLight,1464757539000000000,1464757540000000000,9,1464757539858000000
0,crowdsignals.algosnap.com,1.0(1),352622063881655,smartphone,-8,msBandAmbientLight,1464757540000000000,1464757541000000000,9,1464757540367000000
0,crowdsignals.algosnap.com,1.0(1),352622063881655,smartphone,-8,msBandAmbientLight,1464757540000000000,1464757541000000000,9,1464757540863000000
0,crowdsignals.algosnap.com,1.0(1),352622063881655,smartphone,-8,msBandAmbientLight,1464757541000000000,1464757542000000000,10,1464757541362000000
0,crowdsignals.algosnap.com,1.0(1),352622063881655,smartphone,-8,msBandAmbientLight,1464757541000000000,1464757542000000000,4,1464757541858000000
0,crowdsignals.algosnap.com,1.0(1),352622063881655,smartphone,-8,msBandAmbientLight,1464757542000000000,1464757543000000000,1,1464757542351000000
0,crowdsignals.algosnap.com,1.0(1),352622063881655,smartphone,-8,msBandAmbientLight,1464757542000000000,1464757543000000000,1,1464757542869000000
0,crowdsignals.algosnap.com,1.0(1),352622063881655,smartphone,-8,msBandAmbientLight,1464757543000000000,1464757544000000000,0,1464757543366000000
0,crowdsignals.algosnap.com,1.0(1),352622063881655,smartphone,-8,msBandAmbientLight,1464757543000000000,1464757544000000000,1,1464757543859000000
0,crowdsignals.algosnap.com,1.0(1),352622063881655,smartphone,-8,msBandAmbientLight,1464757544000000000,1464757545000000000,0,1464757544368000000
0,crowdsignals.algosnap.com,1.0(1),352622063881655,smartphone,-8,msBandAmbientLight,1464757544000000000,1464757545000000000,1,1464757544846000000
0,crowdsignals.algosnap.com,1.0(1),352622063881655,smartphone,-8,msBandAmbientLight,1464757545000000000,1464757546000000000,1,1464757545366000000
0,crowdsignals.algosnap.com,1.0(1),352622063881655,smartphone,-8,msBandAmbientLight,1464757545000000000,1464757546000000000,1,1464757545857000000
0,crowdsignals.algosnap.com,1.0(1),352622063881655,smartphone,-8,msBandAmbientLight,1464757546000000000,1464757547000000000,4,1464757546389000000
0,crowdsignals.algosnap.com,1.0(1),352622063881655,smartphone,-8,msBandAmbientLight,1464757546000000000,1464757547000000000,10,1464757546851000000
0,crowdsignals.algosnap.com,1.0(1),352622063881655,smartphone,-8,msBandAmbientLight,1464757547000000000,1464757548000000000,9,1464757547371000000
0,crowdsignals.algosnap.com,1.0(1),352622063881655,smartphone,-8,msBandAmbientLight,1464757547000000000,1464757548000000000,9,1464757547856000000
0,crowdsignals.algosnap.com,1.0(1),352622063881655,smartphone,-8,msBandAmbientLight,1464757548000000000,1464757549000000000,11,1464757548348000000
0,crowdsignals.algosnap.com,1.0(1),352622063881655,smartphone,-8,msBandAmbientLight,1464757548000000000,1464757549000000000,11,1464757548870000000
0,crowdsignals.algosnap.com,1.0(1),352622063881655,smartphone,-8,msBandAmbientLight,1464757549000000000,1464757550000000000,7,1464757549369000000
0,crowdsignals.algosnap.com,1.0(1),352622063881655,smartphone,-8,msBandAmbientLight,1464757549000000000,1464757550000000000,1,1464757549856000000
0,crowdsignals.algosnap.com,1.0(1),352622063881655,smartphone,-8,msBandAmbientLight,1464757550000000000,1464757551000000000,1,1464757550369000000
0,crowdsignals.algosnap.com,1.0(1),352622063881655,smartphone,-8,msBandAmbientLight,1464757550000000000,1464757551000000000,1,1464757550870000000
0,crowdsignals.algosnap.com,1.0(1),352622063881655,smartphone,-8,msBandAmbientLight,1464757551000000000,1464757552000000000,2,1464757551360000000
0,crowdsignals.algosnap.com,1.0(1),352622063881655,smartphone,-8,msBandAmbientLight,1464757551000000000,1464757552000000000,1,1464757551862000000
0,crowdsignals.algosnap.com,1.0(1),352622063881655,smartphone,-8,msBandAmbientLight,1464757552000000000,1464757553000000000,0,1464757552354000000
0,crowdsignals.algosnap.com,1.0(1),352622063881655,smartphone,-8,msBandAmbientLight,1464757552000000000,1464757553000000000,1,1464757552867000000
0,crowdsignals.algosnap.com,1.0(1),352622063881655,smartphone,-8,msBandAmbientLight,1464757553000000000,1464757554000000000,5,1464757553362000000
0,crowdsignals.algosnap.com,1.0(1),352622063881655,smartphone,-8,msBandAmbientLight,1464757553000000000,1464757554000000000,6,1464757553849000000
0,crowdsignals.algosnap.com,1.0(1),352622063881655,smartphone,-8,msBandAmbientLight,1464757554000000000,1464757555000000000,1,1464757554368000000
0,crowdsignals.algosnap.com,1.0(1),352622063881655,smartphone,-8,msBandAmbientLight,1464757554000000000,1464757555000000000,0,1464757554865000000
0,crowdsignals.algosnap.com,1.0(1),352622063881655,smartphone,-8,msBandAmbientLight,1464757555000000000,1464757556000000000,0,1464757555349000000
0,crowdsignals.algosnap.com,1.0(1),352622063881655,smartphone,-8,msBandAmbientLight,1464757555000000000,1464757556000000000,0,1464757555871000000
0,crowdsignals.algosnap.com,1.0(1),352622063881655,smartphone,-8,msBandAmbientLight,1464757556000000000,1464757557000000000,6,1464757556351000000
0,crowdsignals.algosnap.com,1.0(1),352622063881655,smartphone,-8,msBandAmbientLight,1464757556000000000,1464757557000000000,5,1464757556872000000
0,crowdsignals.algosnap.com,1.0(1),352622063881655,smartphone,-8,msBandAmbientLight,1464757557000000000,1464757558000000000,4,1464757557356000000
0,crowdsignals.algosnap.com,1.0(1),352622063881655,smartphone,-8,msBandAmbientLight,1464757557000000000,1464757558000000000,8,1464757557855000000
0,crowdsignals.algosnap.com,1.0(1),352622063881655,smartphone,-8,msBandAmbientLight,1464757558000000000,1464757559000000000,14,1464757558359000000
0,crowdsignals.algosnap.com,1.0(1),352622063881655,smartphone,-8,msBandAmbientLight,1464757558000000000,1464757559000000000,15,1464757558872000000
0,crowdsignals.algosnap.com,1.0(1),352622063881655,smartphone,-8,msBandAmbientLight,1464757559000000000,1464757560000000000,13,1464757559350000000
0,crowdsignals.algosnap.com,1.0(1),352622063881655,smartphone,-8,msBandAmbientLight,1464757559000000000,1464757560000000000,14,1464757559853000000
0,crowdsignals.algosnap.com,1.0(1),352622063881655,smartphone,-8,msBandAmbientLight,1464757560000000000,1464757561000000000,11,1464757560372000000
0,crowdsignals.algosnap.com,1.0(1),352622063881655,smartphone,-8,msBandAmbientLight,1464757560000000000,1464757561000000000,9,1464757560859000000
0,crowdsignals.algosnap.com,1.0(1),352622063881655,smartphone,-8,msBandAmbientLight,1464757561000000000,1464757562000000000,15,1464757561367000000
0,crowdsignals.algosnap.com,1.0(1),352622063881655,smartphone,-8,msBandAmbientLight,1464757561000000000,1464757562000000000,13,1464757561860000000
0,crowdsignals.algosnap.com,1.0(1),352622063881655,smartphone,-8,msBandAmbientLight,1464757562000000000,1464757563000000000,5,1464757562370000000
0,crowdsignals.algosnap.com,1.0(1),352622063881655,smartphone,-8,msBandAmbientLight,1464757562000000000,1464757563000000000,15,1464757562866000000
0,crowdsignals.algosnap.com,1.0(1),352622063881655,smartphone,-8,msBandAmbientLight,1464757563000000000,1464757564000000000,12,1464757563367000000
0,crowdsignals.algosnap.com,1.0(1),352622063881655,smartphone,-8,msBandAmbientLight,1464757563000000000,1464757564000000000,6,1464757563857000000
0,crowdsignals.algosnap.com,1.0(1),352622063881655,smartphone,-8,msBandAmbientLight,1464757564000000000,1464757565000000000,14,1464757564362000000
0,crowdsignals.algosnap.com,1.0(1),352622063881655,smartphone,-8,msBandAmbientLight,1464757564000000000,1464757565000000000,10,1464757564873000000
0,crowdsignals.algosnap.com,1.0(1),352622063881655,smartphone,-8,msBandAmbientLight,1464757565000000000,1464757566000000000,12,1464757565374000000
0,crowdsignals.algosnap.com,1.0(1),352622063881655,smartphone,-8,msBandAmbientLight,1464757565000000000,1464757566000000000,1,1464757565873000000
0,crowdsignals.algosnap.com,1.0(1),352622063881655,smartphone,-8,msBandAmbientLight,1464757566000000000,1464757567000000000,7,1464757566367000000
0,crowdsignals.algosnap.com,1.0(1),352622063881655,smartphone,-8,msBandAmbientLight,1464757566000000000,1464757567000000000,0,1464757566872000000
0,crowdsignals.algosnap.com,1.0(1),352622063881655,smartphone,-8,msBandAmbientLight,1464757567000000000,1464757568000000000,0,1464757567359000000
0,crowdsignals.algosnap.com,1.0(1),352622063881655,smartphone,-8,msBandAmbientLight,1464757567000000000,1464757568000000000,0,1464757567864000000
0,crowdsignals.algosnap.com,1.0(1),352622063881655,smartphone,-8,msBandAmbientLight,1464757568000000000,1464757569000000000,0,1464757568369000000
0,crowdsignals.algosnap.com,1.0(1),352622063881655,smartphone,-8,msBandAmbientLight,1464757568000000000,1464757569000000000,0,1464757568873000000
0,crowdsignals.algosnap.com,1.0(1),352622063881655,smartphone,-8,msBandAmbientLight,1464757569000000000,1464757570000000000,0,1464757569375000000
0,crowdsignals.algosnap.com,1.0(1),352622063881655,smartphone,-8,msBandAmbientLight,1464757569000000000,1464757570000000000,0,1464757569853000000
0,crowdsignals.algosnap.com,1.0(1),352622063881655,smartphone,-8,msBandAmbientLight,1464757570000000000,1464757571000000000,0,1464757570382000000
0,crowdsignals.algosnap.com,1.0(1),352622063881655,smartphone,-8,msBandAmbientLight,1464757570000000000,1464757571000000000,0,1464757570859000000
0,crowdsignals.algosnap.com,1.0(1),352622063881655,smartphone,-8,msBandAmbientLight,1464757571000000000,1464757572000000000,0,1464757571366000000
0,crowdsignals.algosnap.com,1.0(1),352622063881655,smartphone,-8,msBandAmbientLight,1464757571000000000,1464757572000000000,0,1464757571854000000
0,crowdsignals.algosnap.com,1.0(1),352622063881655,smartphone,-8,msBandAmbientLight,1464757572000000000,1464757573000000000,0,1464757572373000000
0,crowdsignals.algosnap.com,1.0(1),352622063881655,smartphone,-8,msBandAmbientLight,1464757572000000000,1464757573000000000,0,1464757572865000000
0,crowdsignals.algosnap.com,1.0(1),352622063881655,smartphone,-8,msBandAmbientLight,1464757573000000000,1464757574000000000,1,1464757573355000000
0,crowdsignals.algosnap.com,1.0(1),352622063881655,smartphone,-8,msBandAmbientLight,1464757573000000000,1464757574000000000,0,1464757573852000000
0,crowdsignals.algosnap.com,1.0(1),352622063881655,smartphone,-8,msBandAmbientLight,1464757574000000000,1464757575000000000,1,1464757574388000000
0,crowdsignals.algosnap.com,1.0(1),352622063881655,smartphone,-8,msBandAmbientLight,1464757574000000000,1464757575000000000,1,1464757574863000000
0,crowdsignals.algosnap.com,1.0(1),352622063881655,smartphone,-8,msBandAmbientLight,1464757575000000000,1464757576000000000,0,1464757575359000000
0,crowdsignals.algosnap.com,1.0(1),352622063881655,smartphone,-8,msBandAmbientLight,1464757575000000000,1464757576000000000,1,1464757575870000000
0,crowdsignals.algosnap.com,1.0(1),352622063881655,smartphone,-8,msBandAmbientLight,1464757576000000000,1464757577000000000,1,1464757576371000000
0,crowdsignals.algosnap.com,1.0(1),352622063881655,smartphone,-8,msBandAmbientLight,1464757576000000000,1464757577000000000,1,1464757576865000000
0,crowdsignals.algosnap.com,1.0(1),352622063881655,smartphone,-8,msBandAmbientLight,1464757577000000000,1464757578000000000,0,1464757577357000000
0,crowdsignals.algosnap.com,1.0(1),352622063881655,smartphone,-8,msBandAmbientLight,1464757577000000000,1464757578000000000,0,1464757577855000000
0,crowdsignals.algosnap.com,1.0(1),352622063881655,smartphone,-8,msBandAmbientLight,1464757578000000000,1464757579000000000,2,1464757578365000000
0,crowdsignals.algosnap.com,1.0(1),352622063881655,smartphone,-8,msBandAmbientLight,1464757578000000000,1464757579000000000,2,1464757578871000000
0,crowdsignals.algosnap.com,1.0(1),352622063881655,smartphone,-8,msBandAmbientLight,1464757579000000000,1464757580000000000,0,1464757579364000000
0,crowdsignals.algosnap.com,1.0(1),352622063881655,smartphone,-8,msBandAmbientLight,1464757579000000000,1464757580000000000,0,1464757579865000000
0,crowdsignals.algosnap.com,1.0(1),352622063881655,smartphone,-8,msBandAmbientLight,1464757580000000000,1464757581000000000,0,1464757580370000000
0,crowdsignals.algosnap.com,1.0(1),352622063881655,smartphone,-8,msBandAmbientLight,1464757580000000000,1464757581000000000,0,1464757580870000000
0,crowdsignals.algosnap.com,1.0(1),352622063881655,smartphone,-8,msBandAmbientLight,1464757581000000000,1464757582000000000,3,1464757581364000000
0,crowdsignals.algosnap.com,1.0(1),352622063881655,smartphone,-8,msBandAmbientLight,1464757581000000000,1464757582000000000,1,1464757581870000000
0,crowdsignals.algosnap.com,1.0(1),352622063881655,smartphone,-8,msBandAmbientLight,1464757582000000000,1464757583000000000,1,1464757582352000000
0,crowdsignals.algosnap.com,1.0(1),352622063881655,smartphone,-8,msBandAmbientLight,1464757582000000000,1464757583000000000,1,1464757582873000000
0,crowdsignals.algosnap.com,1.0(1),352622063881655,smartphone,-8,msBandAmbientLight,1464757583000000000,1464757584000000000,1,1464757583361000000
0,crowdsignals.algosnap.com,1.0(1),352622063881655,smartphone,-8,msBandAmbientLight,1464757583000000000,1464757584000000000,0,1464757583864000000
0,crowdsignals.algosnap.com,1.0(1),352622063881655,smartphone,-8,msBandAmbientLight,1464757584000000000,1464757585000000000,1,1464757584411000000
0,crowdsignals.algosnap.com,1.0(1),352622063881655,smartphone,-8,msBandAmbientLight,1464757584000000000,1464757585000000000,1,1464757584868000000
0,crowdsignals.algosnap.com,1.0(1),352622063881655,smartphone,-8,msBandAmbientLight,1464757585000000000,1464757586000000000,1,1464757585409000000
0,crowdsignals.algosnap.com,1.0(1),352622063881655,smartphone,-8,msBandAmbientLight,1464757585000000000,1464757586000000000,2,1464757585882000000
0,crowdsignals.algosnap.com,1.0(1),352622063881655,smartphone,-8,msBandAmbientLight,1464757586000000000,1464757587000000000,1,1464757586362000000
0,crowdsignals.algosnap.com,1.0(1),352622063881655,smartphone,-8,msBandAmbientLight,1464757586000000000,1464757587000000000,3,1464757586904000000
0,crowdsignals.algosnap.com,1.0(1),352622063881655,smartphone,-8,msBandAmbientLight,1464757587000000000,1464757588000000000,0,1464757587377000000
0,crowdsignals.algosnap.com,1.0(1),352622063881655,smartphone,-8,msBandAmbientLight,1464757587000000000,1464757588000000000,1,1464757587855000000
0,crowdsignals.algosnap.com,1.0(1),352622063881655,smartphone,-8,msBandAmbientLight,1464757588000000000,1464757589000000000,8,1464757588413000000
0,crowdsignals.algosnap.com,1.0(1),352622063881655,smartphone,-8,msBandAmbientLight,1464757588000000000,1464757589000000000,1,1464757588908000000
0,crowdsignals.algosnap.com,1.0(1),352622063881655,smartphone,-8,msBandAmbientLight,1464757589000000000,1464757590000000000,0,1464757589367000000
0,crowdsignals.algosnap.com,1.0(1),352622063881655,smartphone,-8,msBandAmbientLight,1464757589000000000,1464757590000000000,0,1464757589874000000
0,crowdsignals.algosnap.com,1.0(1),352622063881655,smartphone,-8,msBandAmbientLight,1464757590000000000,1464757591000000000,0,1464757590411000000
0,crowdsignals.algosnap.com,1.0(1),352622063881655,smartphone,-8,msBandAmbientLight,1464757590000000000,1464757591000000000,0,1464757590885000000
0,crowdsignals.algosnap.com,1.0(1),352622063881655,smartphone,-8,msBandAmbientLight,1464757591000000000,1464757592000000000,1,1464757591366000000
0,crowdsignals.algosnap.com,1.0(1),352622063881655,smartphone,-8,msBandAmbientLight,1464757591000000000,1464757592000000000,1,1464757591905000000
0,crowdsignals.algosnap.com,1.0(1),352622063881655,smartphone,-8,msBandAmbientLight,1464757592000000000,1464757593000000000,1,1464757592378000000
0,crowdsignals.algosnap.com,1.0(1),352622063881655,smartphone,-8,msBandAmbientLight,1464757592000000000,1464757593000000000,1,1464757592856000000
0,crowdsignals.algosnap.com,1.0(1),352622063881655,smartphone,-8,msBandAmbientLight,1464757593000000000,1464757594000000000,1,1464757593390000000
0,crowdsignals.algosnap.com,1.0(1),352622063881655,smartphone,-8,msBandAmbientLight,1464757593000000000,1464757594000000000,1,1464757593876000000
0,crowdsignals.algosnap.com,1.0(1),352622063881655,smartphone,-8,msBandAmbientLight,1464757594000000000,1464757595000000000,0,1464757594481000000
0,crowdsignals.algosnap.com,1.0(1),352622063881655,smartphone,-8,msBandAmbientLight,1464757594000000000,1464757595000000000,0,1464757594886000000
0,crowdsignals.algosnap.com,1.0(1),352622063881655,smartphone,-8,msBandAmbientLight,1464757595000000000,1464757596000000000,1,1464757595358000000
0,crowdsignals.algosnap.com,1.0(1),352622063881655,smartphone,-8,msBandAmbientLight,1464757595000000000,1464757596000000000,1,1464757595899000000
0,crowdsignals.algosnap.com,1.0(1),352622063881655,smartphone,-8,msBandAmbientLight,1464757596000000000,1464757597000000000,1,1464757596369000000
0,crowdsignals.algosnap.com,1.0(1),352622063881655,smartphone,-8,msBandAmbientLight,1464757596000000000,1464757597000000000,0,1464757596878000000
0,crowdsignals.algosnap.com,1.0(1),352622063881655,smartphone,-8,msBandAmbientLight,1464757597000000000,1464757598000000000,1,1464757597366000000
0,crowdsignals.algosnap.com,1.0(1),352622063881655,smartphone,-8,msBandAmbientLight,1464757597000000000,1464757598000000000,1,1464757597862000000
0,crowdsignals.algosnap.com,1.0(1),352622063881655,smartphone,-8,msBandAmbientLight,1464757598000000000,1464757599000000000,1,1464757598360000000
0,crowdsignals.algosnap.com,1.0(1),352622063881655,smartphone,-8,msBandAmbientLight,1464757598000000000,1464757599000000000,0,1464757598880000000
0,crowdsignals.algosnap.com,1.0(1),352622063881655,smartphone,-8,msBandAmbientLight,1464757599000000000,1464757600000000000,1,1464757599361000000
0,crowdsignals.algosnap.com,1.0(1),352622063881655,smartphone,-8,msBandAmbientLight,1464757599000000000,1464757600000000000,0,1464757599854000000
0,crowdsignals.algosnap.com,1.0(1),352622063881655,smartphone,-8,msBandAmbientLight,1464757600000000000,1464757601000000000,1,1464757600359000000
0,crowdsignals.algosnap.com,1.0(1),352622063881655,smartphone,-8,msBandAmbientLight,1464757600000000000,1464757601000000000,0,1464757600917000000
0,crowdsignals.algosnap.com,1.0(1),352622063881655,smartphone,-8,msBandAmbientLight,1464757601000000000,1464757602000000000,0,1464757601375000000
0,crowdsignals.algosnap.com,1.0(1),352622063881655,smartphone,-8,msBandAmbientLight,1464757601000000000,1464757602000000000,1,1464757601862000000
0,crowdsignals.algosnap.com,1.0(1),352622063881655,smartphone,-8,msBandAmbientLight,1464757602000000000,1464757603000000000,1,1464757602360000000
0,crowdsignals.algosnap.com,1.0(1),352622063881655,smartphone,-8,msBandAmbientLight,1464757602000000000,1464757603000000000,1,1464757602858000000
0,crowdsignals.algosnap.com,1.0(1),352622063881655,smartphone,-8,msBandAmbientLight,1464757603000000000,1464757604000000000,1,1464757603371000000
0,crowdsignals.algosnap.com,1.0(1),352622063881655,smartphone,-8,msBandAmbientLight,1464757603000000000,1464757604000000000,1,1464757603859000000
0,crowdsignals.algosnap.com,1.0(1),352622063881655,smartphone,-8,msBandAmbientLight,1464757604000000000,1464757605000000000,0,1464757604377000000
0,crowdsignals.algosnap.com,1.0(1),352622063881655,smartphone,-8,msBandAmbientLight,1464757604000000000,1464757605000000000,0,1464757604874000000
0,crowdsignals.algosnap.com,1.0(1),352622063881655,smartphone,-8,msBandAmbientLight,1464757605000000000,1464757606000000000,1,1464757605372000000
0,crowdsignals.algosnap.com,1.0(1),352622063881655,smartphone,-8,msBandAmbientLight,1464757605000000000,1464757606000000000,1,1464757605869000000
0,crowdsignals.algosnap.com,1.0(1),352622063881655,smartphone,-8,msBandAmbientLight,1464757606000000000,1464757607000000000,1,1464757606357000000
0,crowdsignals.algosnap.com,1.0(1),352622063881655,smartphone,-8,msBandAmbientLight,1464757606000000000,1464757607000000000,1,1464757606869000000
0,crowdsignals.algosnap.com,1.0(1),352622063881655,smartphone,-8,msBandAmbientLight,1464757607000000000,1464757608000000000,1,1464757607363000000
0,crowdsignals.algosnap.com,1.0(1),352622063881655,smartphone,-8,msBandAmbientLight,1464757607000000000,1464757608000000000,5,1464757607867000000
0,crowdsignals.algosnap.com,1.0(1),352622063881655,smartphone,-8,msBandAmbientLight,1464757608000000000,1464757609000000000,2,1464757608380000000
0,crowdsignals.algosnap.com,1.0(1),352622063881655,smartphone,-8,msBandAmbientLight,1464757608000000000,1464757609000000000,5,1464757608878000000
0,crowdsignals.algosnap.com,1.0(1),352622063881655,smartphone,-8,msBandAmbientLight,1464757609000000000,1464757610000000000,9,1464757609376000000
0,crowdsignals.algosnap.com,1.0(1),352622063881655,smartphone,-8,msBandAmbientLight,1464757609000000000,1464757610000000000,0,1464757609869000000
0,crowdsignals.algosnap.com,1.0(1),352622063881655,smartphone,-8,msBandAmbientLight,1464757610000000000,1464757611000000000,0,1464757610365000000
0,crowdsignals.algosnap.com,1.0(1),352622063881655,smartphone,-8,msBandAmbientLight,1464757610000000000,1464757611000000000,0,1464757610865000000
0,crowdsignals.algosnap.com,1.0(1),352622063881655,smartphone,-8,msBandAmbientLight,1464757611000000000,1464757612000000000,0,1464757611373000000
0,crowdsignals.algosnap.com,1.0(1),352622063881655,smartphone,-8,msBandAmbientLight,1464757611000000000,1464757612000000000,1,1464757611863000000
0,crowdsignals.algosnap.com,1.0(1),352622063881655,smartphone,-8,msBandAmbientLight,1464757612000000000,1464757613000000000,0,1464757612370000000
0,crowdsignals.algosnap.com,1.0(1),352622063881655,smartphone,-8,msBandAmbientLight,1464757612000000000,1464757613000000000,0,1464757612883000000
0,crowdsignals.algosnap.com,1.0(1),352622063881655,smartphone,-8,msBandAmbientLight,1464757613000000000,1464757614000000000,0,1464757613377000000
0,crowdsignals.algosnap.com,1.0(1),352622063881655,smartphone,-8,msBandAmbientLight,1464757613000000000,1464757614000000000,1,1464757613867000000
0,crowdsignals.algosnap.com,1.0(1),352622063881655,smartphone,-8,msBandAmbientLight,1464757614000000000,1464757615000000000,0,1464757614357000000
0,crowdsignals.algosnap.com,1.0(1),352622063881655,smartphone,-8,msBandAmbientLight,1464757614000000000,1464757615000000000,0,1464757614864000000
0,crowdsignals.algosnap.com,1.0(1),352622063881655,smartphone,-8,msBandAmbientLight,1464757615000000000,1464757616000000000,0,1464757615373000000
0,crowdsignals.algosnap.com,1.0(1),352622063881655,smartphone,-8,msBandAmbientLight,1464757615000000000,1464757616000000000,0,1464757615866000000
0,crowdsignals.algosnap.com,1.0(1),352622063881655,smartphone,-8,msBandAmbientLight,1464757616000000000,1464757617000000000,1,1464757616366000000
0,crowdsignals.algosnap.com,1.0(1),352622063881655,smartphone,-8,msBandAmbientLight,1464757616000000000,1464757617000000000,1,1464757616877000000
0,crowdsignals.algosnap.com,1.0(1),352622063881655,smartphone,-8,msBandAmbientLight,1464757617000000000,1464757618000000000,1,1464757617369000000
0,crowdsignals.algosnap.com,1.0(1),352622063881655,smartphone,-8,msBandAmbientLight,1464757617000000000,1464757618000000000,1,1464757617869000000
0,crowdsignals.algosnap.com,1.0(1),352622063881655,smartphone,-8,msBandAmbientLight,1464757618000000000,1464757619000000000,1,1464757618376000000
0,crowdsignals.algosnap.com,1.0(1),352622063881655,smartphone,-8,msBandAmbientLight,1464757618000000000,1464757619000000000,4,1464757618862000000
0,crowdsignals.algosnap.com,1.0(1),352622063881655,smartphone,-8,msBandAmbientLight,1464757619000000000,1464757620000000000,7,1464757619370000000
0,crowdsignals.algosnap.com,1.0(1),352622063881655,smartphone,-8,msBandAmbientLight,1464757619000000000,1464757620000000000,0,1464757619859000000
0,crowdsignals.algosnap.com,1.0(1),352622063881655,smartphone,-8,msBandAmbientLight,1464757620000000000,1464757621000000000,1,1464757620369000000
0,crowdsignals.algosnap.com,1.0(1),352622063881655,smartphone,-8,msBandAmbientLight,1464757620000000000,1464757621000000000,8,1464757620873000000
0,crowdsignals.algosnap.com,1.0(1),352622063881655,smartphone,-8,msBandAmbientLight,1464757621000000000,1464757622000000000,3,1464757621382000000
0,crowdsignals.algosnap.com,1.0(1),352622063881655,smartphone,-8,msBandAmbientLight,1464757621000000000,1464757622000000000,0,1464757621881000000
0,crowdsignals.algosnap.com,1.0(1),352622063881655,smartphone,-8,msBandAmbientLight,1464757622000000000,1464757623000000000,0,1464757622360000000
0,crowdsignals.algosnap.com,1.0(1),352622063881655,smartphone,-8,msBandAmbientLight,1464757622000000000,1464757623000000000,0,1464757622868000000
0,crowdsignals.algosnap.com,1.0(1),352622063881655,smartphone,-8,msBandAmbientLight,1464757623000000000,1464757624000000000,1,1464757623364000000
0,crowdsignals.algosnap.com,1.0(1),352622063881655,smartphone,-8,msBandAmbientLight,1464757623000000000,1464757624000000000,1,1464757623883000000
0,crowdsignals.algosnap.com,1.0(1),352622063881655,smartphone,-8,msBandAmbientLight,1464757624000000000,1464757625000000000,1,1464757624359000000
0,crowdsignals.algosnap.com,1.0(1),352622063881655,smartphone,-8,msBandAmbientLight,1464757624000000000,1464757625000000000,1,1464757624878000000
0,crowdsignals.algosnap.com,1.0(1),352622063881655,smartphone,-8,msBandAmbientLight,1464757625000000000,1464757626000000000,4,1464757625382000000
0,crowdsignals.algosnap.com,1.0(1),352622063881655,smartphone,-8,msBandAmbientLight,1464757625000000000,1464757626000000000,5,1464757625862000000
0,crowdsignals.algosnap.com,1.0(1),352622063881655,smartphone,-8,msBandAmbientLight,1464757626000000000,1464757627000000000,3,1464757626375000000
0,crowdsignals.algosnap.com,1.0(1),352622063881655,smartphone,-8,msBandAmbientLight,1464757626000000000,1464757627000000000,1,1464757626874000000
0,crowdsignals.algosnap.com,1.0(1),352622063881655,smartphone,-8,msBandAmbientLight,1464757627000000000,1464757628000000000,1,1464757627383000000
0,crowdsignals.algosnap.com,1.0(1),352622063881655,smartphone,-8,msBandAmbientLight,1464757627000000000,1464757628000000000,1,1464757627889000000
0,crowdsignals.algosnap.com,1.0(1),352622063881655,smartphone,-8,msBandAmbientLight,1464757628000000000,1464757629000000000,1,1464757628362000000
0,crowdsignals.algosnap.com,1.0(1),352622063881655,smartphone,-8,msBandAmbientLight,1464757628000000000,1464757629000000000,1,1464757628879000000
0,crowdsignals.algosnap.com,1.0(1),352622063881655,smartphone,-8,msBandAmbientLight,1464757629000000000,1464757630000000000,1,1464757629385000000
0,crowdsignals.algosnap.com,1.0(1),352622063881655,smartphone,-8,msBandAmbientLight,1464757629000000000,1464757630000000000,1,1464757629870000000
0,crowdsignals.algosnap.com,1.0(1),352622063881655,smartphone,-8,msBandAmbientLight,1464757630000000000,1464757631000000000,1,1464757630367000000
0,crowdsignals.algosnap.com,1.0(1),352622063881655,smartphone,-8,msBandAmbientLight,1464757630000000000,1464757631000000000,1,1464757630872000000
0,crowdsignals.algosnap.com,1.0(1),352622063881655,smartphone,-8,msBandAmbientLight,1464757631000000000,1464757632000000000,1,1464757631380000000
0,crowdsignals.algosnap.com,1.0(1),352622063881655,smartphone,-8,msBandAmbientLight,1464757631000000000,1464757632000000000,1,1464757631867000000
0,crowdsignals.algosnap.com,1.0(1),352622063881655,smartphone,-8,msBandAmbientLight,1464757632000000000,1464757633000000000,0,1464757632374000000
0,crowdsignals.algosnap.com,1.0(1),352622063881655,smartphone,-8,msBandAmbientLight,1464757632000000000,1464757633000000000,1,1464757632876000000
