user_id,sw_name,sw_version,device_id,device_type,timezone,type,start,end,totalSteps,timestamps
0,crowdsignals.algosnap.com,1.0(1),352622063881655,smartphone,-8,msBandPedometer,1464757635000000000,1464757636000000000,49174,1464757635047000000
0,crowdsignals.algosnap.com,1.0(1),352622063881655,smartphone,-8,msBandPedometer,1464757636000000000,1464757637000000000,49174,1464757636074000000
0,crowdsignals.algosnap.com,1.0(1),352622063881655,smartphone,-8,msBandPedometer,1464757637000000000,1464757638000000000,49174,1464757637083000000
0,crowdsignals.algosnap.com,1.0(1),352622063881655,smartphone,-8,msBandPedometer,1464757638000000000,1464757639000000000,49174,1464757638063000000
0,crowdsignals.algosnap.com,1.0(1),352622063881655,smartphone,-8,msBandPedometer,1464757639000000000,1464757640000000000,49174,1464757639082000000
0,crowdsignals.algosnap.com,1.0(1),352622063881655,smartphone,-8,msBandPedometer,1464757640000000000,1464757641000000000,49174,1464757640115000000
0,crowdsignals.algosnap.com,1.0(1),352622063881655,smartphone,-8,msBandPedometer,1464757641000000000,1464757642000000000,49174,1464757641117000000
0,crowdsignals.algosnap.com,1.0(1),352622063881655,smartphone,-8,msBandPedometer,1464757642000000000,1464757643000000000,49174,1464757642100000000
0,crowdsignals.algosnap.com,1.0(1),352622063881655,smartphone,-8,msBandPedometer,1464757643000000000,1464757644000000000,49174,1464757643115000000
0,crowdsignals.algosnap.com,1.0(1),352622063881655,smartphone,-8,msBandPedometer,1464757644000000000,1464757645000000000,49174,1464757644135000000
0,crowdsignals.algosnap.com,1.0(1),352622063881655,smartphone,-8,msBandPedometer,1464757645000000000,1464757646000000000,49174,1464757645131000000
0,crowdsignals.algosnap.com,1.0(1),352622063881655,smartphone,-8,msBandPedometer,1464757646000000000,1464757647000000000,49174,1464757646148000000
0,crowdsignals.algosnap.com,1.0(1),352622063881655,smartphone,-8,msBandPedometer,1464757647000000000,1464757648000000000,49174,1464757647158000000
0,crowdsignals.algosnap.com,1.0(1),352622063881655,smartphone,-8,msBandPedometer,1464757648000000000,1464757649000000000,49174,1464757648163000000
0,crowdsignals.algosnap.com,1.0(1),352622063881655,smartphone,-8,msBandPedometer,1464757649000000000,1464757650000000000,49174,1464757649158000000
0,crowdsignals.algosnap.com,1.0(1),352622063881655,smartphone,-8,msBandPedometer,1464757650000000000,1464757651000000000,49174,1464757650177000000
0,crowdsignals.algosnap.com,1.0(1),352622063881655,smartphone,-8,msBandPedometer,1464757651000000000,1464757652000000000,49174,1464757651186000000
0,crowdsignals.algosnap.com,1.0(1),352622063881655,smartphone,-8,msBandPedometer,1464757652000000000,1464757653000000000,49174,1464757652198000000
0,crowdsignals.algosnap.com,1.0(1),352622063881655,smartphone,-8,msBandPedometer,1464757653000000000,1464757654000000000,49174,1464757653207000000
0,crowdsignals.algosnap.com,1.0(1),352622063881655,smartphone,-8,msBandPedometer,1464757654000000000,1464757655000000000,49174,1464757654216000000
0,crowdsignals.algosnap.com,1.0(1),352622063881655,smartphone,-8,msBandPedometer,1464757655000000000,1464757656000000000,49174,1464757655235000000
0,crowdsignals.algosnap.com,1.0(1),352622063881655,smartphone,-8,msBandPedometer,1464757656000000000,1464757657000000000,49174,1464757656231000000
0,crowdsignals.algosnap.com,1.0(1),352622063881655,smartphone,-8,msBandPedometer,1464757657000000000,1464757658000000000,49174,1464757657239000000
0,crowdsignals.algosnap.com,1.0(1),352622063881655,smartphone,-8,msBandPedometer,1464757658000000000,1464757659000000000,49174,1464757658252000000
0,crowdsignals.algosnap.com,1.0(1),352622063881655,smartphone,-8,msBandPedometer,1464757659000000000,1464757660000000000,49174,1464757659254000000
0,crowdsignals.algosnap.com,1.0(1),352622063881655,smartphone,-8,msBandPedometer,1464757660000000000,1464757661000000000,49174,1464757660283000000
0,crowdsignals.algosnap.com,1.0(1),352622063881655,smartphone,-8,msBandPedometer,1464757661000000000,1464757662000000000,49174,1464757661275000000
0,crowdsignals.algosnap.com,1.0(1),352622063881655,smartphone,-8,msBandPedometer,1464757662000000000,1464757663000000000,49174,1464757662292000000
0,crowdsignals.algosnap.com,1.0(1),352622063881655,smartphone,-8,msBandPedometer,1464757663000000000,1464757664000000000,49174,1464757663292000000
0,crowdsignals.algosnap.com,1.0(1),352622063881655,smartphone,-8,msBandPedometer,1464757664000000000,1464757665000000000,49174,1464757664316000000
0,crowdsignals.algosnap.com,1.0(1),352622063881655,smartphone,-8,msBandPedometer,1464757665000000000,1464757666000000000,49174,1464757665293000000
0,crowdsignals.algosnap.com,1.0(1),352622063881655,smartphone,-8,msBandPedometer,1464757666000000000,1464757667000000000,49174,1464757666313000000
0,crowdsignals.algosnap.com,1.0(1),352622063881655,smartphone,-8,msBandPedometer,1464757667000000000,1464757668000000000,49174,1464757667333000000
0,crowdsignals.algosnap.com,1.0(1),352622063881655,smartphone,-8,msBandPedometer,1464757668000000000,1464757669000000000,49174,1464757668328000000
0,crowdsignals.algosnap.com,1.0(1),352622063881655,smartphone,-8,msBandPedometer,1464757669000000000,1464757670000000000,49174,1464757669323000000
0,crowdsignals.algosnap.com,1.0(1),352622063881655,smartphone,-8,msBandPedometer,1464757670000000000,1464757671000000000,49174,1464757670346000000
0,crowdsignals.algosnap.com,1.0(1),352622063881655,smartphone,-8,msBandPedometer,1464757671000000000,1464757672000000000,49174,1464757671354000000
0,crowdsignals.algosnap.com,1.0(1),352622063881655,smartphone,-8,msBandPedometer,1464757672000000000,1464757673000000000,49174,1464757672347000000
0,crowdsignals.algosnap.com,1.0(1),352622063881655,smartphone,-8,msBandPedometer,1464757673000000000,1464757674000000000,49174,1464757673440000000
0,crowdsignals.algosnap.com,1.0(1),352622063881655,smartphone,-8,msBandPedometer,1464757674000000000,1464757675000000000,49174,1464757674377000000
0,crowdsignals.algosnap.com,1.0(1),352622063881655,smartphone,-8,msBandPedometer,1464757675000000000,1464757676000000000,49174,1464757675412000000
0,crowdsignals.algosnap.com,1.0(1),352622063881655,smartphone,-8,msBandPedometer,1464757676000000000,1464757677000000000,49174,1464757676401000000
0,crowdsignals.algosnap.com,1.0(1),352622063881655,smartphone,-8,msBandPedometer,1464757677000000000,1464757678000000000,49174,1464757677396000000
0,crowdsignals.algosnap.com,1.0(1),352622063881655,smartphone,-8,msBandPedometer,1464757678000000000,1464757679000000000,49174,1464757678400000000
0,crowdsignals.algosnap.com,1.0(1),352622063881655,smartphone,-8,msBandPedometer,1464757679000000000,1464757680000000000,49174,1464757679413000000
0,crowdsignals.algosnap.com,1.0(1),352622063881655,smartphone,-8,msBandPedometer,1464757680000000000,1464757681000000000,49174,1464757680423000000
0,crowdsignals.algosnap.com,1.0(1),352622063881655,smartphone,-8,msBandPedometer,1464757681000000000,1464757682000000000,49174,1464757681429000000
0,crowdsignals.algosnap.com,1.0(1),352622063881655,smartphone,-8,msBandPedometer,1464757682000000000,1464757683000000000,49174,1464757682429000000
0,crowdsignals.algosnap.com,1.0(1),352622063881655,smartphone,-8,msBandPedometer,1464757683000000000,1464757684000000000,49174,1464757683460000000
0,crowdsignals.algosnap.com,1.0(1),352622063881655,smartphone,-8,msBandPedometer,1464757684000000000,1464757685000000000,49174,1464757684466000000
0,crowdsignals.algosnap.com,1.0(1),352622063881655,smartphone,-8,msBandPedometer,1464757685000000000,1464757686000000000,49174,1464757685463000000
0,crowdsignals.algosnap.com,1.0(1),352622063881655,smartphone,-8,msBandPedometer,1464757686000000000,1464757687000000000,49174,1464757686477000000
0,crowdsignals.algosnap.com,1.0(1),352622063881655,smartphone,-8,msBandPedometer,1464757687000000000,1464757688000000000,49174,1464757687475000000
0,crowdsignals.algosnap.com,1.0(1),352622063881655,smartphone,-8,msBandPedometer,1464757688000000000,1464757689000000000,49174,1464757688486000000
0,crowdsignals.algosnap.com,1.0(1),352622063881655,smartphone,-8,msBandPedometer,1464757689000000000,1464757690000000000,49174,1464757689495000000
0,crowdsignals.algosnap.com,1.0(1),352622063881655,smartphone,-8,msBandPedometer,1464757690000000000,1464757691000000000,49174,1464757690498000000
0,crowdsignals.algosnap.com,1.0(1),352622063881655,smartphone,-8,msBandPedometer,1464757691000000000,1464757692000000000,49174,1464757691522000000
0,crowdsignals.algosnap.com,1.0(1),352622063881655,smartphone,-8,msBandPedometer,1464757692000000000,1464757693000000000,49174,1464757692525000000
0,crowdsignals.algosnap.com,1.0(1),352622063881655,smartphone,-8,msBandPedometer,1464757693000000000,1464757694000000000,49174,1464757693534000000
0,crowdsignals.algosnap.com,1.0(1),352622063881655,smartphone,-8,msBandPedometer,1464757694000000000,1464757695000000000,49174,1464757694526000000
0,crowdsignals.algosnap.com,1.0(1),352622063881655,smartphone,-8,msBandPedometer,1464757695000000000,1464757696000000000,49174,1464757695552000000
0,crowdsignals.algosnap.com,1.0(1),352622063881655,smartphone,-8,msBandPedometer,1464757696000000000,1464757697000000000,49174,1464757696558000000
