user_id,sw_name,sw_version,device_id,device_type,timezone,type,start,end,sensor_name,lux,timestamps
0,crowdsignals.algosnap.com,1.0(1),352622063881655,smartphone,-8,light,1464757417000000000,1464757418000000000,TMG399X RGB Sensor,5.0,1464757417410458385
0,crowdsignals.algosnap.com,1.0(1),352622063881655,smartphone,-8,light,1464757417000000000,1464757418000000000,TMG399X RGB Sensor,5.0,1464757417589208698
0,crowdsignals.algosnap.com,1.0(1),352622063881655,smartphone,-8,light,1464757417000000000,1464757418000000000,TMG399X RGB Sensor,5.0,1464757417766136927
0,crowdsignals.algosnap.com,1.0(1),352622063881655,smartphone,-8,light,1464757417000000000,1464757418000000000,TMG399X RGB Sensor,5.0,1464757417944871458
0,crowdsignals.algosnap.com,1.0(1),352622063881655,smartphone,-8,light,1464757418000000000,1464757419000000000,TMG399X RGB Sensor,5.0,1464757418299227759
0,crowdsignals.algosnap.com,1.0(1),352622063881655,smartphone,-8,light,1464757418000000000,1464757419000000000,TMG399X RGB Sensor,5.0,1464757418478688854
0,crowdsignals.algosnap.com,1.0(1),352622063881655,smartphone,-8,light,1464757418000000000,1464757419000000000,TMG399X RGB Sensor,5.0,1464757418655654948
0,crowdsignals.algosnap.com,1.0(1),352622063881655,smartphone,-8,light,1464757418000000000,1464757419000000000,TMG399X RGB Sensor,5.0,1464757418836664010
0,crowdsignals.algosnap.com,1.0(1),352622063881655,smartphone,-8,light,1464757419000000000,1464757420000000000,TMG399X RGB Sensor,5.0,1464757419190275000
0,crowdsignals.algosnap.com,1.0(1),352622063881655,smartphone,-8,light,1464757419000000000,1464757420000000000,TMG399X RGB Sensor,5.0,1464757419367478698
0,crowdsignals.algosnap.com,1.0(1),352622063881655,smartphone,-8,light,1464757419000000000,1464757420000000000,TMG399X RGB Sensor,5.0,1464757419546537813
0,crowdsignals.algosnap.com,1.0(1),352622063881655,smartphone,-8,light,1464757419000000000,1464757420000000000,TMG399X RGB Sensor,5.0,1464757419724591146
0,crowdsignals.algosnap.com,1.0(1),352622063881655,smartphone,-8,light,1464757419000000000,1464757420000000000,TMG399X RGB Sensor,5.0,1464757419901238178
0,crowdsignals.algosnap.com,1.0(1),352622063881655,smartphone,-8,light,1464757420000000000,1464757421000000000,TMG399X RGB Sensor,5.0,1464757420259160572
0,crowdsignals.algosnap.com,1.0(1),352622063881655,smartphone,-8,light,1464757420000000000,1464757421000000000,TMG399X RGB Sensor,5.0,1464757420435275312
0,crowdsignals.algosnap.com,1.0(1),352622063881655,smartphone,-8,light,1464757420000000000,1464757421000000000,TMG399X RGB Sensor,5.0,1464757420614471563
0,crowdsignals.algosnap.com,1.0(1),352622063881655,smartphone,-8,light,1464757420000000000,1464757421000000000,TMG399X RGB Sensor,5.0,1464757420790595625
0,crowdsignals.algosnap.com,1.0(1),352622063881655,smartphone,-8,light,1464757420000000000,1464757421000000000,TMG399X RGB Sensor,5.0,1464757420968343749
0,crowdsignals.algosnap.com,1.0(1),352622063881655,smartphone,-8,light,1464757421000000000,1464757422000000000,TMG399X RGB Sensor,5.0,1464757421145668125
0,crowdsignals.algosnap.com,1.0(1),352622063881655,smartphone,-8,light,1464757421000000000,1464757422000000000,TMG399X RGB Sensor,5.0,1464757421325122500
0,crowdsignals.algosnap.com,1.0(1),352622063881655,smartphone,-8,light,1464757421000000000,1464757422000000000,TMG399X RGB Sensor,5.0,1464757421502650313
0,crowdsignals.algosnap.com,1.0(1),352622063881655,smartphone,-8,light,1464757421000000000,1464757422000000000,TMG399X RGB Sensor,5.0,1464757421682191458
0,crowdsignals.algosnap.com,1.0(1),352622063881655,smartphone,-8,light,1464757421000000000,1464757422000000000,TMG399X RGB Sensor,5.0,1464757421858536459
0,crowdsignals.algosnap.com,1.0(1),352622063881655,smartphone,-8,light,1464757422000000000,1464757423000000000,TMG399X RGB Sensor,5.0,1464757422215997240
0,crowdsignals.algosnap.com,1.0(1),352622063881655,smartphone,-8,light,1464757422000000000,1464757423000000000,TMG399X RGB Sensor,5.0,1464757422392092084
0,crowdsignals.algosnap.com,1.0(1),352622063881655,smartphone,-8,light,1464757422000000000,1464757423000000000,TMG399X RGB Sensor,5.0,1464757422570140415
0,crowdsignals.algosnap.com,1.0(1),352622063881655,smartphone,-8,light,1464757422000000000,1464757423000000000,TMG399X RGB Sensor,5.0,1464757422748217239
0,crowdsignals.algosnap.com,1.0(1),352622063881655,smartphone,-8,light,1464757422000000000,1464757423000000000,TMG399X RGB Sensor,5.0,1464757422925782344
0,crowdsignals.algosnap.com,1.0(1),352622063881655,smartphone,-8,light,1464757423000000000,1464757424000000000,TMG399X RGB Sensor,5.0,1464757423281617083
0,crowdsignals.algosnap.com,1.0(1),352622063881655,smartphone,-8,light,1464757423000000000,1464757424000000000,TMG399X RGB Sensor,5.0,1464757423460156613
0,crowdsignals.algosnap.com,1.0(1),352622063881655,smartphone,-8,light,1464757423000000000,1464757424000000000,TMG399X RGB Sensor,5.0,1464757423639532187
0,crowdsignals.algosnap.com,1.0(1),352622063881655,smartphone,-8,light,1464757423000000000,1464757424000000000,TMG399X RGB Sensor,5.0,1464757423817195313
0,crowdsignals.algosnap.com,1.0(1),352622063881655,smartphone,-8,light,1464757423000000000,1464757424000000000,TMG399X RGB Sensor,5.0,1464757423994784271
0,crowdsignals.algosnap.com,1.0(1),352622063881655,smartphone,-8,light,1464757424000000000,1464757425000000000,TMG399X RGB Sensor,5.0,1464757424349915208
0,crowdsignals.algosnap.com,1.0(1),352622063881655,smartphone,-8,light,1464757424000000000,1464757425000000000,TMG399X RGB Sensor,5.0,1464757424527575416
0,crowdsignals.algosnap.com,1.0(1),352622063881655,smartphone,-8,light,1464757424000000000,1464757425000000000,TMG399X RGB Sensor,5.0,1464757424706782344
0,crowdsignals.algosnap.com,1.0(1),352622063881655,smartphone,-8,light,1464757424000000000,1464757425000000000,TMG399X RGB Sensor,5.0,1464757424882950312
0,crowdsignals.algosnap.com,1.0(1),352622063881655,smartphone,-8,light,1464757425000000000,1464757426000000000,TMG399X RGB Sensor,5.0,1464757425239307292
0,crowdsignals.algosnap.com,1.0(1),352622063881655,smartphone,-8,light,1464757425000000000,1464757426000000000,TMG399X RGB Sensor,5.0,1464757425416463958
0,crowdsignals.algosnap.com,1.0(1),352622063881655,smartphone,-8,light,1464757425000000000,1464757426000000000,TMG399X RGB Sensor,5.0,1464757425594844948
0,crowdsignals.algosnap.com,1.0(1),352622063881655,smartphone,-8,light,1464757425000000000,1464757426000000000,TMG399X RGB Sensor,5.0,1464757425773025417
0,crowdsignals.algosnap.com,1.0(1),352622063881655,smartphone,-8,light,1464757425000000000,1464757426000000000,TMG399X RGB Sensor,5.0,1464757425950520417
0,crowdsignals.algosnap.com,1.0(1),352622063881655,smartphone,-8,light,1464757426000000000,1464757427000000000,TMG399X RGB Sensor,5.0,1464757426306684010
0,crowdsignals.algosnap.com,1.0(1),352622063881655,smartphone,-8,light,1464757426000000000,1464757427000000000,TMG399X RGB Sensor,5.0,1464757426484762865
0,crowdsignals.algosnap.com,1.0(1),352622063881655,smartphone,-8,light,1464757426000000000,1464757427000000000,TMG399X RGB Sensor,5.0,1464757426662446875
0,crowdsignals.algosnap.com,1.0(1),352622063881655,smartphone,-8,light,1464757426000000000,1464757427000000000,TMG399X RGB Sensor,5.0,1464757426840187447
0,crowdsignals.algosnap.com,1.0(1),352622063881655,smartphone,-8,light,1464757427000000000,1464757428000000000,TMG399X RGB Sensor,5.0,1464757427196407083
0,crowdsignals.algosnap.com,1.0(1),352622063881655,smartphone,-8,light,1464757427000000000,1464757428000000000,TMG399X RGB Sensor,5.0,1464757427373285833
0,crowdsignals.algosnap.com,1.0(1),352622063881655,smartphone,-8,light,1464757427000000000,1464757428000000000,TMG399X RGB Sensor,5.0,1464757427553027552
0,crowdsignals.algosnap.com,1.0(1),352622063881655,smartphone,-8,light,1464757427000000000,1464757428000000000,TMG399X RGB Sensor,5.0,1464757427731073855
0,crowdsignals.algosnap.com,1.0(1),352622063881655,smartphone,-8,light,1464757427000000000,1464757428000000000,TMG399X RGB Sensor,5.0,1464757427909774010
0,crowdsignals.algosnap.com,1.0(1),352622063881655,smartphone,-8,light,1464757428000000000,1464757429000000000,TMG399X RGB Sensor,5.0,1464757428263698594
0,crowdsignals.algosnap.com,1.0(1),352622063881655,smartphone,-8,light,1464757428000000000,1464757429000000000,TMG399X RGB Sensor,5.0,1464757428441407917
0,crowdsignals.algosnap.com,1.0(1),352622063881655,smartphone,-8,light,1464757428000000000,1464757429000000000,TMG399X RGB Sensor,5.0,1464757428620166406
0,crowdsignals.algosnap.com,1.0(1),352622063881655,smartphone,-8,light,1464757428000000000,1464757429000000000,TMG399X RGB Sensor,5.0,1464757428797733802
0,crowdsignals.algosnap.com,1.0(1),352622063881655,smartphone,-8,light,1464757428000000000,1464757429000000000,TMG399X RGB Sensor,5.0,1464757428975487865
0,crowdsignals.algosnap.com,1.0(1),352622063881655,smartphone,-8,light,1464757429000000000,1464757430000000000,TMG399X RGB Sensor,5.0,1464757429332460260
0,crowdsignals.algosnap.com,1.0(1),352622063881655,smartphone,-8,light,1464757429000000000,1464757430000000000,TMG399X RGB Sensor,5.0,1464757429509260157
0,crowdsignals.algosnap.com,1.0(1),352622063881655,smartphone,-8,light,1464757429000000000,1464757430000000000,TMG399X RGB Sensor,5.0,1464757429688282396
0,crowdsignals.algosnap.com,1.0(1),352622063881655,smartphone,-8,light,1464757429000000000,1464757430000000000,TMG399X RGB Sensor,5.0,1464757429865044427
0,crowdsignals.algosnap.com,1.0(1),352622063881655,smartphone,-8,light,1464757430000000000,1464757431000000000,TMG399X RGB Sensor,5.0,1464757430220795990
0,crowdsignals.algosnap.com,1.0(1),352622063881655,smartphone,-8,light,1464757430000000000,1464757431000000000,TMG399X RGB Sensor,5.0,1464757430399860989
0,crowdsignals.algosnap.com,1.0(1),352622063881655,smartphone,-8,light,1464757430000000000,1464757431000000000,TMG399X RGB Sensor,5.0,1464757430577662500
0,crowdsignals.algosnap.com,1.0(1),352622063881655,smartphone,-8,light,1464757430000000000,1464757431000000000,TMG399X RGB Sensor,5.0,1464757430756206199
0,crowdsignals.algosnap.com,1.0(1),352622063881655,smartphone,-8,light,1464757430000000000,1464757431000000000,TMG399X RGB Sensor,5.0,1464757430932696927
0,crowdsignals.algosnap.com,1.0(1),352622063881655,smartphone,-8,light,1464757431000000000,1464757432000000000,TMG399X RGB Sensor,5.0,1464757431110492969
0,crowdsignals.algosnap.com,1.0(1),352622063881655,smartphone,-8,light,1464757431000000000,1464757432000000000,TMG399X RGB Sensor,5.0,1464757431288726094
0,crowdsignals.algosnap.com,1.0(1),352622063881655,smartphone,-8,light,1464757431000000000,1464757432000000000,TMG399X RGB Sensor,5.0,1464757431466335729
0,crowdsignals.algosnap.com,1.0(1),352622063881655,smartphone,-8,light,1464757431000000000,1464757432000000000,TMG399X RGB Sensor,5.0,1464757431644266250
0,crowdsignals.algosnap.com,1.0(1),352622063881655,smartphone,-8,light,1464757431000000000,1464757432000000000,TMG399X RGB Sensor,5.0,1464757431824075313
0,crowdsignals.algosnap.com,1.0(1),352622063881655,smartphone,-8,light,1464757432000000000,1464757433000000000,TMG399X RGB Sensor,5.0,1464757432179131927
0,crowdsignals.algosnap.com,1.0(1),352622063881655,smartphone,-8,light,1464757432000000000,1464757433000000000,TMG399X RGB Sensor,5.0,1464757432355535313
0,crowdsignals.algosnap.com,1.0(1),352622063881655,smartphone,-8,light,1464757432000000000,1464757433000000000,TMG399X RGB Sensor,5.0,1464757432535271563
0,crowdsignals.algosnap.com,1.0(1),352622063881655,smartphone,-8,light,1464757432000000000,1464757433000000000,TMG399X RGB Sensor,5.0,1464757432713393073
0,crowdsignals.algosnap.com,1.0(1),352622063881655,smartphone,-8,light,1464757432000000000,1464757433000000000,TMG399X RGB Sensor,5.0,1464757432890056249
0,crowdsignals.algosnap.com,1.0(1),352622063881655,smartphone,-8,light,1464757433000000000,1464757434000000000,TMG399X RGB Sensor,5.0,1464757433245146980
0,crowdsignals.algosnap.com,1.0(1),352622063881655,smartphone,-8,light,1464757433000000000,1464757434000000000,TMG399X RGB Sensor,5.0,1464757433423985105
0,crowdsignals.algosnap.com,1.0(1),352622063881655,smartphone,-8,light,1464757433000000000,1464757434000000000,TMG399X RGB Sensor,5.0,1464757433601042605
0,crowdsignals.algosnap.com,1.0(1),352622063881655,smartphone,-8,light,1464757433000000000,1464757434000000000,TMG399X RGB Sensor,5.0,1464757433779980260
0,crowdsignals.algosnap.com,1.0(1),352622063881655,smartphone,-8,light,1464757433000000000,1464757434000000000,TMG399X RGB Sensor,5.0,1464757433958333907
0,crowdsignals.algosnap.com,1.0(1),352622063881655,smartphone,-8,light,1464757434000000000,1464757435000000000,TMG399X RGB Sensor,5.0,1464757434312378073
0,crowdsignals.algosnap.com,1.0(1),352622063881655,smartphone,-8,light,1464757434000000000,1464757435000000000,TMG399X RGB Sensor,5.0,1464757434490055677
0,crowdsignals.algosnap.com,1.0(1),352622063881655,smartphone,-8,light,1464757434000000000,1464757435000000000,TMG399X RGB Sensor,5.0,1464757434668653646
0,crowdsignals.algosnap.com,1.0(1),352622063881655,smartphone,-8,light,1464757434000000000,1464757435000000000,TMG399X RGB Sensor,5.0,1464757434845734376
0,crowdsignals.algosnap.com,1.0(1),352622063881655,smartphone,-8,light,1464757435000000000,1464757436000000000,TMG399X RGB Sensor,5.0,1464757435204189219
0,crowdsignals.algosnap.com,1.0(1),352622063881655,smartphone,-8,light,1464757435000000000,1464757436000000000,TMG399X RGB Sensor,5.0,1464757435380797759
0,crowdsignals.algosnap.com,1.0(1),352622063881655,smartphone,-8,light,1464757435000000000,1464757436000000000,TMG399X RGB Sensor,5.0,1464757435558602187
0,crowdsignals.algosnap.com,1.0(1),352622063881655,smartphone,-8,light,1464757435000000000,1464757436000000000,TMG399X RGB Sensor,5.0,1464757435737715989
0,crowdsignals.algosnap.com,1.0(1),352622063881655,smartphone,-8,light,1464757435000000000,1464757436000000000,TMG399X RGB Sensor,5.0,1464757435916235573
0,crowdsignals.algosnap.com,1.0(1),352622063881655,smartphone,-8,light,1464757436000000000,1464757437000000000,TMG399X RGB Sensor,5.0,1464757436269612916
0,crowdsignals.algosnap.com,1.0(1),352622063881655,smartphone,-8,light,1464757436000000000,1464757437000000000,TMG399X RGB Sensor,5.0,1464757436448994896
0,crowdsignals.algosnap.com,1.0(1),352622063881655,smartphone,-8,light,1464757436000000000,1464757437000000000,TMG399X RGB Sensor,5.0,1464757436627450938
0,crowdsignals.algosnap.com,1.0(1),352622063881655,smartphone,-8,light,1464757436000000000,1464757437000000000,TMG399X RGB Sensor,5.0,1464757436804625782
0,crowdsignals.algosnap.com,1.0(1),352622063881655,smartphone,-8,light,1464757436000000000,1464757437000000000,TMG399X RGB Sensor,5.0,1464757436983012656
0,crowdsignals.algosnap.com,1.0(1),352622063881655,smartphone,-8,light,1464757437000000000,1464757438000000000,TMG399X RGB Sensor,5.0,1464757437337249010
0,crowdsignals.algosnap.com,1.0(1),352622063881655,smartphone,-8,light,1464757437000000000,1464757438000000000,TMG399X RGB Sensor,5.0,1464757437515053229
0,crowdsignals.algosnap.com,1.0(1),352622063881655,smartphone,-8,light,1464757437000000000,1464757438000000000,TMG399X RGB Sensor,5.0,1464757437692678437
0,crowdsignals.algosnap.com,1.0(1),352622063881655,smartphone,-8,light,1464757437000000000,1464757438000000000,TMG399X RGB Sensor,5.0,1464757437870494843
0,crowdsignals.algosnap.com,1.0(1),352622063881655,smartphone,-8,light,1464757438000000000,1464757439000000000,TMG399X RGB Sensor,5.0,1464757438228103594
0,crowdsignals.algosnap.com,1.0(1),352622063881655,smartphone,-8,light,1464757438000000000,1464757439000000000,TMG399X RGB Sensor,5.0,1464757438405708646
0,crowdsignals.algosnap.com,1.0(1),352622063881655,smartphone,-8,light,1464757438000000000,1464757439000000000,TMG399X RGB Sensor,5.0,1464757438584208230
0,crowdsignals.algosnap.com,1.0(1),352622063881655,smartphone,-8,light,1464757438000000000,1464757439000000000,TMG399X RGB Sensor,5.0,1464757438760316458
0,crowdsignals.algosnap.com,1.0(1),352622063881655,smartphone,-8,light,1464757438000000000,1464757439000000000,TMG399X RGB Sensor,5.0,1464757438938836197
0,crowdsignals.algosnap.com,1.0(1),352622063881655,smartphone,-8,light,1464757439000000000,1464757440000000000,TMG399X RGB Sensor,5.0,1464757439294709010
0,crowdsignals.algosnap.com,1.0(1),352622063881655,smartphone,-8,light,1464757439000000000,1464757440000000000,TMG399X RGB Sensor,5.0,1464757439474459844
0,crowdsignals.algosnap.com,1.0(1),352622063881655,smartphone,-8,light,1464757439000000000,1464757440000000000,TMG399X RGB Sensor,5.0,1464757439651296511
0,crowdsignals.algosnap.com,1.0(1),352622063881655,smartphone,-8,light,1464757439000000000,1464757440000000000,TMG399X RGB Sensor,5.0,1464757439827873542
0,crowdsignals.algosnap.com,1.0(1),352622063881655,smartphone,-8,light,1464757440000000000,1464757441000000000,TMG399X RGB Sensor,5.0,1464757440184667396
0,crowdsignals.algosnap.com,1.0(1),352622063881655,smartphone,-8,light,1464757440000000000,1464757441000000000,TMG399X RGB Sensor,5.0,1464757440361978645
0,crowdsignals.algosnap.com,1.0(1),352622063881655,smartphone,-8,light,1464757440000000000,1464757441000000000,TMG399X RGB Sensor,5.0,1464757440539806874
0,crowdsignals.algosnap.com,1.0(1),352622063881655,smartphone,-8,light,1464757440000000000,1464757441000000000,TMG399X RGB Sensor,5.0,1464757440718295989
0,crowdsignals.algosnap.com,1.0(1),352622063881655,smartphone,-8,light,1464757440000000000,1464757441000000000,TMG399X RGB Sensor,5.0,1464757440895789687
0,crowdsignals.algosnap.com,1.0(1),352622063881655,smartphone,-8,light,1464757441000000000,1464757442000000000,TMG399X RGB Sensor,5.0,1464757441073796667
0,crowdsignals.algosnap.com,1.0(1),352622063881655,smartphone,-8,light,1464757441000000000,1464757442000000000,TMG399X RGB Sensor,5.0,1464757441251611824
0,crowdsignals.algosnap.com,1.0(1),352622063881655,smartphone,-8,light,1464757441000000000,1464757442000000000,TMG399X RGB Sensor,5.0,1464757441429307864
0,crowdsignals.algosnap.com,1.0(1),352622063881655,smartphone,-8,light,1464757441000000000,1464757442000000000,TMG399X RGB Sensor,5.0,1464757441607207084
0,crowdsignals.algosnap.com,1.0(1),352622063881655,smartphone,-8,light,1464757441000000000,1464757442000000000,TMG399X RGB Sensor,5.0,1464757441785701406
0,crowdsignals.algosnap.com,1.0(1),352622063881655,smartphone,-8,light,1464757441000000000,1464757442000000000,TMG399X RGB Sensor,5.0,1464757441963871406
0,crowdsignals.algosnap.com,1.0(1),352622063881655,smartphone,-8,light,1464757442000000000,1464757443000000000,TMG399X RGB Sensor,5.0,1464757442320809740
0,crowdsignals.algosnap.com,1.0(1),352622063881655,smartphone,-8,light,1464757442000000000,1464757443000000000,TMG399X RGB Sensor,5.0,1464757442496778749
0,crowdsignals.algosnap.com,1.0(1),352622063881655,smartphone,-8,light,1464757442000000000,1464757443000000000,TMG399X RGB Sensor,5.0,1464757442675623594
0,crowdsignals.algosnap.com,1.0(1),352622063881655,smartphone,-8,light,1464757442000000000,1464757443000000000,TMG399X RGB Sensor,5.0,1464757442853761458
0,crowdsignals.algosnap.com,1.0(1),352622063881655,smartphone,-8,light,1464757443000000000,1464757444000000000,TMG399X RGB Sensor,5.0,1464757443208532969
0,crowdsignals.algosnap.com,1.0(1),352622063881655,smartphone,-8,light,1464757443000000000,1464757444000000000,TMG399X RGB Sensor,5.0,1464757443386492292
0,crowdsignals.algosnap.com,1.0(1),352622063881655,smartphone,-8,light,1464757443000000000,1464757444000000000,TMG399X RGB Sensor,5.0,1464757443563648333
0,crowdsignals.algosnap.com,1.0(1),352622063881655,smartphone,-8,light,1464757443000000000,1464757444000000000,TMG399X RGB Sensor,5.0,1464757443743629740
0,crowdsignals.algosnap.com,1.0(1),352622063881655,smartphone,-8,light,1464757443000000000,1464757444000000000,TMG399X RGB Sensor,5.0,1464757443920644375
0,crowdsignals.algosnap.com,1.0(1),352622063881655,smartphone,-8,light,1464757444000000000,1464757445000000000,TMG399X RGB Sensor,5.0,1464757444275949011
0,crowdsignals.algosnap.com,1.0(1),352622063881655,smartphone,-8,light,1464757444000000000,1464757445000000000,TMG399X RGB Sensor,5.0,1464757444453530156
0,crowdsignals.algosnap.com,1.0(1),352622063881655,smartphone,-8,light,1464757444000000000,1464757445000000000,TMG399X RGB Sensor,5.0,1464757444631311927
0,crowdsignals.algosnap.com,1.0(1),352622063881655,smartphone,-8,light,1464757444000000000,1464757445000000000,TMG399X RGB Sensor,5.0,1464757444809536198
0,crowdsignals.algosnap.com,1.0(1),352622063881655,smartphone,-8,light,1464757444000000000,1464757445000000000,TMG399X RGB Sensor,5.0,1464757444987572396
0,crowdsignals.algosnap.com,1.0(1),352622063881655,smartphone,-8,light,1464757445000000000,1464757446000000000,TMG399X RGB Sensor,5.0,1464757445343300937
0,crowdsignals.algosnap.com,1.0(1),352622063881655,smartphone,-8,light,1464757445000000000,1464757446000000000,TMG399X RGB Sensor,5.0,1464757445520662083
0,crowdsignals.algosnap.com,1.0(1),352622063881655,smartphone,-8,light,1464757445000000000,1464757446000000000,TMG399X RGB Sensor,5.0,1464757445701071667
0,crowdsignals.algosnap.com,1.0(1),352622063881655,smartphone,-8,light,1464757445000000000,1464757446000000000,TMG399X RGB Sensor,5.0,1464757445880366927
0,crowdsignals.algosnap.com,1.0(1),352622063881655,smartphone,-8,light,1464757446000000000,1464757447000000000,TMG399X RGB Sensor,5.0,1464757446233840886
0,crowdsignals.algosnap.com,1.0(1),352622063881655,smartphone,-8,light,1464757446000000000,1464757447000000000,TMG399X RGB Sensor,5.0,1464757446410451510
0,crowdsignals.algosnap.com,1.0(1),352622063881655,smartphone,-8,light,1464757446000000000,1464757447000000000,TMG399X RGB Sensor,5.0,1464757446588284636
0,crowdsignals.algosnap.com,1.0(1),352622063881655,smartphone,-8,light,1464757446000000000,1464757447000000000,TMG399X RGB Sensor,5.0,1464757446767328906
0,crowdsignals.algosnap.com,1.0(1),352622063881655,smartphone,-8,light,1464757446000000000,1464757447000000000,TMG399X RGB Sensor,5.0,1464757446945087136
0,crowdsignals.algosnap.com,1.0(1),352622063881655,smartphone,-8,light,1464757447000000000,1464757448000000000,TMG399X RGB Sensor,5.0,1464757447300472656
0,crowdsignals.algosnap.com,1.0(1),352622063881655,smartphone,-8,light,1464757447000000000,1464757448000000000,TMG399X RGB Sensor,5.0,1464757447478619271
0,crowdsignals.algosnap.com,1.0(1),352622063881655,smartphone,-8,light,1464757447000000000,1464757448000000000,TMG399X RGB Sensor,5.0,1464757447657134479
0,crowdsignals.algosnap.com,1.0(1),352622063881655,smartphone,-8,light,1464757447000000000,1464757448000000000,TMG399X RGB Sensor,5.0,1464757447835590000
0,crowdsignals.algosnap.com,1.0(1),352622063881655,smartphone,-8,light,1464757448000000000,1464757449000000000,TMG399X RGB Sensor,5.0,1464757448190448385
0,crowdsignals.algosnap.com,1.0(1),352622063881655,smartphone,-8,light,1464757448000000000,1464757449000000000,TMG399X RGB Sensor,5.0,1464757448367980208
0,crowdsignals.algosnap.com,1.0(1),352622063881655,smartphone,-8,light,1464757448000000000,1464757449000000000,TMG399X RGB Sensor,5.0,1464757448546473542
0,crowdsignals.algosnap.com,1.0(1),352622063881655,smartphone,-8,light,1464757448000000000,1464757449000000000,TMG399X RGB Sensor,5.0,1464757448724003386
0,crowdsignals.algosnap.com,1.0(1),352622063881655,smartphone,-8,light,1464757448000000000,1464757449000000000,TMG399X RGB Sensor,5.0,1464757448902080678
0,crowdsignals.algosnap.com,1.0(1),352622063881655,smartphone,-8,light,1464757449000000000,1464757450000000000,TMG399X RGB Sensor,5.0,1464757449257999583
0,crowdsignals.algosnap.com,1.0(1),352622063881655,smartphone,-8,light,1464757449000000000,1464757450000000000,TMG399X RGB Sensor,5.0,1464757449435337813
0,crowdsignals.algosnap.com,1.0(1),352622063881655,smartphone,-8,light,1464757449000000000,1464757450000000000,TMG399X RGB Sensor,5.0,1464757449614292604
0,crowdsignals.algosnap.com,1.0(1),352622063881655,smartphone,-8,light,1464757449000000000,1464757450000000000,TMG399X RGB Sensor,5.0,1464757449792705990
0,crowdsignals.algosnap.com,1.0(1),352622063881655,smartphone,-8,light,1464757449000000000,1464757450000000000,TMG399X RGB Sensor,5.0,1464757449970617708
0,crowdsignals.algosnap.com,1.0(1),352622063881655,smartphone,-8,light,1464757450000000000,1464757451000000000,TMG399X RGB Sensor,5.0,1464757450326017292
0,crowdsignals.algosnap.com,1.0(1),352622063881655,smartphone,-8,light,1464757450000000000,1464757451000000000,TMG399X RGB Sensor,5.0,1464757450503432812
0,crowdsignals.algosnap.com,1.0(1),352622063881655,smartphone,-8,light,1464757450000000000,1464757451000000000,TMG399X RGB Sensor,5.0,1464757450681037448
0,crowdsignals.algosnap.com,1.0(1),352622063881655,smartphone,-8,light,1464757450000000000,1464757451000000000,TMG399X RGB Sensor,5.0,1464757450859856197
0,crowdsignals.algosnap.com,1.0(1),352622063881655,smartphone,-8,light,1464757451000000000,1464757452000000000,TMG399X RGB Sensor,5.0,1464757451036972031
0,crowdsignals.algosnap.com,1.0(1),352622063881655,smartphone,-8,light,1464757451000000000,1464757452000000000,TMG399X RGB Sensor,5.0,1464757451216307761
0,crowdsignals.algosnap.com,1.0(1),352622063881655,smartphone,-8,light,1464757451000000000,1464757452000000000,TMG399X RGB Sensor,8.0,1464757451393691667
0,crowdsignals.algosnap.com,1.0(1),352622063881655,smartphone,-8,light,1464757451000000000,1464757452000000000,TMG399X RGB Sensor,8.0,1464757451571579740
0,crowdsignals.algosnap.com,1.0(1),352622063881655,smartphone,-8,light,1464757451000000000,1464757452000000000,TMG399X RGB Sensor,8.0,1464757451751471251
0,crowdsignals.algosnap.com,1.0(1),352622063881655,smartphone,-8,light,1464757451000000000,1464757452000000000,TMG399X RGB Sensor,8.0,1464757451926325052
0,crowdsignals.algosnap.com,1.0(1),352622063881655,smartphone,-8,light,1464757452000000000,1464757453000000000,TMG399X RGB Sensor,8.0,1464757452283275521
0,crowdsignals.algosnap.com,1.0(1),352622063881655,smartphone,-8,light,1464757452000000000,1464757453000000000,TMG399X RGB Sensor,8.0,1464757452460222186
0,crowdsignals.algosnap.com,1.0(1),352622063881655,smartphone,-8,light,1464757452000000000,1464757453000000000,TMG399X RGB Sensor,8.0,1464757452638212708
0,crowdsignals.algosnap.com,1.0(1),352622063881655,smartphone,-8,light,1464757452000000000,1464757453000000000,TMG399X RGB Sensor,8.0,1464757452816773229
0,crowdsignals.algosnap.com,1.0(1),352622063881655,smartphone,-8,light,1464757452000000000,1464757453000000000,TMG399X RGB Sensor,8.0,1464757452993622187
0,crowdsignals.algosnap.com,1.0(1),352622063881655,smartphone,-8,light,1464757453000000000,1464757454000000000,TMG399X RGB Sensor,8.0,1464757453350249947
0,crowdsignals.algosnap.com,1.0(1),352622063881655,smartphone,-8,light,1464757453000000000,1464757454000000000,TMG399X RGB Sensor,8.0,1464757453529279011
0,crowdsignals.algosnap.com,1.0(1),352622063881655,smartphone,-8,light,1464757453000000000,1464757454000000000,TMG399X RGB Sensor,8.0,1464757453706380573
0,crowdsignals.algosnap.com,1.0(1),352622063881655,smartphone,-8,light,1464757453000000000,1464757454000000000,TMG399X RGB Sensor,8.0,1464757453885645156
0,crowdsignals.algosnap.com,1.0(1),352622063881655,smartphone,-8,light,1464757454000000000,1464757455000000000,TMG399X RGB Sensor,8.0,1464757454240255728
0,crowdsignals.algosnap.com,1.0(1),352622063881655,smartphone,-8,light,1464757454000000000,1464757455000000000,TMG399X RGB Sensor,8.0,1464757454417864114
0,crowdsignals.algosnap.com,1.0(1),352622063881655,smartphone,-8,light,1464757454000000000,1464757455000000000,TMG399X RGB Sensor,8.0,1464757454597223594
0,crowdsignals.algosnap.com,1.0(1),352622063881655,smartphone,-8,light,1464757454000000000,1464757455000000000,TMG399X RGB Sensor,5.0,1464757454774620469
0,crowdsignals.algosnap.com,1.0(1),352622063881655,smartphone,-8,light,1464757454000000000,1464757455000000000,TMG399X RGB Sensor,8.0,1464757454951629844
0,crowdsignals.algosnap.com,1.0(1),352622063881655,smartphone,-8,light,1464757455000000000,1464757456000000000,TMG399X RGB Sensor,8.0,1464757455308409010
0,crowdsignals.algosnap.com,1.0(1),352622063881655,smartphone,-8,light,1464757455000000000,1464757456000000000,TMG399X RGB Sensor,8.0,1464757455486278854
0,crowdsignals.algosnap.com,1.0(1),352622063881655,smartphone,-8,light,1464757455000000000,1464757456000000000,TMG399X RGB Sensor,8.0,1464757455662634948
0,crowdsignals.algosnap.com,1.0(1),352622063881655,smartphone,-8,light,1464757455000000000,1464757456000000000,TMG399X RGB Sensor,8.0,1464757455841431771
0,crowdsignals.algosnap.com,1.0(1),352622063881655,smartphone,-8,light,1464757456000000000,1464757457000000000,TMG399X RGB Sensor,8.0,1464757456197429531
0,crowdsignals.algosnap.com,1.0(1),352622063881655,smartphone,-8,light,1464757456000000000,1464757457000000000,TMG399X RGB Sensor,8.0,1464757456376567396
0,crowdsignals.algosnap.com,1.0(1),352622063881655,smartphone,-8,light,1464757456000000000,1464757457000000000,TMG399X RGB Sensor,8.0,1464757456552352916
0,crowdsignals.algosnap.com,1.0(1),352622063881655,smartphone,-8,light,1464757456000000000,1464757457000000000,TMG399X RGB Sensor,8.0,1464757456731044792
0,crowdsignals.algosnap.com,1.0(1),352622063881655,smartphone,-8,light,1464757456000000000,1464757457000000000,TMG399X RGB Sensor,8.0,1464757456908666406
0,crowdsignals.algosnap.com,1.0(1),352622063881655,smartphone,-8,light,1464757457000000000,1464757458000000000,TMG399X RGB Sensor,8.0,1464757457265350000
0,crowdsignals.algosnap.com,1.0(1),352622063881655,smartphone,-8,light,1464757457000000000,1464757458000000000,TMG399X RGB Sensor,8.0,1464757457442084792
0,crowdsignals.algosnap.com,1.0(1),352622063881655,smartphone,-8,light,1464757457000000000,1464757458000000000,TMG399X RGB Sensor,8.0,1464757457622586458
0,crowdsignals.algosnap.com,1.0(1),352622063881655,smartphone,-8,light,1464757457000000000,1464757458000000000,TMG399X RGB Sensor,8.0,1464757457799245312
0,crowdsignals.algosnap.com,1.0(1),352622063881655,smartphone,-8,light,1464757457000000000,1464757458000000000,TMG399X RGB Sensor,8.0,1464757457976496406
0,crowdsignals.algosnap.com,1.0(1),352622063881655,smartphone,-8,light,1464757458000000000,1464757459000000000,TMG399X RGB Sensor,8.0,1464757458332373021
0,crowdsignals.algosnap.com,1.0(1),352622063881655,smartphone,-8,light,1464757458000000000,1464757459000000000,TMG399X RGB Sensor,5.0,1464757458511693385
0,crowdsignals.algosnap.com,1.0(1),352622063881655,smartphone,-8,light,1464757458000000000,1464757459000000000,TMG399X RGB Sensor,8.0,1464757458688456198
0,crowdsignals.algosnap.com,1.0(1),352622063881655,smartphone,-8,light,1464757458000000000,1464757459000000000,TMG399X RGB Sensor,8.0,1464757458866277396
0,crowdsignals.algosnap.com,1.0(1),352622063881655,smartphone,-8,light,1464757459000000000,1464757460000000000,TMG399X RGB Sensor,8.0,1464757459221335364
0,crowdsignals.algosnap.com,1.0(1),352622063881655,smartphone,-8,light,1464757459000000000,1464757460000000000,TMG399X RGB Sensor,8.0,1464757459399130573
0,crowdsignals.algosnap.com,1.0(1),352622063881655,smartphone,-8,light,1464757459000000000,1464757460000000000,TMG399X RGB Sensor,8.0,1464757459577797135
0,crowdsignals.algosnap.com,1.0(1),352622063881655,smartphone,-8,light,1464757459000000000,1464757460000000000,TMG399X RGB Sensor,8.0,1464757459755501302
0,crowdsignals.algosnap.com,1.0(1),352622063881655,smartphone,-8,light,1464757459000000000,1464757460000000000,TMG399X RGB Sensor,8.0,1464757459933247605
0,crowdsignals.algosnap.com,1.0(1),352622063881655,smartphone,-8,light,1464757460000000000,1464757461000000000,TMG399X RGB Sensor,5.0,1464757460289249375
0,crowdsignals.algosnap.com,1.0(1),352622063881655,smartphone,-8,light,1464757460000000000,1464757461000000000,TMG399X RGB Sensor,8.0,1464757460469548280
0,crowdsignals.algosnap.com,1.0(1),352622063881655,smartphone,-8,light,1464757460000000000,1464757461000000000,TMG399X RGB Sensor,8.0,1464757460645680313
0,crowdsignals.algosnap.com,1.0(1),352622063881655,smartphone,-8,light,1464757460000000000,1464757461000000000,TMG399X RGB Sensor,8.0,1464757460822711406
0,crowdsignals.algosnap.com,1.0(1),352622063881655,smartphone,-8,light,1464757461000000000,1464757462000000000,TMG399X RGB Sensor,8.0,1464757461001714115
0,crowdsignals.algosnap.com,1.0(1),352622063881655,smartphone,-8,light,1464757461000000000,1464757462000000000,TMG399X RGB Sensor,8.0,1464757461179525260
0,crowdsignals.algosnap.com,1.0(1),352622063881655,smartphone,-8,light,1464757461000000000,1464757462000000000,TMG399X RGB Sensor,8.0,1464757461357956719
0,crowdsignals.algosnap.com,1.0(1),352622063881655,smartphone,-8,light,1464757461000000000,1464757462000000000,TMG399X RGB Sensor,8.0,1464757461534700834
0,crowdsignals.algosnap.com,1.0(1),352622063881655,smartphone,-8,light,1464757461000000000,1464757462000000000,TMG399X RGB Sensor,8.0,1464757461713396823
0,crowdsignals.algosnap.com,1.0(1),352622063881655,smartphone,-8,light,1464757461000000000,1464757462000000000,TMG399X RGB Sensor,8.0,1464757461890036458
0,crowdsignals.algosnap.com,1.0(1),352622063881655,smartphone,-8,light,1464757462000000000,1464757463000000000,TMG399X RGB Sensor,8.0,1464757462247461094
0,crowdsignals.algosnap.com,1.0(1),352622063881655,smartphone,-8,light,1464757462000000000,1464757463000000000,TMG399X RGB Sensor,8.0,1464757462424279010
0,crowdsignals.algosnap.com,1.0(1),352622063881655,smartphone,-8,light,1464757462000000000,1464757463000000000,TMG399X RGB Sensor,5.0,1464757462602482187
0,crowdsignals.algosnap.com,1.0(1),352622063881655,smartphone,-8,light,1464757462000000000,1464757463000000000,TMG399X RGB Sensor,8.0,1464757462780259427
0,crowdsignals.algosnap.com,1.0(1),352622063881655,smartphone,-8,light,1464757462000000000,1464757463000000000,TMG399X RGB Sensor,8.0,1464757462959839739
0,crowdsignals.algosnap.com,1.0(1),352622063881655,smartphone,-8,light,1464757463000000000,1464757464000000000,TMG399X RGB Sensor,8.0,1464757463313984115
0,crowdsignals.algosnap.com,1.0(1),352622063881655,smartphone,-8,light,1464757463000000000,1464757464000000000,TMG399X RGB Sensor,3.0,1464757463492403125
0,crowdsignals.algosnap.com,1.0(1),352622063881655,smartphone,-8,light,1464757463000000000,1464757464000000000,TMG399X RGB Sensor,8.0,1464757463671536459
0,crowdsignals.algosnap.com,1.0(1),352622063881655,smartphone,-8,light,1464757463000000000,1464757464000000000,TMG399X RGB Sensor,8.0,1464757463847987344
0,crowdsignals.algosnap.com,1.0(1),352622063881655,smartphone,-8,light,1464757464000000000,1464757465000000000,TMG399X RGB Sensor,8.0,1464757464203498542
0,crowdsignals.algosnap.com,1.0(1),352622063881655,smartphone,-8,light,1464757464000000000,1464757465000000000,TMG399X RGB Sensor,8.0,1464757464380691459
0,crowdsignals.algosnap.com,1.0(1),352622063881655,smartphone,-8,light,1464757464000000000,1464757465000000000,TMG399X RGB Sensor,8.0,1464757464559770936
0,crowdsignals.algosnap.com,1.0(1),352622063881655,smartphone,-8,light,1464757464000000000,1464757465000000000,TMG399X RGB Sensor,8.0,1464757464737321563
0,crowdsignals.algosnap.com,1.0(1),352622063881655,smartphone,-8,light,1464757464000000000,1464757465000000000,TMG399X RGB Sensor,3.0,1464757464915378229
0,crowdsignals.algosnap.com,1.0(1),352622063881655,smartphone,-8,light,1464757465000000000,1464757466000000000,TMG399X RGB Sensor,3.0,1464757465271286563
0,crowdsignals.algosnap.com,1.0(1),352622063881655,smartphone,-8,light,1464757465000000000,1464757466000000000,TMG399X RGB Sensor,3.0,1464757465448957188
0,crowdsignals.algosnap.com,1.0(1),352622063881655,smartphone,-8,light,1464757465000000000,1464757466000000000,TMG399X RGB Sensor,3.0,1464757465626841094
0,crowdsignals.algosnap.com,1.0(1),352622063881655,smartphone,-8,light,1464757465000000000,1464757466000000000,TMG399X RGB Sensor,8.0,1464757465805711094
0,crowdsignals.algosnap.com,1.0(1),352622063881655,smartphone,-8,light,1464757465000000000,1464757466000000000,TMG399X RGB Sensor,3.0,1464757465982808490
0,crowdsignals.algosnap.com,1.0(1),352622063881655,smartphone,-8,light,1464757466000000000,1464757467000000000,TMG399X RGB Sensor,3.0,1464757466338438334
0,crowdsignals.algosnap.com,1.0(1),352622063881655,smartphone,-8,light,1464757466000000000,1464757467000000000,TMG399X RGB Sensor,8.0,1464757466516360834
0,crowdsignals.algosnap.com,1.0(1),352622063881655,smartphone,-8,light,1464757466000000000,1464757467000000000,TMG399X RGB Sensor,3.0,1464757466694529531
0,crowdsignals.algosnap.com,1.0(1),352622063881655,smartphone,-8,light,1464757466000000000,1464757467000000000,TMG399X RGB Sensor,8.0,1464757466872258177
0,crowdsignals.algosnap.com,1.0(1),352622063881655,smartphone,-8,light,1464757467000000000,1464757468000000000,TMG399X RGB Sensor,3.0,1464757467228219948
0,crowdsignals.algosnap.com,1.0(1),352622063881655,smartphone,-8,light,1464757467000000000,1464757468000000000,TMG399X RGB Sensor,3.0,1464757467405350052
0,crowdsignals.algosnap.com,1.0(1),352622063881655,smartphone,-8,light,1464757467000000000,1464757468000000000,TMG399X RGB Sensor,8.0,1464757467583750938
0,crowdsignals.algosnap.com,1.0(1),352622063881655,smartphone,-8,light,1464757467000000000,1464757468000000000,TMG399X RGB Sensor,8.0,1464757467762088177
0,crowdsignals.algosnap.com,1.0(1),352622063881655,smartphone,-8,light,1464757467000000000,1464757468000000000,TMG399X RGB Sensor,3.0,1464757467939698020
0,crowdsignals.algosnap.com,1.0(1),352622063881655,smartphone,-8,light,1464757468000000000,1464757469000000000,TMG399X RGB Sensor,8.0,1464757468295527969
0,crowdsignals.algosnap.com,1.0(1),352622063881655,smartphone,-8,light,1464757468000000000,1464757469000000000,TMG399X RGB Sensor,8.0,1464757468473226875
0,crowdsignals.algosnap.com,1.0(1),352622063881655,smartphone,-8,light,1464757468000000000,1464757469000000000,TMG399X RGB Sensor,8.0,1464757468651724062
0,crowdsignals.algosnap.com,1.0(1),352622063881655,smartphone,-8,light,1464757468000000000,1464757469000000000,TMG399X RGB Sensor,8.0,1464757468829999426
0,crowdsignals.algosnap.com,1.0(1),352622063881655,smartphone,-8,light,1464757469000000000,1464757470000000000,TMG399X RGB Sensor,8.0,1464757469185252083
0,crowdsignals.algosnap.com,1.0(1),352622063881655,smartphone,-8,light,1464757469000000000,1464757470000000000,TMG399X RGB Sensor,8.0,1464757469363227865
0,crowdsignals.algosnap.com,1.0(1),352622063881655,smartphone,-8,light,1464757469000000000,1464757470000000000,TMG399X RGB Sensor,8.0,1464757469541856042
0,crowdsignals.algosnap.com,1.0(1),352622063881655,smartphone,-8,light,1464757469000000000,1464757470000000000,TMG399X RGB Sensor,3.0,1464757469718894167
0,crowdsignals.algosnap.com,1.0(1),352622063881655,smartphone,-8,light,1464757469000000000,1464757470000000000,TMG399X RGB Sensor,3.0,1464757469897429739
0,crowdsignals.algosnap.com,1.0(1),352622063881655,smartphone,-8,light,1464757470000000000,1464757471000000000,TMG399X RGB Sensor,3.0,1464757470253933594
0,crowdsignals.algosnap.com,1.0(1),352622063881655,smartphone,-8,light,1464757470000000000,1464757471000000000,TMG399X RGB Sensor,3.0,1464757470430892656
0,crowdsignals.algosnap.com,1.0(1),352622063881655,smartphone,-8,light,1464757470000000000,1464757471000000000,TMG399X RGB Sensor,3.0,1464757470608638229
0,crowdsignals.algosnap.com,1.0(1),352622063881655,smartphone,-8,light,1464757470000000000,1464757471000000000,TMG399X RGB Sensor,3.0,1464757470787915417
0,crowdsignals.algosnap.com,1.0(1),352622063881655,smartphone,-8,light,1464757470000000000,1464757471000000000,TMG399X RGB Sensor,3.0,1464757470964924323
0,crowdsignals.algosnap.com,1.0(1),352622063881655,smartphone,-8,light,1464757471000000000,1464757472000000000,TMG399X RGB Sensor,3.0,1464757471141449167
0,crowdsignals.algosnap.com,1.0(1),352622063881655,smartphone,-8,light,1464757471000000000,1464757472000000000,TMG399X RGB Sensor,8.0,1464757471320542395
0,crowdsignals.algosnap.com,1.0(1),352622063881655,smartphone,-8,light,1464757471000000000,1464757472000000000,TMG399X RGB Sensor,8.0,1464757471498193542
0,crowdsignals.algosnap.com,1.0(1),352622063881655,smartphone,-8,light,1464757471000000000,1464757472000000000,TMG399X RGB Sensor,3.0,1464757471678219530
0,crowdsignals.algosnap.com,1.0(1),352622063881655,smartphone,-8,light,1464757471000000000,1464757472000000000,TMG399X RGB Sensor,3.0,1464757471854839583
0,crowdsignals.algosnap.com,1.0(1),352622063881655,smartphone,-8,light,1464757472000000000,1464757473000000000,TMG399X RGB Sensor,8.0,1464757472210231718
0,crowdsignals.algosnap.com,1.0(1),352622063881655,smartphone,-8,light,1464757472000000000,1464757473000000000,TMG399X RGB Sensor,3.0,1464757472388233646
0,crowdsignals.algosnap.com,1.0(1),352622063881655,smartphone,-8,light,1464757472000000000,1464757473000000000,TMG399X RGB Sensor,3.0,1464757472566502968
0,crowdsignals.algosnap.com,1.0(1),352622063881655,smartphone,-8,light,1464757472000000000,1464757473000000000,TMG399X RGB Sensor,3.0,1464757472744840260
0,crowdsignals.algosnap.com,1.0(1),352622063881655,smartphone,-8,light,1464757472000000000,1464757473000000000,TMG399X RGB Sensor,3.0,1464757472921257343
0,crowdsignals.algosnap.com,1.0(1),352622063881655,smartphone,-8,light,1464757473000000000,1464757474000000000,TMG399X RGB Sensor,3.0,1464757473278662395
0,crowdsignals.algosnap.com,1.0(1),352622063881655,smartphone,-8,light,1464757473000000000,1464757474000000000,TMG399X RGB Sensor,3.0,1464757473456008906
0,crowdsignals.algosnap.com,1.0(1),352622063881655,smartphone,-8,light,1464757473000000000,1464757474000000000,TMG399X RGB Sensor,3.0,1464757473633567605
0,crowdsignals.algosnap.com,1.0(1),352622063881655,smartphone,-8,light,1464757473000000000,1464757474000000000,TMG399X RGB Sensor,3.0,1464757473811385052
0,crowdsignals.algosnap.com,1.0(1),352622063881655,smartphone,-8,light,1464757473000000000,1464757474000000000,TMG399X RGB Sensor,8.0,1464757473990780625
0,crowdsignals.algosnap.com,1.0(1),352622063881655,smartphone,-8,light,1464757474000000000,1464757475000000000,TMG399X RGB Sensor,3.0,1464757474344863958
0,crowdsignals.algosnap.com,1.0(1),352622063881655,smartphone,-8,light,1464757474000000000,1464757475000000000,TMG399X RGB Sensor,3.0,1464757474523380677
0,crowdsignals.algosnap.com,1.0(1),352622063881655,smartphone,-8,light,1464757474000000000,1464757475000000000,TMG399X RGB Sensor,8.0,1464757474700337083
0,crowdsignals.algosnap.com,1.0(1),352622063881655,smartphone,-8,light,1464757474000000000,1464757475000000000,TMG399X RGB Sensor,3.0,1464757474879650155
0,crowdsignals.algosnap.com,1.0(1),352622063881655,smartphone,-8,light,1464757475000000000,1464757476000000000,TMG399X RGB Sensor,8.0,1464757475234572553
0,crowdsignals.algosnap.com,1.0(1),352622063881655,smartphone,-8,light,1464757475000000000,1464757476000000000,TMG399X RGB Sensor,3.0,1464757475413369062
0,crowdsignals.algosnap.com,1.0(1),352622063881655,smartphone,-8,light,1464757475000000000,1464757476000000000,TMG399X RGB Sensor,3.0,1464757475590285468
0,crowdsignals.algosnap.com,1.0(1),352622063881655,smartphone,-8,light,1464757475000000000,1464757476000000000,TMG399X RGB Sensor,8.0,1464757475769293229
0,crowdsignals.algosnap.com,1.0(1),352622063881655,smartphone,-8,light,1464757475000000000,1464757476000000000,TMG399X RGB Sensor,3.0,1464757475946595365
0,crowdsignals.algosnap.com,1.0(1),352622063881655,smartphone,-8,light,1464757476000000000,1464757477000000000,TMG399X RGB Sensor,3.0,1464757476302446562
0,crowdsignals.algosnap.com,1.0(1),352622063881655,smartphone,-8,light,1464757476000000000,1464757477000000000,TMG399X RGB Sensor,3.0,1464757476480171510
0,crowdsignals.algosnap.com,1.0(1),352622063881655,smartphone,-8,light,1464757476000000000,1464757477000000000,TMG399X RGB Sensor,3.0,1464757476657993125
0,crowdsignals.algosnap.com,1.0(1),352622063881655,smartphone,-8,light,1464757476000000000,1464757477000000000,TMG399X RGB Sensor,3.0,1464757476835153958
0,crowdsignals.algosnap.com,1.0(1),352622063881655,smartphone,-8,light,1464757477000000000,1464757478000000000,TMG399X RGB Sensor,8.0,1464757477191611927
0,crowdsignals.algosnap.com,1.0(1),352622063881655,smartphone,-8,light,1464757477000000000,1464757478000000000,TMG399X RGB Sensor,3.0,1464757477369501353
0,crowdsignals.algosnap.com,1.0(1),352622063881655,smartphone,-8,light,1464757477000000000,1464757478000000000,TMG399X RGB Sensor,8.0,1464757477548117864
0,crowdsignals.algosnap.com,1.0(1),352622063881655,smartphone,-8,light,1464757477000000000,1464757478000000000,TMG399X RGB Sensor,8.0,1464757477726373178
0,crowdsignals.algosnap.com,1.0(1),352622063881655,smartphone,-8,light,1464757477000000000,1464757478000000000,TMG399X RGB Sensor,8.0,1464757477903334948
0,crowdsignals.algosnap.com,1.0(1),352622063881655,smartphone,-8,light,1464757478000000000,1464757479000000000,TMG399X RGB Sensor,3.0,1464757478259246094
0,crowdsignals.algosnap.com,1.0(1),352622063881655,smartphone,-8,light,1464757478000000000,1464757479000000000,TMG399X RGB Sensor,3.0,1464757478437059635
0,crowdsignals.algosnap.com,1.0(1),352622063881655,smartphone,-8,light,1464757478000000000,1464757479000000000,TMG399X RGB Sensor,8.0,1464757478614544427
0,crowdsignals.algosnap.com,1.0(1),352622063881655,smartphone,-8,light,1464757478000000000,1464757479000000000,TMG399X RGB Sensor,3.0,1464757478793757708
0,crowdsignals.algosnap.com,1.0(1),352622063881655,smartphone,-8,light,1464757478000000000,1464757479000000000,TMG399X RGB Sensor,3.0,1464757478970746927
0,crowdsignals.algosnap.com,1.0(1),352622063881655,smartphone,-8,light,1464757479000000000,1464757480000000000,TMG399X RGB Sensor,3.0,1464757479328516302
0,crowdsignals.algosnap.com,1.0(1),352622063881655,smartphone,-8,light,1464757479000000000,1464757480000000000,TMG399X RGB Sensor,3.0,1464757479505500365
0,crowdsignals.algosnap.com,1.0(1),352622063881655,smartphone,-8,light,1464757479000000000,1464757480000000000,TMG399X RGB Sensor,8.0,1464757479682085781
0,crowdsignals.algosnap.com,1.0(1),352622063881655,smartphone,-8,light,1464757479000000000,1464757480000000000,TMG399X RGB Sensor,3.0,1464757479859929426
0,crowdsignals.algosnap.com,1.0(1),352622063881655,smartphone,-8,light,1464757480000000000,1464757481000000000,TMG399X RGB Sensor,8.0,1464757480217302344
0,crowdsignals.algosnap.com,1.0(1),352622063881655,smartphone,-8,light,1464757480000000000,1464757481000000000,TMG399X RGB Sensor,8.0,1464757480393849115
0,crowdsignals.algosnap.com,1.0(1),352622063881655,smartphone,-8,light,1464757480000000000,1464757481000000000,TMG399X RGB Sensor,8.0,1464757480573240469
0,crowdsignals.algosnap.com,1.0(1),352622063881655,smartphone,-8,light,1464757480000000000,1464757481000000000,TMG399X RGB Sensor,8.0,1464757480751257552
0,crowdsignals.algosnap.com,1.0(1),352622063881655,smartphone,-8,light,1464757480000000000,1464757481000000000,TMG399X RGB Sensor,8.0,1464757480929516198
0,crowdsignals.algosnap.com,1.0(1),352622063881655,smartphone,-8,light,1464757481000000000,1464757482000000000,TMG399X RGB Sensor,8.0,1464757481106720728
0,crowdsignals.algosnap.com,1.0(1),352622063881655,smartphone,-8,light,1464757481000000000,1464757482000000000,TMG399X RGB Sensor,8.0,1464757481285983959
0,crowdsignals.algosnap.com,1.0(1),352622063881655,smartphone,-8,light,1464757481000000000,1464757482000000000,TMG399X RGB Sensor,8.0,1464757481462052552
0,crowdsignals.algosnap.com,1.0(1),352622063881655,smartphone,-8,light,1464757481000000000,1464757482000000000,TMG399X RGB Sensor,3.0,1464757481639981770
0,crowdsignals.algosnap.com,1.0(1),352622063881655,smartphone,-8,light,1464757481000000000,1464757482000000000,TMG399X RGB Sensor,3.0,1464757481817256198
0,crowdsignals.algosnap.com,1.0(1),352622063881655,smartphone,-8,light,1464757481000000000,1464757482000000000,TMG399X RGB Sensor,8.0,1464757481997578906
0,crowdsignals.algosnap.com,1.0(1),352622063881655,smartphone,-8,light,1464757482000000000,1464757483000000000,TMG399X RGB Sensor,3.0,1464757482353228594
0,crowdsignals.algosnap.com,1.0(1),352622063881655,smartphone,-8,light,1464757482000000000,1464757483000000000,TMG399X RGB Sensor,3.0,1464757482529090052
0,crowdsignals.algosnap.com,1.0(1),352622063881655,smartphone,-8,light,1464757482000000000,1464757483000000000,TMG399X RGB Sensor,3.0,1464757482707558333
0,crowdsignals.algosnap.com,1.0(1),352622063881655,smartphone,-8,light,1464757482000000000,1464757483000000000,TMG399X RGB Sensor,8.0,1464757482886293281
0,crowdsignals.algosnap.com,1.0(1),352622063881655,smartphone,-8,light,1464757483000000000,1464757484000000000,TMG399X RGB Sensor,3.0,1464757483241563385
0,crowdsignals.algosnap.com,1.0(1),352622063881655,smartphone,-8,light,1464757483000000000,1464757484000000000,TMG399X RGB Sensor,3.0,1464757483419899791
0,crowdsignals.algosnap.com,1.0(1),352622063881655,smartphone,-8,light,1464757483000000000,1464757484000000000,TMG399X RGB Sensor,3.0,1464757483598081771
0,crowdsignals.algosnap.com,1.0(1),352622063881655,smartphone,-8,light,1464757483000000000,1464757484000000000,TMG399X RGB Sensor,8.0,1464757483775230104
0,crowdsignals.algosnap.com,1.0(1),352622063881655,smartphone,-8,light,1464757483000000000,1464757484000000000,TMG399X RGB Sensor,8.0,1464757483953263178
0,crowdsignals.algosnap.com,1.0(1),352622063881655,smartphone,-8,light,1464757484000000000,1464757485000000000,TMG399X RGB Sensor,3.0,1464757484308698959
0,crowdsignals.algosnap.com,1.0(1),352622063881655,smartphone,-8,light,1464757484000000000,1464757485000000000,TMG399X RGB Sensor,8.0,1464757484486232551
0,crowdsignals.algosnap.com,1.0(1),352622063881655,smartphone,-8,light,1464757484000000000,1464757485000000000,TMG399X RGB Sensor,8.0,1464757484664388281
0,crowdsignals.algosnap.com,1.0(1),352622063881655,smartphone,-8,light,1464757484000000000,1464757485000000000,TMG399X RGB Sensor,8.0,1464757484842301041
0,crowdsignals.algosnap.com,1.0(1),352622063881655,smartphone,-8,light,1464757485000000000,1464757486000000000,TMG399X RGB Sensor,3.0,1464757485198261302
0,crowdsignals.algosnap.com,1.0(1),352622063881655,smartphone,-8,light,1464757485000000000,1464757486000000000,TMG399X RGB Sensor,8.0,1464757485375856823
0,crowdsignals.algosnap.com,1.0(1),352622063881655,smartphone,-8,light,1464757485000000000,1464757486000000000,TMG399X RGB Sensor,8.0,1464757485554056771
0,crowdsignals.algosnap.com,1.0(1),352622063881655,smartphone,-8,light,1464757485000000000,1464757486000000000,TMG399X RGB Sensor,8.0,1464757485732036459
0,crowdsignals.algosnap.com,1.0(1),352622063881655,smartphone,-8,light,1464757485000000000,1464757486000000000,TMG399X RGB Sensor,3.0,1464757485909236250
0,crowdsignals.algosnap.com,1.0(1),352622063881655,smartphone,-8,light,1464757486000000000,1464757487000000000,TMG399X RGB Sensor,8.0,1464757486266603021
0,crowdsignals.algosnap.com,1.0(1),352622063881655,smartphone,-8,light,1464757486000000000,1464757487000000000,TMG399X RGB Sensor,3.0,1464757486443183021
0,crowdsignals.algosnap.com,1.0(1),352622063881655,smartphone,-8,light,1464757486000000000,1464757487000000000,TMG399X RGB Sensor,3.0,1464757486622651406
0,crowdsignals.algosnap.com,1.0(1),352622063881655,smartphone,-8,light,1464757486000000000,1464757487000000000,TMG399X RGB Sensor,8.0,1464757486799069166
0,crowdsignals.algosnap.com,1.0(1),352622063881655,smartphone,-8,light,1464757486000000000,1464757487000000000,TMG399X RGB Sensor,3.0,1464757486979291198
0,crowdsignals.algosnap.com,1.0(1),352622063881655,smartphone,-8,light,1464757487000000000,1464757488000000000,TMG399X RGB Sensor,3.0,1464757487334499583
0,crowdsignals.algosnap.com,1.0(1),352622063881655,smartphone,-8,light,1464757487000000000,1464757488000000000,TMG399X RGB Sensor,8.0,1464757487511631042
0,crowdsignals.algosnap.com,1.0(1),352622063881655,smartphone,-8,light,1464757487000000000,1464757488000000000,TMG399X RGB Sensor,8.0,1464757487688404739
0,crowdsignals.algosnap.com,1.0(1),352622063881655,smartphone,-8,light,1464757487000000000,1464757488000000000,TMG399X RGB Sensor,3.0,1464757487866915989
0,crowdsignals.algosnap.com,1.0(1),352622063881655,smartphone,-8,light,1464757488000000000,1464757489000000000,TMG399X RGB Sensor,8.0,1464757488224107136
0,crowdsignals.algosnap.com,1.0(1),352622063881655,smartphone,-8,light,1464757488000000000,1464757489000000000,TMG399X RGB Sensor,8.0,1464757488401160469
0,crowdsignals.algosnap.com,1.0(1),352622063881655,smartphone,-8,light,1464757488000000000,1464757489000000000,TMG399X RGB Sensor,3.0,1464757488580287291
0,crowdsignals.algosnap.com,1.0(1),352622063881655,smartphone,-8,light,1464757488000000000,1464757489000000000,TMG399X RGB Sensor,8.0,1464757488756357136
0,crowdsignals.algosnap.com,1.0(1),352622063881655,smartphone,-8,light,1464757488000000000,1464757489000000000,TMG399X RGB Sensor,3.0,1464757488934919740
0,crowdsignals.algosnap.com,1.0(1),352622063881655,smartphone,-8,light,1464757489000000000,1464757490000000000,TMG399X RGB Sensor,8.0,1464757489290703020
0,crowdsignals.algosnap.com,1.0(1),352622063881655,smartphone,-8,light,1464757489000000000,1464757490000000000,TMG399X RGB Sensor,3.0,1464757489467990729
0,crowdsignals.algosnap.com,1.0(1),352622063881655,smartphone,-8,light,1464757489000000000,1464757490000000000,TMG399X RGB Sensor,3.0,1464757489648124791
0,crowdsignals.algosnap.com,1.0(1),352622063881655,smartphone,-8,light,1464757489000000000,1464757490000000000,TMG399X RGB Sensor,8.0,1464757489825680260
0,crowdsignals.algosnap.com,1.0(1),352622063881655,smartphone,-8,light,1464757490000000000,1464757491000000000,TMG399X RGB Sensor,8.0,1464757490179310469
0,crowdsignals.algosnap.com,1.0(1),352622063881655,smartphone,-8,light,1464757490000000000,1464757491000000000,TMG399X RGB Sensor,8.0,1464757490357865521
0,crowdsignals.algosnap.com,1.0(1),352622063881655,smartphone,-8,light,1464757490000000000,1464757491000000000,TMG399X RGB Sensor,3.0,1464757490536414115
0,crowdsignals.algosnap.com,1.0(1),352622063881655,smartphone,-8,light,1464757490000000000,1464757491000000000,TMG399X RGB Sensor,3.0,1464757490713738073
0,crowdsignals.algosnap.com,1.0(1),352622063881655,smartphone,-8,light,1464757490000000000,1464757491000000000,TMG399X RGB Sensor,3.0,1464757490890978594
0,crowdsignals.algosnap.com,1.0(1),352622063881655,smartphone,-8,light,1464757491000000000,1464757492000000000,TMG399X RGB Sensor,8.0,1464757491069250520
0,crowdsignals.algosnap.com,1.0(1),352622063881655,smartphone,-8,light,1464757491000000000,1464757492000000000,TMG399X RGB Sensor,3.0,1464757491247856615
0,crowdsignals.algosnap.com,1.0(1),352622063881655,smartphone,-8,light,1464757491000000000,1464757492000000000,TMG399X RGB Sensor,3.0,1464757491425424635
0,crowdsignals.algosnap.com,1.0(1),352622063881655,smartphone,-8,light,1464757491000000000,1464757492000000000,TMG399X RGB Sensor,3.0,1464757491602627292
0,crowdsignals.algosnap.com,1.0(1),352622063881655,smartphone,-8,light,1464757491000000000,1464757492000000000,TMG399X RGB Sensor,3.0,1464757491781956979
0,crowdsignals.algosnap.com,1.0(1),352622063881655,smartphone,-8,light,1464757491000000000,1464757492000000000,TMG399X RGB Sensor,3.0,1464757491958371302
0,crowdsignals.algosnap.com,1.0(1),352622063881655,smartphone,-8,light,1464757492000000000,1464757493000000000,TMG399X RGB Sensor,3.0,1464757492316260365
0,crowdsignals.algosnap.com,1.0(1),352622063881655,smartphone,-8,light,1464757492000000000,1464757493000000000,TMG399X RGB Sensor,3.0,1464757492491949375
0,crowdsignals.algosnap.com,1.0(1),352622063881655,smartphone,-8,light,1464757492000000000,1464757493000000000,TMG399X RGB Sensor,3.0,1464757492670813594
0,crowdsignals.algosnap.com,1.0(1),352622063881655,smartphone,-8,light,1464757492000000000,1464757493000000000,TMG399X RGB Sensor,3.0,1464757492848625261
0,crowdsignals.algosnap.com,1.0(1),352622063881655,smartphone,-8,light,1464757493000000000,1464757494000000000,TMG399X RGB Sensor,3.0,1464757493205291667
0,crowdsignals.algosnap.com,1.0(1),352622063881655,smartphone,-8,light,1464757493000000000,1464757494000000000,TMG399X RGB Sensor,3.0,1464757493382652031
0,crowdsignals.algosnap.com,1.0(1),352622063881655,smartphone,-8,light,1464757493000000000,1464757494000000000,TMG399X RGB Sensor,8.0,1464757493560417656
0,crowdsignals.algosnap.com,1.0(1),352622063881655,smartphone,-8,light,1464757493000000000,1464757494000000000,TMG399X RGB Sensor,3.0,1464757493738431509
0,crowdsignals.algosnap.com,1.0(1),352622063881655,smartphone,-8,light,1464757493000000000,1464757494000000000,TMG399X RGB Sensor,3.0,1464757493916186563
0,crowdsignals.algosnap.com,1.0(1),352622063881655,smartphone,-8,light,1464757494000000000,1464757495000000000,TMG399X RGB Sensor,3.0,1464757494272611146
0,crowdsignals.algosnap.com,1.0(1),352622063881655,smartphone,-8,light,1464757494000000000,1464757495000000000,TMG399X RGB Sensor,8.0,1464757494449384010
0,crowdsignals.algosnap.com,1.0(1),352622063881655,smartphone,-8,light,1464757494000000000,1464757495000000000,TMG399X RGB Sensor,3.0,1464757494628250677
0,crowdsignals.algosnap.com,1.0(1),352622063881655,smartphone,-8,light,1464757494000000000,1464757495000000000,TMG399X RGB Sensor,3.0,1464757494805703855
0,crowdsignals.algosnap.com,1.0(1),352622063881655,smartphone,-8,light,1464757494000000000,1464757495000000000,TMG399X RGB Sensor,3.0,1464757494982974948
0,crowdsignals.algosnap.com,1.0(1),352622063881655,smartphone,-8,light,1464757495000000000,1464757496000000000,TMG399X RGB Sensor,3.0,1464757495339255573
0,crowdsignals.algosnap.com,1.0(1),352622063881655,smartphone,-8,light,1464757495000000000,1464757496000000000,TMG399X RGB Sensor,8.0,1464757495518305208
0,crowdsignals.algosnap.com,1.0(1),352622063881655,smartphone,-8,light,1464757495000000000,1464757496000000000,TMG399X RGB Sensor,3.0,1464757495695870365
0,crowdsignals.algosnap.com,1.0(1),352622063881655,smartphone,-8,light,1464757495000000000,1464757496000000000,TMG399X RGB Sensor,8.0,1464757495874640051
0,crowdsignals.algosnap.com,1.0(1),352622063881655,smartphone,-8,light,1464757496000000000,1464757497000000000,TMG399X RGB Sensor,3.0,1464757496228653073
0,crowdsignals.algosnap.com,1.0(1),352622063881655,smartphone,-8,light,1464757496000000000,1464757497000000000,TMG399X RGB Sensor,8.0,1464757496407299688
0,crowdsignals.algosnap.com,1.0(1),352622063881655,smartphone,-8,light,1464757496000000000,1464757497000000000,TMG399X RGB Sensor,3.0,1464757496586299948
0,crowdsignals.algosnap.com,1.0(1),352622063881655,smartphone,-8,light,1464757496000000000,1464757497000000000,TMG399X RGB Sensor,3.0,1464757496763622136
0,crowdsignals.algosnap.com,1.0(1),352622063881655,smartphone,-8,light,1464757496000000000,1464757497000000000,TMG399X RGB Sensor,3.0,1464757496940760261
0,crowdsignals.algosnap.com,1.0(1),352622063881655,smartphone,-8,light,1464757497000000000,1464757498000000000,TMG399X RGB Sensor,3.0,1464757497296711615
0,crowdsignals.algosnap.com,1.0(1),352622063881655,smartphone,-8,light,1464757497000000000,1464757498000000000,TMG399X RGB Sensor,8.0,1464757497474789323
0,crowdsignals.algosnap.com,1.0(1),352622063881655,smartphone,-8,light,1464757497000000000,1464757498000000000,TMG399X RGB Sensor,3.0,1464757497653120417
0,crowdsignals.algosnap.com,1.0(1),352622063881655,smartphone,-8,light,1464757497000000000,1464757498000000000,TMG399X RGB Sensor,3.0,1464757497830338801
0,crowdsignals.algosnap.com,1.0(1),352622063881655,smartphone,-8,light,1464757498000000000,1464757499000000000,TMG399X RGB Sensor,3.0,1464757498186155729
0,crowdsignals.algosnap.com,1.0(1),352622063881655,smartphone,-8,light,1464757498000000000,1464757499000000000,TMG399X RGB Sensor,8.0,1464757498365419896
0,crowdsignals.algosnap.com,1.0(1),352622063881655,smartphone,-8,light,1464757498000000000,1464757499000000000,TMG399X RGB Sensor,3.0,1464757498542618958
0,crowdsignals.algosnap.com,1.0(1),352622063881655,smartphone,-8,light,1464757498000000000,1464757499000000000,TMG399X RGB Sensor,8.0,1464757498719926198
0,crowdsignals.algosnap.com,1.0(1),352622063881655,smartphone,-8,light,1464757498000000000,1464757499000000000,TMG399X RGB Sensor,8.0,1464757498897716823
0,crowdsignals.algosnap.com,1.0(1),352622063881655,smartphone,-8,light,1464757499000000000,1464757500000000000,TMG399X RGB Sensor,3.0,1464757499253701145
0,crowdsignals.algosnap.com,1.0(1),352622063881655,smartphone,-8,light,1464757499000000000,1464757500000000000,TMG399X RGB Sensor,3.0,1464757499431461771
0,crowdsignals.algosnap.com,1.0(1),352622063881655,smartphone,-8,light,1464757499000000000,1464757500000000000,TMG399X RGB Sensor,3.0,1464757499610215885
0,crowdsignals.algosnap.com,1.0(1),352622063881655,smartphone,-8,light,1464757499000000000,1464757500000000000,TMG399X RGB Sensor,3.0,1464757499787616719
0,crowdsignals.algosnap.com,1.0(1),352622063881655,smartphone,-8,light,1464757499000000000,1464757500000000000,TMG399X RGB Sensor,3.0,1464757499965829792
0,crowdsignals.algosnap.com,1.0(1),352622063881655,smartphone,-8,light,1464757500000000000,1464757501000000000,TMG399X RGB Sensor,3.0,1464757500322537761
0,crowdsignals.algosnap.com,1.0(1),352622063881655,smartphone,-8,light,1464757500000000000,1464757501000000000,TMG399X RGB Sensor,8.0,1464757500501481563
0,crowdsignals.algosnap.com,1.0(1),352622063881655,smartphone,-8,light,1464757500000000000,1464757501000000000,TMG399X RGB Sensor,3.0,1464757500678552552
0,crowdsignals.algosnap.com,1.0(1),352622063881655,smartphone,-8,light,1464757500000000000,1464757501000000000,TMG399X RGB Sensor,8.0,1464757500855200261
0,crowdsignals.algosnap.com,1.0(1),352622063881655,smartphone,-8,light,1464757501000000000,1464757502000000000,TMG399X RGB Sensor,3.0,1464757501032867292
0,crowdsignals.algosnap.com,1.0(1),352622063881655,smartphone,-8,light,1464757501000000000,1464757502000000000,TMG399X RGB Sensor,3.0,1464757501211071510
0,crowdsignals.algosnap.com,1.0(1),352622063881655,smartphone,-8,light,1464757501000000000,1464757502000000000,TMG399X RGB Sensor,5.0,1464757501389162395
0,crowdsignals.algosnap.com,1.0(1),352622063881655,smartphone,-8,light,1464757501000000000,1464757502000000000,TMG399X RGB Sensor,5.0,1464757501566280365
0,crowdsignals.algosnap.com,1.0(1),352622063881655,smartphone,-8,light,1464757501000000000,1464757502000000000,TMG399X RGB Sensor,5.0,1464757501745234584
0,crowdsignals.algosnap.com,1.0(1),352622063881655,smartphone,-8,light,1464757501000000000,1464757502000000000,TMG399X RGB Sensor,5.0,1464757501923587969
0,crowdsignals.algosnap.com,1.0(1),352622063881655,smartphone,-8,light,1464757502000000000,1464757503000000000,TMG399X RGB Sensor,5.0,1464757502278633020
0,crowdsignals.algosnap.com,1.0(1),352622063881655,smartphone,-8,light,1464757502000000000,1464757503000000000,TMG399X RGB Sensor,5.0,1464757502455534323
0,crowdsignals.algosnap.com,1.0(1),352622063881655,smartphone,-8,light,1464757502000000000,1464757503000000000,TMG399X RGB Sensor,5.0,1464757502635059062
0,crowdsignals.algosnap.com,1.0(1),352622063881655,smartphone,-8,light,1464757502000000000,1464757503000000000,TMG399X RGB Sensor,5.0,1464757502812079010
0,crowdsignals.algosnap.com,1.0(1),352622063881655,smartphone,-8,light,1464757502000000000,1464757503000000000,TMG399X RGB Sensor,5.0,1464757502991339532
0,crowdsignals.algosnap.com,1.0(1),352622063881655,smartphone,-8,light,1464757503000000000,1464757504000000000,TMG399X RGB Sensor,5.0,1464757503346133802
0,crowdsignals.algosnap.com,1.0(1),352622063881655,smartphone,-8,light,1464757503000000000,1464757504000000000,TMG399X RGB Sensor,5.0,1464757503523274427
0,crowdsignals.algosnap.com,1.0(1),352622063881655,smartphone,-8,light,1464757503000000000,1464757504000000000,TMG399X RGB Sensor,5.0,1464757503701078334
0,crowdsignals.algosnap.com,1.0(1),352622063881655,smartphone,-8,light,1464757503000000000,1464757504000000000,TMG399X RGB Sensor,5.0,1464757503880224947
0,crowdsignals.algosnap.com,1.0(1),352622063881655,smartphone,-8,light,1464757504000000000,1464757505000000000,TMG399X RGB Sensor,5.0,1464757504236209791
0,crowdsignals.algosnap.com,1.0(1),352622063881655,smartphone,-8,light,1464757504000000000,1464757505000000000,TMG399X RGB Sensor,5.0,1464757504413252396
0,crowdsignals.algosnap.com,1.0(1),352622063881655,smartphone,-8,light,1464757504000000000,1464757505000000000,TMG399X RGB Sensor,5.0,1464757504592239323
0,crowdsignals.algosnap.com,1.0(1),352622063881655,smartphone,-8,light,1464757504000000000,1464757505000000000,TMG399X RGB Sensor,5.0,1464757504769412187
0,crowdsignals.algosnap.com,1.0(1),352622063881655,smartphone,-8,light,1464757504000000000,1464757505000000000,TMG399X RGB Sensor,5.0,1464757504947346146
0,crowdsignals.algosnap.com,1.0(1),352622063881655,smartphone,-8,light,1464757505000000000,1464757506000000000,TMG399X RGB Sensor,5.0,1464757505303310261
0,crowdsignals.algosnap.com,1.0(1),352622063881655,smartphone,-8,light,1464757505000000000,1464757506000000000,TMG399X RGB Sensor,5.0,1464757505481293229
0,crowdsignals.algosnap.com,1.0(1),352622063881655,smartphone,-8,light,1464757505000000000,1464757506000000000,TMG399X RGB Sensor,5.0,1464757505658899114
0,crowdsignals.algosnap.com,1.0(1),352622063881655,smartphone,-8,light,1464757505000000000,1464757506000000000,TMG399X RGB Sensor,5.0,1464757505836512760
0,crowdsignals.algosnap.com,1.0(1),352622063881655,smartphone,-8,light,1464757506000000000,1464757507000000000,TMG399X RGB Sensor,5.0,1464757506193689063
0,crowdsignals.algosnap.com,1.0(1),352622063881655,smartphone,-8,light,1464757506000000000,1464757507000000000,TMG399X RGB Sensor,5.0,1464757506370440000
0,crowdsignals.algosnap.com,1.0(1),352622063881655,smartphone,-8,light,1464757506000000000,1464757507000000000,TMG399X RGB Sensor,5.0,1464757506549175728
0,crowdsignals.algosnap.com,1.0(1),352622063881655,smartphone,-8,light,1464757506000000000,1464757507000000000,TMG399X RGB Sensor,5.0,1464757506726759480
0,crowdsignals.algosnap.com,1.0(1),352622063881655,smartphone,-8,light,1464757506000000000,1464757507000000000,TMG399X RGB Sensor,5.0,1464757506905077136
0,crowdsignals.algosnap.com,1.0(1),352622063881655,smartphone,-8,light,1464757507000000000,1464757508000000000,TMG399X RGB Sensor,5.0,1464757507261667032
0,crowdsignals.algosnap.com,1.0(1),352622063881655,smartphone,-8,light,1464757507000000000,1464757508000000000,TMG399X RGB Sensor,5.0,1464757507439001354
0,crowdsignals.algosnap.com,1.0(1),352622063881655,smartphone,-8,light,1464757507000000000,1464757508000000000,TMG399X RGB Sensor,5.0,1464757507616270729
0,crowdsignals.algosnap.com,1.0(1),352622063881655,smartphone,-8,light,1464757507000000000,1464757508000000000,TMG399X RGB Sensor,5.0,1464757507794729792
0,crowdsignals.algosnap.com,1.0(1),352622063881655,smartphone,-8,light,1464757507000000000,1464757508000000000,TMG399X RGB Sensor,5.0,1464757507973553177
0,crowdsignals.algosnap.com,1.0(1),352622063881655,smartphone,-8,light,1464757508000000000,1464757509000000000,TMG399X RGB Sensor,5.0,1464757508328304532
0,crowdsignals.algosnap.com,1.0(1),352622063881655,smartphone,-8,light,1464757508000000000,1464757509000000000,TMG399X RGB Sensor,5.0,1464757508505416980
0,crowdsignals.algosnap.com,1.0(1),352622063881655,smartphone,-8,light,1464757508000000000,1464757509000000000,TMG399X RGB Sensor,5.0,1464757508685060104
0,crowdsignals.algosnap.com,1.0(1),352622063881655,smartphone,-8,light,1464757508000000000,1464757509000000000,TMG399X RGB Sensor,5.0,1464757508861435261
0,crowdsignals.algosnap.com,1.0(1),352622063881655,smartphone,-8,light,1464757509000000000,1464757510000000000,TMG399X RGB Sensor,5.0,1464757509218138803
0,crowdsignals.algosnap.com,1.0(1),352622063881655,smartphone,-8,light,1464757509000000000,1464757510000000000,TMG399X RGB Sensor,5.0,1464757509395522500
0,crowdsignals.algosnap.com,1.0(1),352622063881655,smartphone,-8,light,1464757509000000000,1464757510000000000,TMG399X RGB Sensor,5.0,1464757509573976198
0,crowdsignals.algosnap.com,1.0(1),352622063881655,smartphone,-8,light,1464757509000000000,1464757510000000000,TMG399X RGB Sensor,5.0,1464757509751636876
0,crowdsignals.algosnap.com,1.0(1),352622063881655,smartphone,-8,light,1464757509000000000,1464757510000000000,TMG399X RGB Sensor,5.0,1464757509930383229
0,crowdsignals.algosnap.com,1.0(1),352622063881655,smartphone,-8,light,1464757510000000000,1464757511000000000,TMG399X RGB Sensor,5.0,1464757510287142448
0,crowdsignals.algosnap.com,1.0(1),352622063881655,smartphone,-8,light,1464757510000000000,1464757511000000000,TMG399X RGB Sensor,5.0,1464757510464341979
0,crowdsignals.algosnap.com,1.0(1),352622063881655,smartphone,-8,light,1464757510000000000,1464757511000000000,TMG399X RGB Sensor,5.0,1464757510641707344
0,crowdsignals.algosnap.com,1.0(1),352622063881655,smartphone,-8,light,1464757510000000000,1464757511000000000,TMG399X RGB Sensor,5.0,1464757510819339687
0,crowdsignals.algosnap.com,1.0(1),352622063881655,smartphone,-8,light,1464757510000000000,1464757511000000000,TMG399X RGB Sensor,5.0,1464757510997402396
0,crowdsignals.algosnap.com,1.0(1),352622063881655,smartphone,-8,light,1464757511000000000,1464757512000000000,TMG399X RGB Sensor,5.0,1464757511174473959
0,crowdsignals.algosnap.com,1.0(1),352622063881655,smartphone,-8,light,1464757511000000000,1464757512000000000,TMG399X RGB Sensor,5.0,1464757511353372135
0,crowdsignals.algosnap.com,1.0(1),352622063881655,smartphone,-8,light,1464757511000000000,1464757512000000000,TMG399X RGB Sensor,5.0,1464757511531142709
0,crowdsignals.algosnap.com,1.0(1),352622063881655,smartphone,-8,light,1464757511000000000,1464757512000000000,TMG399X RGB Sensor,5.0,1464757511709038645
0,crowdsignals.algosnap.com,1.0(1),352622063881655,smartphone,-8,light,1464757511000000000,1464757512000000000,TMG399X RGB Sensor,5.0,1464757511887375625
