user_id,sw_name,sw_version,device_id,device_type,timezone,type,start,end,event_type,data,number,timestamps
0,crowdsignals.algosnap.com,1.0(1),352622063881655,smartphone,-8,phonestate,1464757423753000000,1464757423753000000,DataActivity,DATA_ACTIVITY_INOUT,null,1464757423753000000
0,crowdsignals.algosnap.com,1.0(1),352622063881655,smartphone,-8,phonestate,1464757424793000000,1464757424793000000,DataActivity,DATA_ACTIVITY_NONE,null,1464757424793000000
0,crowdsignals.algosnap.com,1.0(1),352622063881655,smartphone,-8,phonestate,1464757433879000000,1464757433879000000,DataActivity,DATA_ACTIVITY_INOUT,null,1464757433879000000
0,crowdsignals.algosnap.com,1.0(1),352622063881655,smartphone,-8,phonestate,1464757434883000000,1464757434883000000,DataActivity,DATA_ACTIVITY_NONE,null,1464757434883000000
0,crowdsignals.algosnap.com,1.0(1),352622063881655,smartphone,-8,phonestate,1464757441962000000,1464757441962000000,DataActivity,DATA_ACTIVITY_INOUT,null,1464757441962000000
0,crowdsignals.algosnap.com,1.0(1),352622063881655,smartphone,-8,phonestate,1464757450007000000,1464757450007000000,DataActivity,DATA_ACTIVITY_IN,null,1464757450007000000
0,crowdsignals.algosnap.com,1.0(1),352622063881655,smartphone,-8,phonestate,1464757451023000000,1464757451023000000,DataActivity,DATA_ACTIVITY_NONE,null,1464757451023000000
0,crowdsignals.algosnap.com,1.0(1),352622063881655,smartphone,-8,phonestate,1464757460082000000,1464757460082000000,DataActivity,DATA_ACTIVITY_INOUT,null,1464757460082000000
0,crowdsignals.algosnap.com,1.0(1),352622063881655,smartphone,-8,phonestate,1464757461087000000,1464757461087000000,DataActivity,DATA_ACTIVITY_IN,null,1464757461087000000
0,crowdsignals.algosnap.com,1.0(1),352622063881655,smartphone,-8,phonestate,1464757462093000000,1464757462093000000,DataActivity,DATA_ACTIVITY_NONE,null,1464757462093000000
0,crowdsignals.algosnap.com,1.0(1),352622063881655,smartphone,-8,phonestate,1464757463104000000,1464757463104000000,DataActivity,DATA_ACTIVITY_IN,null,1464757463104000000
0,crowdsignals.algosnap.com,1.0(1),352622063881655,smartphone,-8,phonestate,1464757464115000000,1464757464115000000,DataActivity,DATA_ACTIVITY_NONE,null,1464757464115000000
0,crowdsignals.algosnap.com,1.0(1),352622063881655,smartphone,-8,phonestate,1464757467132000000,1464757467132000000,DataActivity,DATA_ACTIVITY_IN,null,1464757467132000000
0,crowdsignals.algosnap.com,1.0(1),352622063881655,smartphone,-8,phonestate,1464757468143000000,1464757468143000000,DataActivity,DATA_ACTIVITY_NONE,null,1464757468143000000
0,crowdsignals.algosnap.com,1.0(1),352622063881655,smartphone,-8,phonestate,1464757503392000000,1464757503392000000,DataActivity,DATA_ACTIVITY_OUT,null,1464757503392000000
0,crowdsignals.algosnap.com,1.0(1),352622063881655,smartphone,-8,phonestate,1464757504400000000,1464757504400000000,DataActivity,DATA_ACTIVITY_INOUT,null,1464757504400000000
0,crowdsignals.algosnap.com,1.0(1),352622063881655,smartphone,-8,phonestate,1464757505410000000,1464757505410000000,DataActivity,DATA_ACTIVITY_NONE,null,1464757505410000000
0,crowdsignals.algosnap.com,1.0(1),352622063881655,smartphone,-8,phonestate,1464757506412000000,1464757506412000000,DataActivity,DATA_ACTIVITY_INOUT,null,1464757506412000000
0,crowdsignals.algosnap.com,1.0(1),352622063881655,smartphone,-8,phonestate,1464757507417000000,1464757507417000000,DataActivity,DATA_ACTIVITY_NONE,null,1464757507417000000
0,crowdsignals.algosnap.com,1.0(1),352622063881655,smartphone,-8,phonestate,1464757508423000000,1464757508423000000,DataActivity,DATA_ACTIVITY_INOUT,null,1464757508423000000
0,crowdsignals.algosnap.com,1.0(1),352622063881655,smartphone,-8,phonestate,1464757509434000000,1464757509434000000,DataActivity,DATA_ACTIVITY_NONE,null,1464757509434000000
