user_id,sw_name,sw_version,device_id,device_type,timezone,type,start,end,motion,pace,speed,totalDistance,timestamps
0,crowdsignals.algosnap.com,1.0(1),352622063881655,smartphone,-8,msBandDistance,1464757515000000000,1464757516000000000,idle,0.0,0.0,3921932,1464757515100000000
0,crowdsignals.algosnap.com,1.0(1),352622063881655,smartphone,-8,msBandDistance,1464757516000000000,1464757517000000000,idle,0.0,0.0,3921932,1464757516115000000
0,crowdsignals.algosnap.com,1.0(1),352622063881655,smartphone,-8,msBandDistance,1464757517000000000,1464757518000000000,idle,0.0,0.0,3921932,1464757517121000000
0,crowdsignals.algosnap.com,1.0(1),352622063881655,smartphone,-8,msBandDistance,1464757518000000000,1464757519000000000,idle,0.0,0.0,3921932,1464757518123000000
0,crowdsignals.algosnap.com,1.0(1),352622063881655,smartphone,-8,msBandDistance,1464757519000000000,1464757520000000000,idle,0.0,0.0,3921932,1464757519125000000
0,crowdsignals.algosnap.com,1.0(1),352622063881655,smartphone,-8,msBandDistance,1464757520000000000,1464757521000000000,idle,0.0,0.0,3921932,1464757520134000000
0,crowdsignals.algosnap.com,1.0(1),352622063881655,smartphone,-8,msBandDistance,1464757521000000000,1464757522000000000,idle,0.0,0.0,3921932,1464757521162000000
0,crowdsignals.algosnap.com,1.0(1),352622063881655,smartphone,-8,msBandDistance,1464757522000000000,1464757523000000000,idle,0.0,0.0,3921932,1464757522154000000
0,crowdsignals.algosnap.com,1.0(1),352622063881655,smartphone,-8,msBandDistance,1464757523000000000,1464757524000000000,idle,0.0,0.0,3921932,1464757523160000000
0,crowdsignals.algosnap.com,1.0(1),352622063881655,smartphone,-8,msBandDistance,1464757524000000000,1464757525000000000,idle,0.0,0.0,3921932,1464757524175000000
0,crowdsignals.algosnap.com,1.0(1),352622063881655,smartphone,-8,msBandDistance,1464757525000000000,1464757526000000000,idle,0.0,0.0,3921932,1464757525179000000
0,crowdsignals.algosnap.com,1.0(1),352622063881655,smartphone,-8,msBandDistance,1464757526000000000,1464757527000000000,idle,0.0,0.0,3921932,1464757526173000000
0,crowdsignals.algosnap.com,1.0(1),352622063881655,smartphone,-8,msBandDistance,1464757527000000000,1464757528000000000,idle,0.0,0.0,3921932,1464757527185000000
0,crowdsignals.algosnap.com,1.0(1),352622063881655,smartphone,-8,msBandDistance,1464757528000000000,1464757529000000000,idle,0.0,0.0,3921932,1464757528200000000
0,crowdsignals.algosnap.com,1.0(1),352622063881655,smartphone,-8,msBandDistance,1464757529000000000,1464757530000000000,idle,0.0,0.0,3921932,1464757529194000000
0,crowdsignals.algosnap.com,1.0(1),352622063881655,smartphone,-8,msBandDistance,1464757530000000000,1464757531000000000,idle,0.0,0.0,3921932,1464757530222000000
0,crowdsignals.algosnap.com,1.0(1),352622063881655,smartphone,-8,msBandDistance,1464757531000000000,1464757532000000000,idle,0.0,0.0,3921932,1464757531225000000
0,crowdsignals.algosnap.com,1.0(1),352622063881655,smartphone,-8,msBandDistance,1464757532000000000,1464757533000000000,idle,0.0,0.0,3921932,1464757532223000000
0,crowdsignals.algosnap.com,1.0(1),352622063881655,smartphone,-8,msBandDistance,1464757533000000000,1464757534000000000,idle,0.0,0.0,3921932,1464757533231000000
0,crowdsignals.algosnap.com,1.0(1),352622063881655,smartphone,-8,msBandDistance,1464757534000000000,1464757535000000000,idle,0.0,0.0,3921932,1464757534247000000
0,crowdsignals.algosnap.com,1.0(1),352622063881655,smartphone,-8,msBandDistance,1464757535000000000,1464757536000000000,idle,0.0,0.0,3921932,1464757535258000000
0,crowdsignals.algosnap.com,1.0(1),352622063881655,smartphone,-8,msBandDistance,1464757536000000000,1464757537000000000,idle,0.0,0.0,3921932,1464757536267000000
0,crowdsignals.algosnap.com,1.0(1),352622063881655,smartphone,-8,msBandDistance,1464757537000000000,1464757538000000000,idle,0.0,0.0,3921932,1464757537274000000
0,crowdsignals.algosnap.com,1.0(1),352622063881655,smartphone,-8,msBandDistance,1464757538000000000,1464757539000000000,idle,0.0,0.0,3921932,1464757538279000000
0,crowdsignals.algosnap.com,1.0(1),352622063881655,smartphone,-8,msBandDistance,1464757539000000000,1464757540000000000,idle,0.0,0.0,3921932,1464757539298000000
0,crowdsignals.algosnap.com,1.0(1),352622063881655,smartphone,-8,msBandDistance,1464757540000000000,1464757541000000000,idle,0.0,0.0,3921932,1464757540302000000
0,crowdsignals.algosnap.com,1.0(1),352622063881655,smartphone,-8,msBandDistance,1464757541000000000,1464757542000000000,idle,0.0,0.0,3921932,1464757541298000000
0,crowdsignals.algosnap.com,1.0(1),352622063881655,smartphone,-8,msBandDistance,1464757542000000000,1464757543000000000,idle,0.0,0.0,3921932,1464757542319000000
0,crowdsignals.algosnap.com,1.0(1),352622063881655,smartphone,-8,msBandDistance,1464757543000000000,1464757544000000000,idle,0.0,0.0,3921932,1464757543334000000
0,crowdsignals.algosnap.com,1.0(1),352622063881655,smartphone,-8,msBandDistance,1464757544000000000,1464757545000000000,idle,0.0,0.0,3921932,1464757544348000000
0,crowdsignals.algosnap.com,1.0(1),352622063881655,smartphone,-8,msBandDistance,1464757545000000000,1464757546000000000,idle,0.0,0.0,3921932,1464757545340000000
0,crowdsignals.algosnap.com,1.0(1),352622063881655,smartphone,-8,msBandDistance,1464757546000000000,1464757547000000000,idle,0.0,0.0,3921932,1464757546361000000
0,crowdsignals.algosnap.com,1.0(1),352622063881655,smartphone,-8,msBandDistance,1464757547000000000,1464757548000000000,idle,0.0,0.0,3921932,1464757547379000000
0,crowdsignals.algosnap.com,1.0(1),352622063881655,smartphone,-8,msBandDistance,1464757548000000000,1464757549000000000,idle,0.0,0.0,3921932,1464757548372000000
0,crowdsignals.algosnap.com,1.0(1),352622063881655,smartphone,-8,msBandDistance,1464757549000000000,1464757550000000000,idle,0.0,0.0,3921932,1464757549384000000
0,crowdsignals.algosnap.com,1.0(1),352622063881655,smartphone,-8,msBandDistance,1464757550000000000,1464757551000000000,idle,0.0,0.0,3921932,1464757550400000000
0,crowdsignals.algosnap.com,1.0(1),352622063881655,smartphone,-8,msBandDistance,1464757551000000000,1464757552000000000,idle,0.0,0.0,3921932,1464757551383000000
0,crowdsignals.algosnap.com,1.0(1),352622063881655,smartphone,-8,msBandDistance,1464757552000000000,1464757553000000000,idle,0.0,0.0,3921932,1464757552395000000
0,crowdsignals.algosnap.com,1.0(1),352622063881655,smartphone,-8,msBandDistance,1464757553000000000,1464757554000000000,idle,0.0,0.0,3921932,1464757553406000000
0,crowdsignals.algosnap.com,1.0(1),352622063881655,smartphone,-8,msBandDistance,1464757554000000000,1464757555000000000,idle,0.0,0.0,3921932,1464757554401000000
0,crowdsignals.algosnap.com,1.0(1),352622063881655,smartphone,-8,msBandDistance,1464757555000000000,1464757556000000000,idle,0.0,0.0,3921932,1464757555409000000
0,crowdsignals.algosnap.com,1.0(1),352622063881655,smartphone,-8,msBandDistance,1464757556000000000,1464757557000000000,idle,0.0,0.0,3921932,1464757556439000000
0,crowdsignals.algosnap.com,1.0(1),352622063881655,smartphone,-8,msBandDistance,1464757557000000000,1464757558000000000,idle,0.0,0.0,3921932,1464757557445000000
0,crowdsignals.algosnap.com,1.0(1),352622063881655,smartphone,-8,msBandDistance,1464757558000000000,1464757559000000000,idle,0.0,0.0,3921932,1464757558449000000
0,crowdsignals.algosnap.com,1.0(1),352622063881655,smartphone,-8,msBandDistance,1464757559000000000,1464757560000000000,idle,0.0,0.0,3921932,1464757559469000000
0,crowdsignals.algosnap.com,1.0(1),352622063881655,smartphone,-8,msBandDistance,1464757560000000000,1464757561000000000,idle,0.0,0.0,3921932,1464757560455000000
0,crowdsignals.algosnap.com,1.0(1),352622063881655,smartphone,-8,msBandDistance,1464757561000000000,1464757562000000000,idle,0.0,0.0,3921932,1464757561452000000
0,crowdsignals.algosnap.com,1.0(1),352622063881655,smartphone,-8,msBandDistance,1464757562000000000,1464757563000000000,idle,0.0,0.0,3921932,1464757562474000000
0,crowdsignals.algosnap.com,1.0(1),352622063881655,smartphone,-8,msBandDistance,1464757563000000000,1464757564000000000,idle,0.0,0.0,3921932,1464757563484000000
0,crowdsignals.algosnap.com,1.0(1),352622063881655,smartphone,-8,msBandDistance,1464757564000000000,1464757565000000000,idle,0.0,0.0,3921932,1464757564485000000
0,crowdsignals.algosnap.com,1.0(1),352622063881655,smartphone,-8,msBandDistance,1464757565000000000,1464757566000000000,idle,0.0,0.0,3921932,1464757565484000000
0,crowdsignals.algosnap.com,1.0(1),352622063881655,smartphone,-8,msBandDistance,1464757566000000000,1464757567000000000,idle,0.0,0.0,3921932,1464757566508000000
0,crowdsignals.algosnap.com,1.0(1),352622063881655,smartphone,-8,msBandDistance,1464757567000000000,1464757568000000000,idle,0.0,0.0,3921932,1464757567500000000
0,crowdsignals.algosnap.com,1.0(1),352622063881655,smartphone,-8,msBandDistance,1464757568000000000,1464757569000000000,idle,0.0,0.0,3921932,1464757568510000000
0,crowdsignals.algosnap.com,1.0(1),352622063881655,smartphone,-8,msBandDistance,1464757569000000000,1464757570000000000,idle,0.0,0.0,3921932,1464757569541000000
0,crowdsignals.algosnap.com,1.0(1),352622063881655,smartphone,-8,msBandDistance,1464757570000000000,1464757571000000000,idle,0.0,0.0,3921932,1464757570547000000
0,crowdsignals.algosnap.com,1.0(1),352622063881655,smartphone,-8,msBandDistance,1464757571000000000,1464757572000000000,idle,0.0,0.0,3921932,1464757571563000000
0,crowdsignals.algosnap.com,1.0(1),352622063881655,smartphone,-8,msBandDistance,1464757572000000000,1464757573000000000,idle,0.0,0.0,3921932,1464757572563000000
0,crowdsignals.algosnap.com,1.0(1),352622063881655,smartphone,-8,msBandDistance,1464757573000000000,1464757574000000000,idle,0.0,0.0,3921932,1464757573571000000
0,crowdsignals.algosnap.com,1.0(1),352622063881655,smartphone,-8,msBandDistance,1464757574000000000,1464757575000000000,idle,0.0,0.0,3921932,1464757574586000000
0,crowdsignals.algosnap.com,1.0(1),352622063881655,smartphone,-8,msBandDistance,1464757575000000000,1464757576000000000,idle,0.0,0.0,3921932,1464757575577000000
0,crowdsignals.algosnap.com,1.0(1),352622063881655,smartphone,-8,msBandDistance,1464757576000000000,1464757577000000000,idle,0.0,0.0,3921932,1464757576593000000
0,crowdsignals.algosnap.com,1.0(1),352622063881655,smartphone,-8,msBandDistance,1464757577000000000,1464757578000000000,idle,0.0,0.0,3921932,1464757577606000000
0,crowdsignals.algosnap.com,1.0(1),352622063881655,smartphone,-8,msBandDistance,1464757578000000000,1464757579000000000,idle,0.0,0.0,3921932,1464757578597000000
0,crowdsignals.algosnap.com,1.0(1),352622063881655,smartphone,-8,msBandDistance,1464757579000000000,1464757580000000000,idle,0.0,0.0,3921932,1464757579620000000
0,crowdsignals.algosnap.com,1.0(1),352622063881655,smartphone,-8,msBandDistance,1464757580000000000,1464757581000000000,idle,0.0,0.0,3921932,1464757580614000000
0,crowdsignals.algosnap.com,1.0(1),352622063881655,smartphone,-8,msBandDistance,1464757581000000000,1464757582000000000,idle,0.0,0.0,3921932,1464757581622000000
0,crowdsignals.algosnap.com,1.0(1),352622063881655,smartphone,-8,msBandDistance,1464757582000000000,1464757583000000000,idle,0.0,0.0,3921932,1464757582651000000
0,crowdsignals.algosnap.com,1.0(1),352622063881655,smartphone,-8,msBandDistance,1464757583000000000,1464757584000000000,idle,0.0,0.0,3921932,1464757583692000000
0,crowdsignals.algosnap.com,1.0(1),352622063881655,smartphone,-8,msBandDistance,1464757584000000000,1464757585000000000,idle,0.0,0.0,3921932,1464757584689000000
0,crowdsignals.algosnap.com,1.0(1),352622063881655,smartphone,-8,msBandDistance,1464757585000000000,1464757586000000000,idle,0.0,0.0,3921932,1464757585689000000
0,crowdsignals.algosnap.com,1.0(1),352622063881655,smartphone,-8,msBandDistance,1464757586000000000,1464757587000000000,idle,0.0,0.0,3921932,1464757586769000000
0,crowdsignals.algosnap.com,1.0(1),352622063881655,smartphone,-8,msBandDistance,1464757587000000000,1464757588000000000,idle,0.0,0.0,3921932,1464757587714000000
0,crowdsignals.algosnap.com,1.0(1),352622063881655,smartphone,-8,msBandDistance,1464757588000000000,1464757589000000000,idle,0.0,0.0,3921932,1464757588684000000
0,crowdsignals.algosnap.com,1.0(1),352622063881655,smartphone,-8,msBandDistance,1464757589000000000,1464757590000000000,idle,0.0,0.0,3921932,1464757589703000000
0,crowdsignals.algosnap.com,1.0(1),352622063881655,smartphone,-8,msBandDistance,1464757590000000000,1464757591000000000,idle,0.0,0.0,3921932,1464757590750000000
0,crowdsignals.algosnap.com,1.0(1),352622063881655,smartphone,-8,msBandDistance,1464757591000000000,1464757592000000000,idle,0.0,0.0,3921932,1464757591713000000
0,crowdsignals.algosnap.com,1.0(1),352622063881655,smartphone,-8,msBandDistance,1464757592000000000,1464757593000000000,idle,0.0,0.0,3921932,1464757592728000000
0,crowdsignals.algosnap.com,1.0(1),352622063881655,smartphone,-8,msBandDistance,1464757593000000000,1464757594000000000,idle,0.0,0.0,3921932,1464757593747000000
0,crowdsignals.algosnap.com,1.0(1),352622063881655,smartphone,-8,msBandDistance,1464757594000000000,1464757595000000000,idle,0.0,0.0,3921932,1464757594751000000
0,crowdsignals.algosnap.com,1.0(1),352622063881655,smartphone,-8,msBandDistance,1464757595000000000,1464757596000000000,idle,0.0,0.0,3921932,1464757595764000000
0,crowdsignals.algosnap.com,1.0(1),352622063881655,smartphone,-8,msBandDistance,1464757596000000000,1464757597000000000,idle,0.0,0.0,3921932,1464757596763000000
0,crowdsignals.algosnap.com,1.0(1),352622063881655,smartphone,-8,msBandDistance,1464757597000000000,1464757598000000000,idle,0.0,0.0,3921932,1464757597763000000
0,crowdsignals.algosnap.com,1.0(1),352622063881655,smartphone,-8,msBandDistance,1464757598000000000,1464757599000000000,idle,0.0,0.0,3921932,1464757598766000000
0,crowdsignals.algosnap.com,1.0(1),352622063881655,smartphone,-8,msBandDistance,1464757599000000000,1464757600000000000,idle,0.0,0.0,3921932,1464757599787000000
0,crowdsignals.algosnap.com,1.0(1),352622063881655,smartphone,-8,msBandDistance,1464757600000000000,1464757601000000000,idle,0.0,0.0,3921932,1464757600768000000
0,crowdsignals.algosnap.com,1.0(1),352622063881655,smartphone,-8,msBandDistance,1464757601000000000,1464757602000000000,idle,0.0,0.0,3921932,1464757601788000000
0,crowdsignals.algosnap.com,1.0(1),352622063881655,smartphone,-8,msBandDistance,1464757602000000000,1464757603000000000,idle,0.0,0.0,3921932,1464757602795000000
0,crowdsignals.algosnap.com,1.0(1),352622063881655,smartphone,-8,msBandDistance,1464757603000000000,1464757604000000000,idle,0.0,0.0,3921932,1464757603831000000
0,crowdsignals.algosnap.com,1.0(1),352622063881655,smartphone,-8,msBandDistance,1464757604000000000,1464757605000000000,idle,0.0,0.0,3921932,1464757604817000000
0,crowdsignals.algosnap.com,1.0(1),352622063881655,smartphone,-8,msBandDistance,1464757605000000000,1464757606000000000,idle,0.0,0.0,3921932,1464757605829000000
0,crowdsignals.algosnap.com,1.0(1),352622063881655,smartphone,-8,msBandDistance,1464757606000000000,1464757607000000000,idle,0.0,0.0,3921932,1464757606837000000
0,crowdsignals.algosnap.com,1.0(1),352622063881655,smartphone,-8,msBandDistance,1464757607000000000,1464757608000000000,idle,0.0,0.0,3921932,1464757607833000000
0,crowdsignals.algosnap.com,1.0(1),352622063881655,smartphone,-8,msBandDistance,1464757608000000000,1464757609000000000,idle,0.0,0.0,3921932,1464757608846000000
0,crowdsignals.algosnap.com,1.0(1),352622063881655,smartphone,-8,msBandDistance,1464757609000000000,1464757610000000000,idle,0.0,0.0,3921932,1464757609850000000
0,crowdsignals.algosnap.com,1.0(1),352622063881655,smartphone,-8,msBandDistance,1464757610000000000,1464757611000000000,idle,0.0,0.0,3921932,1464757610854000000
0,crowdsignals.algosnap.com,1.0(1),352622063881655,smartphone,-8,msBandDistance,1464757611000000000,1464757612000000000,idle,0.0,0.0,3921932,1464757611867000000
0,crowdsignals.algosnap.com,1.0(1),352622063881655,smartphone,-8,msBandDistance,1464757612000000000,1464757613000000000,idle,0.0,0.0,3921932,1464757612886000000
0,crowdsignals.algosnap.com,1.0(1),352622063881655,smartphone,-8,msBandDistance,1464757613000000000,1464757614000000000,idle,0.0,0.0,3921932,1464757613899000000
0,crowdsignals.algosnap.com,1.0(1),352622063881655,smartphone,-8,msBandDistance,1464757614000000000,1464757615000000000,idle,0.0,0.0,3921932,1464757614897000000
0,crowdsignals.algosnap.com,1.0(1),352622063881655,smartphone,-8,msBandDistance,1464757615000000000,1464757616000000000,idle,0.0,0.0,3921932,1464757615920000000
0,crowdsignals.algosnap.com,1.0(1),352622063881655,smartphone,-8,msBandDistance,1464757616000000000,1464757617000000000,idle,0.0,0.0,3921932,1464757616915000000
0,crowdsignals.algosnap.com,1.0(1),352622063881655,smartphone,-8,msBandDistance,1464757617000000000,1464757618000000000,idle,0.0,0.0,3921932,1464757617914000000
0,crowdsignals.algosnap.com,1.0(1),352622063881655,smartphone,-8,msBandDistance,1464757618000000000,1464757619000000000,idle,0.0,0.0,3921932,1464757618926000000
0,crowdsignals.algosnap.com,1.0(1),352622063881655,smartphone,-8,msBandDistance,1464757619000000000,1464757620000000000,idle,0.0,0.0,3921932,1464757619951000000
0,crowdsignals.algosnap.com,1.0(1),352622063881655,smartphone,-8,msBandDistance,1464757620000000000,1464757621000000000,idle,0.0,0.0,3921932,1464757620938000000
0,crowdsignals.algosnap.com,1.0(1),352622063881655,smartphone,-8,msBandDistance,1464757621000000000,1464757622000000000,idle,0.0,0.0,3921932,1464757621962000000
0,crowdsignals.algosnap.com,1.0(1),352622063881655,smartphone,-8,msBandDistance,1464757622000000000,1464757623000000000,idle,0.0,0.0,3921932,1464757622957000000
0,crowdsignals.algosnap.com,1.0(1),352622063881655,smartphone,-8,msBandDistance,1464757623000000000,1464757624000000000,idle,0.0,0.0,3921932,1464757623975000000
0,crowdsignals.algosnap.com,1.0(1),352622063881655,smartphone,-8,msBandDistance,1464757624000000000,1464757625000000000,idle,0.0,0.0,3921932,1464757624970000000
0,crowdsignals.algosnap.com,1.0(1),352622063881655,smartphone,-8,msBandDistance,1464757625000000000,1464757626000000000,idle,0.0,0.0,3921932,1464757625977000000
0,crowdsignals.algosnap.com,1.0(1),352622063881655,smartphone,-8,msBandDistance,1464757626000000000,1464757627000000000,idle,0.0,0.0,3921932,1464757626997000000
0,crowdsignals.algosnap.com,1.0(1),352622063881655,smartphone,-8,msBandDistance,1464757628000000000,1464757629000000000,idle,0.0,0.0,3921932,1464757628011000000
0,crowdsignals.algosnap.com,1.0(1),352622063881655,smartphone,-8,msBandDistance,1464757629000000000,1464757630000000000,idle,0.0,0.0,3921932,1464757629002000000
0,crowdsignals.algosnap.com,1.0(1),352622063881655,smartphone,-8,msBandDistance,1464757630000000000,1464757631000000000,idle,0.0,0.0,3921932,1464757630035000000
0,crowdsignals.algosnap.com,1.0(1),352622063881655,smartphone,-8,msBandDistance,1464757631000000000,1464757632000000000,idle,0.0,0.0,3921932,1464757631024000000
0,crowdsignals.algosnap.com,1.0(1),352622063881655,smartphone,-8,msBandDistance,1464757632000000000,1464757633000000000,idle,0.0,0.0,3921932,1464757632045000000
0,crowdsignals.algosnap.com,1.0(1),352622063881655,smartphone,-8,msBandDistance,1464757633000000000,1464757634000000000,idle,0.0,0.0,3921932,1464757633038000000
0,crowdsignals.algosnap.com,1.0(1),352622063881655,smartphone,-8,msBandDistance,1464757634000000000,1464757635000000000,idle,0.0,0.0,3921932,1464757634039000000
0,crowdsignals.algosnap.com,1.0(1),352622063881655,smartphone,-8,msBandDistance,1464757635000000000,1464757636000000000,idle,0.0,0.0,3921932,1464757635047000000
