user_id,sw_name,sw_version,device_id,device_type,timezone,type,start,end,calories,timestamps
0,crowdsignals.algosnap.com,1.0(1),352622063881655,smartphone,-8,msBandCalories,1464757418000000000,1464757419000000000,43978,1464757418228000000
0,crowdsignals.algosnap.com,1.0(1),352622063881655,smartphone,-8,msBandCalories,1464757419000000000,1464757420000000000,43978,1464757419264000000
0,crowdsignals.algosnap.com,1.0(1),352622063881655,smartphone,-8,msBandCalories,1464757420000000000,1464757421000000000,43978,1464757420295000000
0,crowdsignals.algosnap.com,1.0(1),352622063881655,smartphone,-8,msBandCalories,1464757421000000000,1464757422000000000,43978,1464757421284000000
0,crowdsignals.algosnap.com,1.0(1),352622063881655,smartphone,-8,msBandCalories,1464757422000000000,1464757423000000000,43978,1464757422335000000
0,crowdsignals.algosnap.com,1.0(1),352622063881655,smartphone,-8,msBandCalories,1464757423000000000,1464757424000000000,43978,1464757423385000000
0,crowdsignals.algosnap.com,1.0(1),352622063881655,smartphone,-8,msBandCalories,1464757424000000000,1464757425000000000,43978,1464757424365000000
0,crowdsignals.algosnap.com,1.0(1),352622063881655,smartphone,-8,msBandCalories,1464757425000000000,1464757426000000000,43979,1464757425401000000
0,crowdsignals.algosnap.com,1.0(1),352622063881655,smartphone,-8,msBandCalories,1464757426000000000,1464757427000000000,43979,1464757426421000000
0,crowdsignals.algosnap.com,1.0(1),352622063881655,smartphone,-8,msBandCalories,1464757427000000000,1464757428000000000,43979,1464757427439000000
0,crowdsignals.algosnap.com,1.0(1),352622063881655,smartphone,-8,msBandCalories,1464757428000000000,1464757429000000000,43979,1464757428467000000
0,crowdsignals.algosnap.com,1.0(1),352622063881655,smartphone,-8,msBandCalories,1464757429000000000,1464757430000000000,43979,1464757429502000000
0,crowdsignals.algosnap.com,1.0(1),352622063881655,smartphone,-8,msBandCalories,1464757430000000000,1464757431000000000,43979,1464757430504000000
0,crowdsignals.algosnap.com,1.0(1),352622063881655,smartphone,-8,msBandCalories,1464757431000000000,1464757432000000000,43979,1464757431528000000
0,crowdsignals.algosnap.com,1.0(1),352622063881655,smartphone,-8,msBandCalories,1464757432000000000,1464757433000000000,43979,1464757432570000000
0,crowdsignals.algosnap.com,1.0(1),352622063881655,smartphone,-8,msBandCalories,1464757433000000000,1464757434000000000,43979,1464757433590000000
0,crowdsignals.algosnap.com,1.0(1),352622063881655,smartphone,-8,msBandCalories,1464757434000000000,1464757435000000000,43979,1464757434599000000
0,crowdsignals.algosnap.com,1.0(1),352622063881655,smartphone,-8,msBandCalories,1464757435000000000,1464757436000000000,43979,1464757435631000000
0,crowdsignals.algosnap.com,1.0(1),352622063881655,smartphone,-8,msBandCalories,1464757436000000000,1464757437000000000,43979,1464757436652000000
0,crowdsignals.algosnap.com,1.0(1),352622063881655,smartphone,-8,msBandCalories,1464757437000000000,1464757438000000000,43979,1464757437687000000
0,crowdsignals.algosnap.com,1.0(1),352622063881655,smartphone,-8,msBandCalories,1464757438000000000,1464757439000000000,43979,1464757438708000000
0,crowdsignals.algosnap.com,1.0(1),352622063881655,smartphone,-8,msBandCalories,1464757439000000000,1464757440000000000,43979,1464757439719000000
0,crowdsignals.algosnap.com,1.0(1),352622063881655,smartphone,-8,msBandCalories,1464757440000000000,1464757441000000000,43979,1464757440754000000
0,crowdsignals.algosnap.com,1.0(1),352622063881655,smartphone,-8,msBandCalories,1464757441000000000,1464757442000000000,43979,1464757441786000000
0,crowdsignals.algosnap.com,1.0(1),352622063881655,smartphone,-8,msBandCalories,1464757442000000000,1464757443000000000,43979,1464757442789000000
0,crowdsignals.algosnap.com,1.0(1),352622063881655,smartphone,-8,msBandCalories,1464757443000000000,1464757444000000000,43979,1464757443827000000
0,crowdsignals.algosnap.com,1.0(1),352622063881655,smartphone,-8,msBandCalories,1464757444000000000,1464757445000000000,43979,1464757444841000000
0,crowdsignals.algosnap.com,1.0(1),352622063881655,smartphone,-8,msBandCalories,1464757445000000000,1464757446000000000,43979,1464757445873000000
0,crowdsignals.algosnap.com,1.0(1),352622063881655,smartphone,-8,msBandCalories,1464757446000000000,1464757447000000000,43979,1464757446897000000
0,crowdsignals.algosnap.com,1.0(1),352622063881655,smartphone,-8,msBandCalories,1464757447000000000,1464757448000000000,43979,1464757447900000000
0,crowdsignals.algosnap.com,1.0(1),352622063881655,smartphone,-8,msBandCalories,1464757448000000000,1464757449000000000,43979,1464757448944000000
0,crowdsignals.algosnap.com,1.0(1),352622063881655,smartphone,-8,msBandCalories,1464757449000000000,1464757450000000000,43979,1464757449971000000
0,crowdsignals.algosnap.com,1.0(1),352622063881655,smartphone,-8,msBandCalories,1464757450000000000,1464757451000000000,43979,1464757450985000000
0,crowdsignals.algosnap.com,1.0(1),352622063881655,smartphone,-8,msBandCalories,1464757452000000000,1464757453000000000,43979,1464757452062000000
0,crowdsignals.algosnap.com,1.0(1),352622063881655,smartphone,-8,msBandCalories,1464757453000000000,1464757454000000000,43979,1464757453080000000
0,crowdsignals.algosnap.com,1.0(1),352622063881655,smartphone,-8,msBandCalories,1464757454000000000,1464757455000000000,43979,1464757454036000000
0,crowdsignals.algosnap.com,1.0(1),352622063881655,smartphone,-8,msBandCalories,1464757455000000000,1464757456000000000,43979,1464757455117000000
0,crowdsignals.algosnap.com,1.0(1),352622063881655,smartphone,-8,msBandCalories,1464757456000000000,1464757457000000000,43979,1464757456124000000
0,crowdsignals.algosnap.com,1.0(1),352622063881655,smartphone,-8,msBandCalories,1464757457000000000,1464757458000000000,43979,1464757457136000000
0,crowdsignals.algosnap.com,1.0(1),352622063881655,smartphone,-8,msBandCalories,1464757458000000000,1464757459000000000,43979,1464757458149000000
0,crowdsignals.algosnap.com,1.0(1),352622063881655,smartphone,-8,msBandCalories,1464757459000000000,1464757460000000000,43979,1464757459171000000
0,crowdsignals.algosnap.com,1.0(1),352622063881655,smartphone,-8,msBandCalories,1464757460000000000,1464757461000000000,43979,1464757460183000000
0,crowdsignals.algosnap.com,1.0(1),352622063881655,smartphone,-8,msBandCalories,1464757461000000000,1464757462000000000,43979,1464757461273000000
0,crowdsignals.algosnap.com,1.0(1),352622063881655,smartphone,-8,msBandCalories,1464757462000000000,1464757463000000000,43979,1464757462243000000
0,crowdsignals.algosnap.com,1.0(1),352622063881655,smartphone,-8,msBandCalories,1464757463000000000,1464757464000000000,43979,1464757463275000000
0,crowdsignals.algosnap.com,1.0(1),352622063881655,smartphone,-8,msBandCalories,1464757464000000000,1464757465000000000,43979,1464757464307000000
0,crowdsignals.algosnap.com,1.0(1),352622063881655,smartphone,-8,msBandCalories,1464757465000000000,1464757466000000000,43979,1464757465319000000
0,crowdsignals.algosnap.com,1.0(1),352622063881655,smartphone,-8,msBandCalories,1464757466000000000,1464757467000000000,43979,1464757466345000000
0,crowdsignals.algosnap.com,1.0(1),352622063881655,smartphone,-8,msBandCalories,1464757467000000000,1464757468000000000,43979,1464757467365000000
0,crowdsignals.algosnap.com,1.0(1),352622063881655,smartphone,-8,msBandCalories,1464757468000000000,1464757469000000000,43979,1464757468384000000
0,crowdsignals.algosnap.com,1.0(1),352622063881655,smartphone,-8,msBandCalories,1464757469000000000,1464757470000000000,43979,1464757469427000000
0,crowdsignals.algosnap.com,1.0(1),352622063881655,smartphone,-8,msBandCalories,1464757470000000000,1464757471000000000,43979,1464757470437000000
0,crowdsignals.algosnap.com,1.0(1),352622063881655,smartphone,-8,msBandCalories,1464757471000000000,1464757472000000000,43979,1464757471474000000
0,crowdsignals.algosnap.com,1.0(1),352622063881655,smartphone,-8,msBandCalories,1464757472000000000,1464757473000000000,43980,1464757472491000000
0,crowdsignals.algosnap.com,1.0(1),352622063881655,smartphone,-8,msBandCalories,1464757473000000000,1464757474000000000,43980,1464757473491000000
0,crowdsignals.algosnap.com,1.0(1),352622063881655,smartphone,-8,msBandCalories,1464757474000000000,1464757475000000000,43980,1464757474548000000
0,crowdsignals.algosnap.com,1.0(1),352622063881655,smartphone,-8,msBandCalories,1464757475000000000,1464757476000000000,43980,1464757475552000000
0,crowdsignals.algosnap.com,1.0(1),352622063881655,smartphone,-8,msBandCalories,1464757476000000000,1464757477000000000,43980,1464757476575000000
0,crowdsignals.algosnap.com,1.0(1),352622063881655,smartphone,-8,msBandCalories,1464757477000000000,1464757478000000000,43980,1464757477603000000
0,crowdsignals.algosnap.com,1.0(1),352622063881655,smartphone,-8,msBandCalories,1464757478000000000,1464757479000000000,43980,1464757478637000000
0,crowdsignals.algosnap.com,1.0(1),352622063881655,smartphone,-8,msBandCalories,1464757479000000000,1464757480000000000,43980,1464757479668000000
0,crowdsignals.algosnap.com,1.0(1),352622063881655,smartphone,-8,msBandCalories,1464757480000000000,1464757481000000000,43980,1464757480686000000
0,crowdsignals.algosnap.com,1.0(1),352622063881655,smartphone,-8,msBandCalories,1464757481000000000,1464757482000000000,43980,1464757481696000000
0,crowdsignals.algosnap.com,1.0(1),352622063881655,smartphone,-8,msBandCalories,1464757482000000000,1464757483000000000,43980,1464757482717000000
0,crowdsignals.algosnap.com,1.0(1),352622063881655,smartphone,-8,msBandCalories,1464757483000000000,1464757484000000000,43980,1464757483747000000
0,crowdsignals.algosnap.com,1.0(1),352622063881655,smartphone,-8,msBandCalories,1464757484000000000,1464757485000000000,43980,1464757484788000000
0,crowdsignals.algosnap.com,1.0(1),352622063881655,smartphone,-8,msBandCalories,1464757485000000000,1464757486000000000,43980,1464757485791000000
0,crowdsignals.algosnap.com,1.0(1),352622063881655,smartphone,-8,msBandCalories,1464757486000000000,1464757487000000000,43980,1464757486810000000
0,crowdsignals.algosnap.com,1.0(1),352622063881655,smartphone,-8,msBandCalories,1464757487000000000,1464757488000000000,43980,1464757487849000000
0,crowdsignals.algosnap.com,1.0(1),352622063881655,smartphone,-8,msBandCalories,1464757488000000000,1464757489000000000,43980,1464757488872000000
0,crowdsignals.algosnap.com,1.0(1),352622063881655,smartphone,-8,msBandCalories,1464757489000000000,1464757490000000000,43980,1464757489908000000
0,crowdsignals.algosnap.com,1.0(1),352622063881655,smartphone,-8,msBandCalories,1464757490000000000,1464757491000000000,43980,1464757490921000000
0,crowdsignals.algosnap.com,1.0(1),352622063881655,smartphone,-8,msBandCalories,1464757491000000000,1464757492000000000,43980,1464757491926000000
0,crowdsignals.algosnap.com,1.0(1),352622063881655,smartphone,-8,msBandCalories,1464757492000000000,1464757493000000000,43980,1464757492964000000
0,crowdsignals.algosnap.com,1.0(1),352622063881655,smartphone,-8,msBandCalories,1464757493000000000,1464757494000000000,43980,1464757493999000000
0,crowdsignals.algosnap.com,1.0(1),352622063881655,smartphone,-8,msBandCalories,1464757495000000000,1464757496000000000,43980,1464757495042000000
0,crowdsignals.algosnap.com,1.0(1),352622063881655,smartphone,-8,msBandCalories,1464757496000000000,1464757497000000000,43980,1464757496067000000
0,crowdsignals.algosnap.com,1.0(1),352622063881655,smartphone,-8,msBandCalories,1464757497000000000,1464757498000000000,43980,1464757497075000000
0,crowdsignals.algosnap.com,1.0(1),352622063881655,smartphone,-8,msBandCalories,1464757498000000000,1464757499000000000,43980,1464757498079000000
0,crowdsignals.algosnap.com,1.0(1),352622063881655,smartphone,-8,msBandCalories,1464757499000000000,1464757500000000000,43980,1464757499095000000
0,crowdsignals.algosnap.com,1.0(1),352622063881655,smartphone,-8,msBandCalories,1464757500000000000,1464757501000000000,43980,1464757500156000000
0,crowdsignals.algosnap.com,1.0(1),352622063881655,smartphone,-8,msBandCalories,1464757501000000000,1464757502000000000,43980,1464757501157000000
0,crowdsignals.algosnap.com,1.0(1),352622063881655,smartphone,-8,msBandCalories,1464757502000000000,1464757503000000000,43980,1464757502172000000
0,crowdsignals.algosnap.com,1.0(1),352622063881655,smartphone,-8,msBandCalories,1464757503000000000,1464757504000000000,43980,1464757503210000000
0,crowdsignals.algosnap.com,1.0(1),352622063881655,smartphone,-8,msBandCalories,1464757504000000000,1464757505000000000,43980,1464757504236000000
0,crowdsignals.algosnap.com,1.0(1),352622063881655,smartphone,-8,msBandCalories,1464757505000000000,1464757506000000000,43980,1464757505244000000
0,crowdsignals.algosnap.com,1.0(1),352622063881655,smartphone,-8,msBandCalories,1464757506000000000,1464757507000000000,43980,1464757506274000000
0,crowdsignals.algosnap.com,1.0(1),352622063881655,smartphone,-8,msBandCalories,1464757507000000000,1464757508000000000,43980,1464757507319000000
0,crowdsignals.algosnap.com,1.0(1),352622063881655,smartphone,-8,msBandCalories,1464757508000000000,1464757509000000000,43980,1464757508317000000
0,crowdsignals.algosnap.com,1.0(1),352622063881655,smartphone,-8,msBandCalories,1464757509000000000,1464757510000000000,43980,1464757509353000000
0,crowdsignals.algosnap.com,1.0(1),352622063881655,smartphone,-8,msBandCalories,1464757510000000000,1464757511000000000,43980,1464757510388000000
0,crowdsignals.algosnap.com,1.0(1),352622063881655,smartphone,-8,msBandCalories,1464757511000000000,1464757512000000000,43980,1464757511393000000
0,crowdsignals.algosnap.com,1.0(1),352622063881655,smartphone,-8,msBandCalories,1464757512000000000,1464757513000000000,43980,1464757512434000000
0,crowdsignals.algosnap.com,1.0(1),352622063881655,smartphone,-8,msBandCalories,1464757513000000000,1464757514000000000,43980,1464757513444000000
