user_id,sw_name,sw_version,device_id,device_type,timezone,type,start,end,resistance,timestamps
0,crowdsignals.algosnap.com,1.0(1),352622063881655,smartphone,-8,msBandGsr,1464757520000000000,1464757521000000000,308,1464757520917000000
0,crowdsignals.algosnap.com,1.0(1),352622063881655,smartphone,-8,msBandGsr,1464757525000000000,1464757526000000000,309,1464757525901000000
0,crowdsignals.algosnap.com,1.0(1),352622063881655,smartphone,-8,msBandGsr,1464757530000000000,1464757531000000000,312,1464757530876000000
0,crowdsignals.algosnap.com,1.0(1),352622063881655,smartphone,-8,msBandGsr,1464757535000000000,1464757536000000000,314,1464757535870000000
0,crowdsignals.algosnap.com,1.0(1),352622063881655,smartphone,-8,msBandGsr,1464757540000000000,1464757541000000000,311,1464757540838000000
0,crowdsignals.algosnap.com,1.0(1),352622063881655,smartphone,-8,msBandGsr,1464757545000000000,1464757546000000000,314,1464757545823000000
0,crowdsignals.algosnap.com,1.0(1),352622063881655,smartphone,-8,msBandGsr,1464757550000000000,1464757551000000000,304,1464757550806000000
0,crowdsignals.algosnap.com,1.0(1),352622063881655,smartphone,-8,msBandGsr,1464757555000000000,1464757556000000000,303,1464757555781000000
0,crowdsignals.algosnap.com,1.0(1),352622063881655,smartphone,-8,msBandGsr,1464757560000000000,1464757561000000000,302,1464757560750000000
0,crowdsignals.algosnap.com,1.0(1),352622063881655,smartphone,-8,msBandGsr,1464757565000000000,1464757566000000000,297,1464757565751000000
0,crowdsignals.algosnap.com,1.0(1),352622063881655,smartphone,-8,msBandGsr,1464757570000000000,1464757571000000000,284,1464757570713000000
0,crowdsignals.algosnap.com,1.0(1),352622063881655,smartphone,-8,msBandGsr,1464757575000000000,1464757576000000000,286,1464757575693000000
0,crowdsignals.algosnap.com,1.0(1),352622063881655,smartphone,-8,msBandGsr,1464757580000000000,1464757581000000000,279,1464757580670000000
0,crowdsignals.algosnap.com,1.0(1),352622063881655,smartphone,-8,msBandGsr,1464757585000000000,1464757586000000000,278,1464757585745000000
0,crowdsignals.algosnap.com,1.0(1),352622063881655,smartphone,-8,msBandGsr,1464757590000000000,1464757591000000000,259,1464757590691000000
0,crowdsignals.algosnap.com,1.0(1),352622063881655,smartphone,-8,msBandGsr,1464757595000000000,1464757596000000000,258,1464757595629000000
0,crowdsignals.algosnap.com,1.0(1),352622063881655,smartphone,-8,msBandGsr,1464757600000000000,1464757601000000000,255,1464757600616000000
0,crowdsignals.algosnap.com,1.0(1),352622063881655,smartphone,-8,msBandGsr,1464757605000000000,1464757606000000000,239,1464757605573000000
0,crowdsignals.algosnap.com,1.0(1),352622063881655,smartphone,-8,msBandGsr,1464757610000000000,1464757611000000000,232,1464757610564000000
0,crowdsignals.algosnap.com,1.0(1),352622063881655,smartphone,-8,msBandGsr,1464757615000000000,1464757616000000000,234,1464757615553000000
0,crowdsignals.algosnap.com,1.0(1),352622063881655,smartphone,-8,msBandGsr,1464757620000000000,1464757621000000000,232,1464757620517000000
0,crowdsignals.algosnap.com,1.0(1),352622063881655,smartphone,-8,msBandGsr,1464757625000000000,1464757626000000000,231,1464757625498000000
0,crowdsignals.algosnap.com,1.0(1),352622063881655,smartphone,-8,msBandGsr,1464757630000000000,1464757631000000000,232,1464757630483000000
0,crowdsignals.algosnap.com,1.0(1),352622063881655,smartphone,-8,msBandGsr,1464757635000000000,1464757636000000000,229,1464757635472000000
0,crowdsignals.algosnap.com,1.0(1),352622063881655,smartphone,-8,msBandGsr,1464757640000000000,1464757641000000000,218,1464757640444000000
