user_id,sw_name,sw_version,device_id,device_type,timezone,type,start,end,calories,timestamps
0,crowdsignals.algosnap.com,1.0(1),352622063881655,smartphone,-8,msBandCalories,1464757514000000000,1464757515000000000,43980,1464757514472000000
0,crowdsignals.algosnap.com,1.0(1),352622063881655,smartphone,-8,msBandCalories,1464757515000000000,1464757516000000000,43980,1464757515509000000
0,crowdsignals.algosnap.com,1.0(1),352622063881655,smartphone,-8,msBandCalories,1464757516000000000,1464757517000000000,43980,1464757516512000000
0,crowdsignals.algosnap.com,1.0(1),352622063881655,smartphone,-8,msBandCalories,1464757517000000000,1464757518000000000,43980,1464757517559000000
0,crowdsignals.algosnap.com,1.0(1),352622063881655,smartphone,-8,msBandCalories,1464757518000000000,1464757519000000000,43981,1464757518576000000
0,crowdsignals.algosnap.com,1.0(1),352622063881655,smartphone,-8,msBandCalories,1464757519000000000,1464757520000000000,43981,1464757519597000000
0,crowdsignals.algosnap.com,1.0(1),352622063881655,smartphone,-8,msBandCalories,1464757520000000000,1464757521000000000,43981,1464757520629000000
0,crowdsignals.algosnap.com,1.0(1),352622063881655,smartphone,-8,msBandCalories,1464757521000000000,1464757522000000000,43981,1464757521647000000
0,crowdsignals.algosnap.com,1.0(1),352622063881655,smartphone,-8,msBandCalories,1464757522000000000,1464757523000000000,43981,1464757522671000000
0,crowdsignals.algosnap.com,1.0(1),352622063881655,smartphone,-8,msBandCalories,1464757523000000000,1464757524000000000,43981,1464757523690000000
0,crowdsignals.algosnap.com,1.0(1),352622063881655,smartphone,-8,msBandCalories,1464757524000000000,1464757525000000000,43981,1464757524707000000
0,crowdsignals.algosnap.com,1.0(1),352622063881655,smartphone,-8,msBandCalories,1464757525000000000,1464757526000000000,43981,1464757525749000000
0,crowdsignals.algosnap.com,1.0(1),352622063881655,smartphone,-8,msBandCalories,1464757526000000000,1464757527000000000,43981,1464757526763000000
0,crowdsignals.algosnap.com,1.0(1),352622063881655,smartphone,-8,msBandCalories,1464757527000000000,1464757528000000000,43981,1464757527790000000
0,crowdsignals.algosnap.com,1.0(1),352622063881655,smartphone,-8,msBandCalories,1464757528000000000,1464757529000000000,43981,1464757528797000000
0,crowdsignals.algosnap.com,1.0(1),352622063881655,smartphone,-8,msBandCalories,1464757529000000000,1464757530000000000,43981,1464757529834000000
0,crowdsignals.algosnap.com,1.0(1),352622063881655,smartphone,-8,msBandCalories,1464757530000000000,1464757531000000000,43981,1464757530872000000
0,crowdsignals.algosnap.com,1.0(1),352622063881655,smartphone,-8,msBandCalories,1464757531000000000,1464757532000000000,43981,1464757531865000000
0,crowdsignals.algosnap.com,1.0(1),352622063881655,smartphone,-8,msBandCalories,1464757532000000000,1464757533000000000,43981,1464757532902000000
0,crowdsignals.algosnap.com,1.0(1),352622063881655,smartphone,-8,msBandCalories,1464757533000000000,1464757534000000000,43981,1464757533924000000
0,crowdsignals.algosnap.com,1.0(1),352622063881655,smartphone,-8,msBandCalories,1464757534000000000,1464757535000000000,43981,1464757534955000000
0,crowdsignals.algosnap.com,1.0(1),352622063881655,smartphone,-8,msBandCalories,1464757535000000000,1464757536000000000,43981,1464757535988000000
0,crowdsignals.algosnap.com,1.0(1),352622063881655,smartphone,-8,msBandCalories,1464757537000000000,1464757538000000000,43981,1464757537007000000
0,crowdsignals.algosnap.com,1.0(1),352622063881655,smartphone,-8,msBandCalories,1464757538000000000,1464757539000000000,43981,1464757538026000000
0,crowdsignals.algosnap.com,1.0(1),352622063881655,smartphone,-8,msBandCalories,1464757539000000000,1464757540000000000,43981,1464757539037000000
0,crowdsignals.algosnap.com,1.0(1),352622063881655,smartphone,-8,msBandCalories,1464757540000000000,1464757541000000000,43981,1464757540080000000
0,crowdsignals.algosnap.com,1.0(1),352622063881655,smartphone,-8,msBandCalories,1464757541000000000,1464757542000000000,43981,1464757541108000000
0,crowdsignals.algosnap.com,1.0(1),352622063881655,smartphone,-8,msBandCalories,1464757542000000000,1464757543000000000,43981,1464757542135000000
0,crowdsignals.algosnap.com,1.0(1),352622063881655,smartphone,-8,msBandCalories,1464757543000000000,1464757544000000000,43981,1464757543149000000
0,crowdsignals.algosnap.com,1.0(1),352622063881655,smartphone,-8,msBandCalories,1464757544000000000,1464757545000000000,43981,1464757544184000000
0,crowdsignals.algosnap.com,1.0(1),352622063881655,smartphone,-8,msBandCalories,1464757545000000000,1464757546000000000,43981,1464757545194000000
0,crowdsignals.algosnap.com,1.0(1),352622063881655,smartphone,-8,msBandCalories,1464757546000000000,1464757547000000000,43981,1464757546229000000
0,crowdsignals.algosnap.com,1.0(1),352622063881655,smartphone,-8,msBandCalories,1464757547000000000,1464757548000000000,43981,1464757547237000000
0,crowdsignals.algosnap.com,1.0(1),352622063881655,smartphone,-8,msBandCalories,1464757548000000000,1464757549000000000,43981,1464757548261000000
0,crowdsignals.algosnap.com,1.0(1),352622063881655,smartphone,-8,msBandCalories,1464757549000000000,1464757550000000000,43981,1464757549300000000
0,crowdsignals.algosnap.com,1.0(1),352622063881655,smartphone,-8,msBandCalories,1464757550000000000,1464757551000000000,43981,1464757550333000000
0,crowdsignals.algosnap.com,1.0(1),352622063881655,smartphone,-8,msBandCalories,1464757551000000000,1464757552000000000,43981,1464757551347000000
0,crowdsignals.algosnap.com,1.0(1),352622063881655,smartphone,-8,msBandCalories,1464757552000000000,1464757553000000000,43981,1464757552379000000
0,crowdsignals.algosnap.com,1.0(1),352622063881655,smartphone,-8,msBandCalories,1464757553000000000,1464757554000000000,43981,1464757553395000000
0,crowdsignals.algosnap.com,1.0(1),352622063881655,smartphone,-8,msBandCalories,1464757554000000000,1464757555000000000,43981,1464757554401000000
0,crowdsignals.algosnap.com,1.0(1),352622063881655,smartphone,-8,msBandCalories,1464757555000000000,1464757556000000000,43981,1464757555441000000
0,crowdsignals.algosnap.com,1.0(1),352622063881655,smartphone,-8,msBandCalories,1464757556000000000,1464757557000000000,43981,1464757556467000000
0,crowdsignals.algosnap.com,1.0(1),352622063881655,smartphone,-8,msBandCalories,1464757557000000000,1464757558000000000,43981,1464757557503000000
0,crowdsignals.algosnap.com,1.0(1),352622063881655,smartphone,-8,msBandCalories,1464757558000000000,1464757559000000000,43981,1464757558506000000
0,crowdsignals.algosnap.com,1.0(1),352622063881655,smartphone,-8,msBandCalories,1464757559000000000,1464757560000000000,43981,1464757559523000000
0,crowdsignals.algosnap.com,1.0(1),352622063881655,smartphone,-8,msBandCalories,1464757560000000000,1464757561000000000,43981,1464757560570000000
0,crowdsignals.algosnap.com,1.0(1),352622063881655,smartphone,-8,msBandCalories,1464757561000000000,1464757562000000000,43981,1464757561587000000
0,crowdsignals.algosnap.com,1.0(1),352622063881655,smartphone,-8,msBandCalories,1464757562000000000,1464757563000000000,43981,1464757562614000000
0,crowdsignals.algosnap.com,1.0(1),352622063881655,smartphone,-8,msBandCalories,1464757563000000000,1464757564000000000,43981,1464757563634000000
0,crowdsignals.algosnap.com,1.0(1),352622063881655,smartphone,-8,msBandCalories,1464757564000000000,1464757565000000000,43981,1464757564651000000
0,crowdsignals.algosnap.com,1.0(1),352622063881655,smartphone,-8,msBandCalories,1464757565000000000,1464757566000000000,43982,1464757565688000000
0,crowdsignals.algosnap.com,1.0(1),352622063881655,smartphone,-8,msBandCalories,1464757566000000000,1464757567000000000,43982,1464757566706000000
0,crowdsignals.algosnap.com,1.0(1),352622063881655,smartphone,-8,msBandCalories,1464757567000000000,1464757568000000000,43982,1464757567723000000
0,crowdsignals.algosnap.com,1.0(1),352622063881655,smartphone,-8,msBandCalories,1464757568000000000,1464757569000000000,43982,1464757568732000000
0,crowdsignals.algosnap.com,1.0(1),352622063881655,smartphone,-8,msBandCalories,1464757569000000000,1464757570000000000,43982,1464757569764000000
0,crowdsignals.algosnap.com,1.0(1),352622063881655,smartphone,-8,msBandCalories,1464757570000000000,1464757571000000000,43982,1464757570778000000
0,crowdsignals.algosnap.com,1.0(1),352622063881655,smartphone,-8,msBandCalories,1464757571000000000,1464757572000000000,43982,1464757571823000000
0,crowdsignals.algosnap.com,1.0(1),352622063881655,smartphone,-8,msBandCalories,1464757572000000000,1464757573000000000,43982,1464757572862000000
0,crowdsignals.algosnap.com,1.0(1),352622063881655,smartphone,-8,msBandCalories,1464757573000000000,1464757574000000000,43982,1464757573884000000
0,crowdsignals.algosnap.com,1.0(1),352622063881655,smartphone,-8,msBandCalories,1464757574000000000,1464757575000000000,43982,1464757574884000000
0,crowdsignals.algosnap.com,1.0(1),352622063881655,smartphone,-8,msBandCalories,1464757575000000000,1464757576000000000,43982,1464757575928000000
0,crowdsignals.algosnap.com,1.0(1),352622063881655,smartphone,-8,msBandCalories,1464757576000000000,1464757577000000000,43982,1464757576948000000
0,crowdsignals.algosnap.com,1.0(1),352622063881655,smartphone,-8,msBandCalories,1464757577000000000,1464757578000000000,43982,1464757577968000000
0,crowdsignals.algosnap.com,1.0(1),352622063881655,smartphone,-8,msBandCalories,1464757578000000000,1464757579000000000,43982,1464757578984000000
0,crowdsignals.algosnap.com,1.0(1),352622063881655,smartphone,-8,msBandCalories,1464757580000000000,1464757581000000000,43982,1464757580017000000
0,crowdsignals.algosnap.com,1.0(1),352622063881655,smartphone,-8,msBandCalories,1464757581000000000,1464757582000000000,43982,1464757581043000000
0,crowdsignals.algosnap.com,1.0(1),352622063881655,smartphone,-8,msBandCalories,1464757582000000000,1464757583000000000,43982,1464757582078000000
0,crowdsignals.algosnap.com,1.0(1),352622063881655,smartphone,-8,msBandCalories,1464757583000000000,1464757584000000000,43982,1464757583095000000
0,crowdsignals.algosnap.com,1.0(1),352622063881655,smartphone,-8,msBandCalories,1464757584000000000,1464757585000000000,43982,1464757584129000000
0,crowdsignals.algosnap.com,1.0(1),352622063881655,smartphone,-8,msBandCalories,1464757585000000000,1464757586000000000,43982,1464757585144000000
0,crowdsignals.algosnap.com,1.0(1),352622063881655,smartphone,-8,msBandCalories,1464757586000000000,1464757587000000000,43982,1464757586156000000
0,crowdsignals.algosnap.com,1.0(1),352622063881655,smartphone,-8,msBandCalories,1464757587000000000,1464757588000000000,43982,1464757587180000000
0,crowdsignals.algosnap.com,1.0(1),352622063881655,smartphone,-8,msBandCalories,1464757588000000000,1464757589000000000,43982,1464757588211000000
0,crowdsignals.algosnap.com,1.0(1),352622063881655,smartphone,-8,msBandCalories,1464757589000000000,1464757590000000000,43982,1464757589233000000
0,crowdsignals.algosnap.com,1.0(1),352622063881655,smartphone,-8,msBandCalories,1464757590000000000,1464757591000000000,43982,1464757590277000000
0,crowdsignals.algosnap.com,1.0(1),352622063881655,smartphone,-8,msBandCalories,1464757591000000000,1464757592000000000,43982,1464757591299000000
0,crowdsignals.algosnap.com,1.0(1),352622063881655,smartphone,-8,msBandCalories,1464757592000000000,1464757593000000000,43982,1464757592310000000
0,crowdsignals.algosnap.com,1.0(1),352622063881655,smartphone,-8,msBandCalories,1464757593000000000,1464757594000000000,43982,1464757593325000000
0,crowdsignals.algosnap.com,1.0(1),352622063881655,smartphone,-8,msBandCalories,1464757594000000000,1464757595000000000,43982,1464757594413000000
0,crowdsignals.algosnap.com,1.0(1),352622063881655,smartphone,-8,msBandCalories,1464757595000000000,1464757596000000000,43982,1464757595425000000
0,crowdsignals.algosnap.com,1.0(1),352622063881655,smartphone,-8,msBandCalories,1464757596000000000,1464757597000000000,43982,1464757596403000000
0,crowdsignals.algosnap.com,1.0(1),352622063881655,smartphone,-8,msBandCalories,1464757597000000000,1464757598000000000,43982,1464757597426000000
0,crowdsignals.algosnap.com,1.0(1),352622063881655,smartphone,-8,msBandCalories,1464757598000000000,1464757599000000000,43982,1464757598439000000
0,crowdsignals.algosnap.com,1.0(1),352622063881655,smartphone,-8,msBandCalories,1464757599000000000,1464757600000000000,43982,1464757599475000000
0,crowdsignals.algosnap.com,1.0(1),352622063881655,smartphone,-8,msBandCalories,1464757600000000000,1464757601000000000,43982,1464757600501000000
0,crowdsignals.algosnap.com,1.0(1),352622063881655,smartphone,-8,msBandCalories,1464757601000000000,1464757602000000000,43982,1464757601516000000
0,crowdsignals.algosnap.com,1.0(1),352622063881655,smartphone,-8,msBandCalories,1464757602000000000,1464757603000000000,43982,1464757602547000000
0,crowdsignals.algosnap.com,1.0(1),352622063881655,smartphone,-8,msBandCalories,1464757603000000000,1464757604000000000,43982,1464757603584000000
0,crowdsignals.algosnap.com,1.0(1),352622063881655,smartphone,-8,msBandCalories,1464757604000000000,1464757605000000000,43982,1464757604594000000
0,crowdsignals.algosnap.com,1.0(1),352622063881655,smartphone,-8,msBandCalories,1464757605000000000,1464757606000000000,43982,1464757605606000000
0,crowdsignals.algosnap.com,1.0(1),352622063881655,smartphone,-8,msBandCalories,1464757606000000000,1464757607000000000,43982,1464757606656000000
0,crowdsignals.algosnap.com,1.0(1),352622063881655,smartphone,-8,msBandCalories,1464757607000000000,1464757608000000000,43982,1464757607667000000
0,crowdsignals.algosnap.com,1.0(1),352622063881655,smartphone,-8,msBandCalories,1464757608000000000,1464757609000000000,43982,1464757608697000000
0,crowdsignals.algosnap.com,1.0(1),352622063881655,smartphone,-8,msBandCalories,1464757609000000000,1464757610000000000,43982,1464757609710000000
0,crowdsignals.algosnap.com,1.0(1),352622063881655,smartphone,-8,msBandCalories,1464757610000000000,1464757611000000000,43982,1464757610729000000
0,crowdsignals.algosnap.com,1.0(1),352622063881655,smartphone,-8,msBandCalories,1464757611000000000,1464757612000000000,43983,1464757611747000000
0,crowdsignals.algosnap.com,1.0(1),352622063881655,smartphone,-8,msBandCalories,1464757612000000000,1464757613000000000,43983,1464757612787000000
0,crowdsignals.algosnap.com,1.0(1),352622063881655,smartphone,-8,msBandCalories,1464757613000000000,1464757614000000000,43983,1464757613810000000
0,crowdsignals.algosnap.com,1.0(1),352622063881655,smartphone,-8,msBandCalories,1464757614000000000,1464757615000000000,43983,1464757614832000000
0,crowdsignals.algosnap.com,1.0(1),352622063881655,smartphone,-8,msBandCalories,1464757615000000000,1464757616000000000,43983,1464757615862000000
0,crowdsignals.algosnap.com,1.0(1),352622063881655,smartphone,-8,msBandCalories,1464757616000000000,1464757617000000000,43983,1464757616884000000
0,crowdsignals.algosnap.com,1.0(1),352622063881655,smartphone,-8,msBandCalories,1464757617000000000,1464757618000000000,43983,1464757617907000000
0,crowdsignals.algosnap.com,1.0(1),352622063881655,smartphone,-8,msBandCalories,1464757618000000000,1464757619000000000,43983,1464757618926000000
0,crowdsignals.algosnap.com,1.0(1),352622063881655,smartphone,-8,msBandCalories,1464757619000000000,1464757620000000000,43983,1464757619976000000
0,crowdsignals.algosnap.com,1.0(1),352622063881655,smartphone,-8,msBandCalories,1464757620000000000,1464757621000000000,43983,1464757620970000000
0,crowdsignals.algosnap.com,1.0(1),352622063881655,smartphone,-8,msBandCalories,1464757621000000000,1464757622000000000,43983,1464757621995000000
0,crowdsignals.algosnap.com,1.0(1),352622063881655,smartphone,-8,msBandCalories,1464757623000000000,1464757624000000000,43983,1464757623027000000
0,crowdsignals.algosnap.com,1.0(1),352622063881655,smartphone,-8,msBandCalories,1464757624000000000,1464757625000000000,43983,1464757624041000000
0,crowdsignals.algosnap.com,1.0(1),352622063881655,smartphone,-8,msBandCalories,1464757625000000000,1464757626000000000,43983,1464757625084000000
0,crowdsignals.algosnap.com,1.0(1),352622063881655,smartphone,-8,msBandCalories,1464757626000000000,1464757627000000000,43983,1464757626097000000
0,crowdsignals.algosnap.com,1.0(1),352622063881655,smartphone,-8,msBandCalories,1464757627000000000,1464757628000000000,43983,1464757627124000000
0,crowdsignals.algosnap.com,1.0(1),352622063881655,smartphone,-8,msBandCalories,1464757628000000000,1464757629000000000,43983,1464757628147000000
0,crowdsignals.algosnap.com,1.0(1),352622063881655,smartphone,-8,msBandCalories,1464757629000000000,1464757630000000000,43983,1464757629177000000
0,crowdsignals.algosnap.com,1.0(1),352622063881655,smartphone,-8,msBandCalories,1464757630000000000,1464757631000000000,43983,1464757630206000000
0,crowdsignals.algosnap.com,1.0(1),352622063881655,smartphone,-8,msBandCalories,1464757631000000000,1464757632000000000,43983,1464757631215000000
0,crowdsignals.algosnap.com,1.0(1),352622063881655,smartphone,-8,msBandCalories,1464757632000000000,1464757633000000000,43983,1464757632252000000
0,crowdsignals.algosnap.com,1.0(1),352622063881655,smartphone,-8,msBandCalories,1464757633000000000,1464757634000000000,43983,1464757633268000000
0,crowdsignals.algosnap.com,1.0(1),352622063881655,smartphone,-8,msBandCalories,1464757634000000000,1464757635000000000,43983,1464757634300000000
