user_id,sw_name,sw_version,device_id,device_type,timezone,type,start,end,level,scale,temperature,voltage,plugged,status,health,timestamps
0,crowdsignals.algosnap.com,1.0(1),352622063881655,smartphone,-8,battery,1464757561000000000,1464757591000000000,86,100,299,4138,0,DISCHARGING,GOOD,1464757561014000000
0,crowdsignals.algosnap.com,1.0(1),352622063881655,smartphone,-8,battery,1464757561000000000,1464757591000000000,86,100,299,4137,0,DISCHARGING,GOOD,1464757570854000000
0,crowdsignals.algosnap.com,1.0(1),352622063881655,smartphone,-8,battery,1464757651000000000,1464757681000000000,86,100,298,4125,0,DISCHARGING,GOOD,1464757651010000000
0,crowdsignals.algosnap.com,1.0(1),352622063881655,smartphone,-8,battery,1464757651000000000,1464757681000000000,86,100,297,4137,0,DISCHARGING,GOOD,1464757666959000000
