user_id,sw_name,sw_version,device_id,device_type,timezone,type,start,end,event_type,data,number,timestamps
0,crowdsignals.algosnap.com,1.0(1),352622063881655,smartphone,-8,phonestate,1464757644428000000,1464757644428000000,DataActivity,DATA_ACTIVITY_INOUT,null,1464757644428000000
0,crowdsignals.algosnap.com,1.0(1),352622063881655,smartphone,-8,phonestate,1464757645453000000,1464757645453000000,DataActivity,DATA_ACTIVITY_NONE,null,1464757645453000000
0,crowdsignals.algosnap.com,1.0(1),352622063881655,smartphone,-8,phonestate,1464757686673000000,1464757686673000000,DataActivity,DATA_ACTIVITY_INOUT,null,1464757686673000000
0,crowdsignals.algosnap.com,1.0(1),352622063881655,smartphone,-8,phonestate,1464757687689000000,1464757687689000000,DataActivity,DATA_ACTIVITY_NONE,null,1464757687689000000
