user_id,sw_name,sw_version,device_id,device_type,timezone,type,start,end,phone_position,watch_position,label,timestamps
0,crowdsignals.algosnap.com,1.0(1),352622063881655,smartphone,-8,event_label,1464757421165000000,1464757421165000000,Phone in Flat Surface,Watch on right wrist,Drink at mouth,1464757421165000000
0,crowdsignals.algosnap.com,1.0(1),352622063881655,smartphone,-8,event_label,1464757434456000000,1464757434456000000,Phone in Flat Surface,Watch on right wrist,Fork at mouth,1464757434456000000
0,crowdsignals.algosnap.com,1.0(1),352622063881655,smartphone,-8,event_label,1464757445291000000,1464757445291000000,Phone in Flat Surface,Watch on right wrist,Fork at mouth,1464757445291000000
0,crowdsignals.algosnap.com,1.0(1),352622063881655,smartphone,-8,event_label,1464757456881000000,1464757456881000000,Phone in Flat Surface,Watch on right wrist,Fork at mouth,1464757456881000000
0,crowdsignals.algosnap.com,1.0(1),352622063881655,smartphone,-8,event_label,1464757464538000000,1464757464538000000,Phone in Flat Surface,Watch on right wrist,Fork at mouth,1464757464538000000
0,crowdsignals.algosnap.com,1.0(1),352622063881655,smartphone,-8,event_label,1464757472753000000,1464757472753000000,Phone in Flat Surface,Watch on right wrist,Fork at mouth,1464757472753000000
0,crowdsignals.algosnap.com,1.0(1),352622063881655,smartphone,-8,event_label,1464757478078000000,1464757478078000000,Phone in Flat Surface,Watch on right wrist,Fork at mouth,1464757478078000000
0,crowdsignals.algosnap.com,1.0(1),352622063881655,smartphone,-8,event_label,1464757484932000000,1464757484932000000,Phone in Flat Surface,Watch on right wrist,Fork at mouth,1464757484932000000
0,crowdsignals.algosnap.com,1.0(1),352622063881655,smartphone,-8,event_label,1464757491607000000,1464757491607000000,Phone in Flat Surface,Watch on right wrist,Fork at mouth,1464757491607000000
0,crowdsignals.algosnap.com,1.0(1),352622063881655,smartphone,-8,event_label,1464757495292000000,1464757495292000000,Phone in Flat Surface,Watch on right wrist,Fork at mouth,1464757495292000000
0,crowdsignals.algosnap.com,1.0(1),352622063881655,smartphone,-8,event_label,1464757501641000000,1464757501641000000,Phone in Flat Surface,Watch on right wrist,Fork at mouth,1464757501641000000
0,crowdsignals.algosnap.com,1.0(1),352622063881655,smartphone,-8,event_label,1464757516668000000,1464757516668000000,Phone in Flat Surface,Watch on right wrist,Fork at mouth,1464757516668000000
0,crowdsignals.algosnap.com,1.0(1),352622063881655,smartphone,-8,event_label,1464757522818000000,1464757522818000000,Phone in Flat Surface,Watch on right wrist,Fork at mouth,1464757522818000000
0,crowdsignals.algosnap.com,1.0(1),352622063881655,smartphone,-8,event_label,1464757527234000000,1464757527234000000,Phone in Flat Surface,Watch on right wrist,Fork at mouth,1464757527234000000
0,crowdsignals.algosnap.com,1.0(1),352622063881655,smartphone,-8,event_label,1464757538966000000,1464757538966000000,Phone in Flat Surface,Watch on right wrist,Drink at mouth,1464757538966000000
