user_id,sw_name,sw_version,device_id,device_type,timezone,type,start,end,phone_position,watch_position,label,timestamps
0,crowdsignals.algosnap.com,1.0(1),352622063881655,smartphone,-8,event_label,1464757568622000000,1464757568622000000,Phone in Flat Surface,Watch on right wrist,Fork at mouth,1464757568622000000
0,crowdsignals.algosnap.com,1.0(1),352622063881655,smartphone,-8,event_label,1464757580354000000,1464757580354000000,Phone in Flat Surface,Watch on right wrist,Fork at mouth,1464757580354000000
0,crowdsignals.algosnap.com,1.0(1),352622063881655,smartphone,-8,event_label,1464757589995000000,1464757589995000000,Phone in Flat Surface,Watch on right wrist,Fork at mouth,1464757589995000000
0,crowdsignals.algosnap.com,1.0(1),352622063881655,smartphone,-8,event_label,1464757611686000000,1464757611686000000,Phone in Flat Surface,Watch on right wrist,Fork at mouth,1464757611686000000
0,crowdsignals.algosnap.com,1.0(1),352622063881655,smartphone,-8,event_label,1464757622545000000,1464757622545000000,Phone in Flat Surface,Watch on right wrist,Fork at mouth,1464757622545000000
0,crowdsignals.algosnap.com,1.0(1),352622063881655,smartphone,-8,event_label,1464757641390000000,1464757641390000000,Phone in Flat Surface,Watch on right wrist,Fork at mouth,1464757641390000000
0,crowdsignals.algosnap.com,1.0(1),352622063881655,smartphone,-8,event_label,1464757648318000000,1464757648318000000,Phone in Flat Surface,Watch on right wrist,Fork at mouth,1464757648318000000
0,crowdsignals.algosnap.com,1.0(1),352622063881655,smartphone,-8,event_label,1464757651247000000,1464757651247000000,Phone in Flat Surface,Watch on right wrist,Fork at mouth,1464757651247000000
0,crowdsignals.algosnap.com,1.0(1),352622063881655,smartphone,-8,event_label,1464757661567000000,1464757661567000000,Phone in Flat Surface,Watch on right wrist,Drink at mouth,1464757661567000000
0,crowdsignals.algosnap.com,1.0(1),352622063881655,smartphone,-8,event_label,1464757667815000000,1464757667815000000,Phone in Flat Surface,Watch on right wrist,Drink at mouth,1464757667815000000
0,crowdsignals.algosnap.com,1.0(1),352622063881655,smartphone,-8,event_label,1464757682391000000,1464757682391000000,Phone in Flat Surface,Watch on right wrist,Fork at mouth,1464757682391000000
0,crowdsignals.algosnap.com,1.0(1),352622063881655,smartphone,-8,event_label,1464757687960000000,1464757687960000000,Phone in Flat Surface,Watch on right wrist,Fork at mouth,1464757687960000000
