user_id,sw_name,sw_version,device_id,device_type,timezone,type,start,end,totalSteps,timestamps
0,crowdsignals.algosnap.com,1.0(1),352622063881655,smartphone,-8,msBandPedometer,1464757418000000000,1464757419000000000,49174,1464757418344000000
0,crowdsignals.algosnap.com,1.0(1),352622063881655,smartphone,-8,msBandPedometer,1464757419000000000,1464757420000000000,49174,1464757419359000000
0,crowdsignals.algosnap.com,1.0(1),352622063881655,smartphone,-8,msBandPedometer,1464757420000000000,1464757421000000000,49174,1464757420366000000
0,crowdsignals.algosnap.com,1.0(1),352622063881655,smartphone,-8,msBandPedometer,1464757421000000000,1464757422000000000,49174,1464757421362000000
0,crowdsignals.algosnap.com,1.0(1),352622063881655,smartphone,-8,msBandPedometer,1464757422000000000,1464757423000000000,49174,1464757422389000000
0,crowdsignals.algosnap.com,1.0(1),352622063881655,smartphone,-8,msBandPedometer,1464757423000000000,1464757424000000000,49174,1464757423400000000
0,crowdsignals.algosnap.com,1.0(1),352622063881655,smartphone,-8,msBandPedometer,1464757424000000000,1464757425000000000,49174,1464757424370000000
0,crowdsignals.algosnap.com,1.0(1),352622063881655,smartphone,-8,msBandPedometer,1464757425000000000,1464757426000000000,49174,1464757425401000000
0,crowdsignals.algosnap.com,1.0(1),352622063881655,smartphone,-8,msBandPedometer,1464757426000000000,1464757427000000000,49174,1464757426389000000
0,crowdsignals.algosnap.com,1.0(1),352622063881655,smartphone,-8,msBandPedometer,1464757427000000000,1464757428000000000,49174,1464757427406000000
0,crowdsignals.algosnap.com,1.0(1),352622063881655,smartphone,-8,msBandPedometer,1464757428000000000,1464757429000000000,49174,1464757428426000000
0,crowdsignals.algosnap.com,1.0(1),352622063881655,smartphone,-8,msBandPedometer,1464757429000000000,1464757430000000000,49174,1464757429420000000
0,crowdsignals.algosnap.com,1.0(1),352622063881655,smartphone,-8,msBandPedometer,1464757430000000000,1464757431000000000,49174,1464757430424000000
0,crowdsignals.algosnap.com,1.0(1),352622063881655,smartphone,-8,msBandPedometer,1464757431000000000,1464757432000000000,49174,1464757431442000000
0,crowdsignals.algosnap.com,1.0(1),352622063881655,smartphone,-8,msBandPedometer,1464757432000000000,1464757433000000000,49174,1464757432447000000
0,crowdsignals.algosnap.com,1.0(1),352622063881655,smartphone,-8,msBandPedometer,1464757433000000000,1464757434000000000,49174,1464757433445000000
0,crowdsignals.algosnap.com,1.0(1),352622063881655,smartphone,-8,msBandPedometer,1464757434000000000,1464757435000000000,49174,1464757434459000000
0,crowdsignals.algosnap.com,1.0(1),352622063881655,smartphone,-8,msBandPedometer,1464757435000000000,1464757436000000000,49174,1464757435466000000
0,crowdsignals.algosnap.com,1.0(1),352622063881655,smartphone,-8,msBandPedometer,1464757436000000000,1464757437000000000,49174,1464757436488000000
0,crowdsignals.algosnap.com,1.0(1),352622063881655,smartphone,-8,msBandPedometer,1464757437000000000,1464757438000000000,49174,1464757437478000000
0,crowdsignals.algosnap.com,1.0(1),352622063881655,smartphone,-8,msBandPedometer,1464757438000000000,1464757439000000000,49174,1464757438491000000
0,crowdsignals.algosnap.com,1.0(1),352622063881655,smartphone,-8,msBandPedometer,1464757439000000000,1464757440000000000,49174,1464757439483000000
0,crowdsignals.algosnap.com,1.0(1),352622063881655,smartphone,-8,msBandPedometer,1464757440000000000,1464757441000000000,49174,1464757440507000000
0,crowdsignals.algosnap.com,1.0(1),352622063881655,smartphone,-8,msBandPedometer,1464757441000000000,1464757442000000000,49174,1464757441511000000
0,crowdsignals.algosnap.com,1.0(1),352622063881655,smartphone,-8,msBandPedometer,1464757442000000000,1464757443000000000,49174,1464757442518000000
0,crowdsignals.algosnap.com,1.0(1),352622063881655,smartphone,-8,msBandPedometer,1464757443000000000,1464757444000000000,49174,1464757443531000000
0,crowdsignals.algosnap.com,1.0(1),352622063881655,smartphone,-8,msBandPedometer,1464757444000000000,1464757445000000000,49174,1464757444526000000
0,crowdsignals.algosnap.com,1.0(1),352622063881655,smartphone,-8,msBandPedometer,1464757445000000000,1464757446000000000,49174,1464757445541000000
0,crowdsignals.algosnap.com,1.0(1),352622063881655,smartphone,-8,msBandPedometer,1464757446000000000,1464757447000000000,49174,1464757446554000000
0,crowdsignals.algosnap.com,1.0(1),352622063881655,smartphone,-8,msBandPedometer,1464757447000000000,1464757448000000000,49174,1464757447557000000
0,crowdsignals.algosnap.com,1.0(1),352622063881655,smartphone,-8,msBandPedometer,1464757448000000000,1464757449000000000,49174,1464757448571000000
0,crowdsignals.algosnap.com,1.0(1),352622063881655,smartphone,-8,msBandPedometer,1464757449000000000,1464757450000000000,49174,1464757449561000000
0,crowdsignals.algosnap.com,1.0(1),352622063881655,smartphone,-8,msBandPedometer,1464757450000000000,1464757451000000000,49174,1464757450635000000
0,crowdsignals.algosnap.com,1.0(1),352622063881655,smartphone,-8,msBandPedometer,1464757451000000000,1464757452000000000,49174,1464757451582000000
0,crowdsignals.algosnap.com,1.0(1),352622063881655,smartphone,-8,msBandPedometer,1464757452000000000,1464757453000000000,49174,1464757452604000000
0,crowdsignals.algosnap.com,1.0(1),352622063881655,smartphone,-8,msBandPedometer,1464757453000000000,1464757454000000000,49174,1464757453622000000
0,crowdsignals.algosnap.com,1.0(1),352622063881655,smartphone,-8,msBandPedometer,1464757454000000000,1464757455000000000,49174,1464757454645000000
0,crowdsignals.algosnap.com,1.0(1),352622063881655,smartphone,-8,msBandPedometer,1464757455000000000,1464757456000000000,49174,1464757455653000000
0,crowdsignals.algosnap.com,1.0(1),352622063881655,smartphone,-8,msBandPedometer,1464757456000000000,1464757457000000000,49174,1464757456666000000
0,crowdsignals.algosnap.com,1.0(1),352622063881655,smartphone,-8,msBandPedometer,1464757457000000000,1464757458000000000,49174,1464757457678000000
0,crowdsignals.algosnap.com,1.0(1),352622063881655,smartphone,-8,msBandPedometer,1464757458000000000,1464757459000000000,49174,1464757458698000000
0,crowdsignals.algosnap.com,1.0(1),352622063881655,smartphone,-8,msBandPedometer,1464757459000000000,1464757460000000000,49174,1464757459711000000
0,crowdsignals.algosnap.com,1.0(1),352622063881655,smartphone,-8,msBandPedometer,1464757460000000000,1464757461000000000,49174,1464757460666000000
0,crowdsignals.algosnap.com,1.0(1),352622063881655,smartphone,-8,msBandPedometer,1464757461000000000,1464757462000000000,49174,1464757461678000000
0,crowdsignals.algosnap.com,1.0(1),352622063881655,smartphone,-8,msBandPedometer,1464757462000000000,1464757463000000000,49174,1464757462676000000
0,crowdsignals.algosnap.com,1.0(1),352622063881655,smartphone,-8,msBandPedometer,1464757463000000000,1464757464000000000,49174,1464757463677000000
0,crowdsignals.algosnap.com,1.0(1),352622063881655,smartphone,-8,msBandPedometer,1464757464000000000,1464757465000000000,49174,1464757464702000000
0,crowdsignals.algosnap.com,1.0(1),352622063881655,smartphone,-8,msBandPedometer,1464757465000000000,1464757466000000000,49174,1464757465696000000
0,crowdsignals.algosnap.com,1.0(1),352622063881655,smartphone,-8,msBandPedometer,1464757466000000000,1464757467000000000,49174,1464757466729000000
0,crowdsignals.algosnap.com,1.0(1),352622063881655,smartphone,-8,msBandPedometer,1464757467000000000,1464757468000000000,49174,1464757467708000000
0,crowdsignals.algosnap.com,1.0(1),352622063881655,smartphone,-8,msBandPedometer,1464757468000000000,1464757469000000000,49174,1464757468715000000
0,crowdsignals.algosnap.com,1.0(1),352622063881655,smartphone,-8,msBandPedometer,1464757469000000000,1464757470000000000,49174,1464757469746000000
0,crowdsignals.algosnap.com,1.0(1),352622063881655,smartphone,-8,msBandPedometer,1464757470000000000,1464757471000000000,49174,1464757470733000000
0,crowdsignals.algosnap.com,1.0(1),352622063881655,smartphone,-8,msBandPedometer,1464757471000000000,1464757472000000000,49174,1464757471747000000
0,crowdsignals.algosnap.com,1.0(1),352622063881655,smartphone,-8,msBandPedometer,1464757472000000000,1464757473000000000,49174,1464757472763000000
0,crowdsignals.algosnap.com,1.0(1),352622063881655,smartphone,-8,msBandPedometer,1464757473000000000,1464757474000000000,49174,1464757473746000000
0,crowdsignals.algosnap.com,1.0(1),352622063881655,smartphone,-8,msBandPedometer,1464757474000000000,1464757475000000000,49174,1464757474770000000
0,crowdsignals.algosnap.com,1.0(1),352622063881655,smartphone,-8,msBandPedometer,1464757475000000000,1464757476000000000,49174,1464757475782000000
0,crowdsignals.algosnap.com,1.0(1),352622063881655,smartphone,-8,msBandPedometer,1464757476000000000,1464757477000000000,49174,1464757476785000000
0,crowdsignals.algosnap.com,1.0(1),352622063881655,smartphone,-8,msBandPedometer,1464757477000000000,1464757478000000000,49174,1464757477794000000
0,crowdsignals.algosnap.com,1.0(1),352622063881655,smartphone,-8,msBandPedometer,1464757478000000000,1464757479000000000,49174,1464757478802000000
0,crowdsignals.algosnap.com,1.0(1),352622063881655,smartphone,-8,msBandPedometer,1464757479000000000,1464757480000000000,49174,1464757479817000000
0,crowdsignals.algosnap.com,1.0(1),352622063881655,smartphone,-8,msBandPedometer,1464757480000000000,1464757481000000000,49174,1464757480802000000
0,crowdsignals.algosnap.com,1.0(1),352622063881655,smartphone,-8,msBandPedometer,1464757481000000000,1464757482000000000,49174,1464757481837000000
0,crowdsignals.algosnap.com,1.0(1),352622063881655,smartphone,-8,msBandPedometer,1464757482000000000,1464757483000000000,49174,1464757482831000000
0,crowdsignals.algosnap.com,1.0(1),352622063881655,smartphone,-8,msBandPedometer,1464757483000000000,1464757484000000000,49174,1464757483846000000
0,crowdsignals.algosnap.com,1.0(1),352622063881655,smartphone,-8,msBandPedometer,1464757484000000000,1464757485000000000,49174,1464757484846000000
0,crowdsignals.algosnap.com,1.0(1),352622063881655,smartphone,-8,msBandPedometer,1464757485000000000,1464757486000000000,49174,1464757485882000000
0,crowdsignals.algosnap.com,1.0(1),352622063881655,smartphone,-8,msBandPedometer,1464757486000000000,1464757487000000000,49174,1464757486876000000
0,crowdsignals.algosnap.com,1.0(1),352622063881655,smartphone,-8,msBandPedometer,1464757487000000000,1464757488000000000,49174,1464757487881000000
0,crowdsignals.algosnap.com,1.0(1),352622063881655,smartphone,-8,msBandPedometer,1464757488000000000,1464757489000000000,49174,1464757488905000000
0,crowdsignals.algosnap.com,1.0(1),352622063881655,smartphone,-8,msBandPedometer,1464757489000000000,1464757490000000000,49174,1464757489908000000
0,crowdsignals.algosnap.com,1.0(1),352622063881655,smartphone,-8,msBandPedometer,1464757490000000000,1464757491000000000,49174,1464757490891000000
0,crowdsignals.algosnap.com,1.0(1),352622063881655,smartphone,-8,msBandPedometer,1464757491000000000,1464757492000000000,49174,1464757491917000000
0,crowdsignals.algosnap.com,1.0(1),352622063881655,smartphone,-8,msBandPedometer,1464757492000000000,1464757493000000000,49174,1464757492925000000
0,crowdsignals.algosnap.com,1.0(1),352622063881655,smartphone,-8,msBandPedometer,1464757493000000000,1464757494000000000,49174,1464757493924000000
0,crowdsignals.algosnap.com,1.0(1),352622063881655,smartphone,-8,msBandPedometer,1464757494000000000,1464757495000000000,49174,1464757494941000000
0,crowdsignals.algosnap.com,1.0(1),352622063881655,smartphone,-8,msBandPedometer,1464757495000000000,1464757496000000000,49174,1464757495945000000
0,crowdsignals.algosnap.com,1.0(1),352622063881655,smartphone,-8,msBandPedometer,1464757496000000000,1464757497000000000,49174,1464757496944000000
0,crowdsignals.algosnap.com,1.0(1),352622063881655,smartphone,-8,msBandPedometer,1464757497000000000,1464757498000000000,49174,1464757497972000000
0,crowdsignals.algosnap.com,1.0(1),352622063881655,smartphone,-8,msBandPedometer,1464757498000000000,1464757499000000000,49174,1464757498978000000
0,crowdsignals.algosnap.com,1.0(1),352622063881655,smartphone,-8,msBandPedometer,1464757499000000000,1464757500000000000,49174,1464757499965000000
0,crowdsignals.algosnap.com,1.0(1),352622063881655,smartphone,-8,msBandPedometer,1464757500000000000,1464757501000000000,49174,1464757500985000000
0,crowdsignals.algosnap.com,1.0(1),352622063881655,smartphone,-8,msBandPedometer,1464757501000000000,1464757502000000000,49174,1464757501982000000
0,crowdsignals.algosnap.com,1.0(1),352622063881655,smartphone,-8,msBandPedometer,1464757503000000000,1464757504000000000,49174,1464757503014000000
0,crowdsignals.algosnap.com,1.0(1),352622063881655,smartphone,-8,msBandPedometer,1464757504000000000,1464757505000000000,49174,1464757504022000000
0,crowdsignals.algosnap.com,1.0(1),352622063881655,smartphone,-8,msBandPedometer,1464757505000000000,1464757506000000000,49174,1464757505004000000
0,crowdsignals.algosnap.com,1.0(1),352622063881655,smartphone,-8,msBandPedometer,1464757506000000000,1464757507000000000,49174,1464757506030000000
0,crowdsignals.algosnap.com,1.0(1),352622063881655,smartphone,-8,msBandPedometer,1464757507000000000,1464757508000000000,49174,1464757507043000000
0,crowdsignals.algosnap.com,1.0(1),352622063881655,smartphone,-8,msBandPedometer,1464757508000000000,1464757509000000000,49174,1464757508032000000
0,crowdsignals.algosnap.com,1.0(1),352622063881655,smartphone,-8,msBandPedometer,1464757509000000000,1464757510000000000,49174,1464757509049000000
0,crowdsignals.algosnap.com,1.0(1),352622063881655,smartphone,-8,msBandPedometer,1464757510000000000,1464757511000000000,49174,1464757510052000000
0,crowdsignals.algosnap.com,1.0(1),352622063881655,smartphone,-8,msBandPedometer,1464757511000000000,1464757512000000000,49174,1464757511081000000
0,crowdsignals.algosnap.com,1.0(1),352622063881655,smartphone,-8,msBandPedometer,1464757512000000000,1464757513000000000,49174,1464757512084000000
0,crowdsignals.algosnap.com,1.0(1),352622063881655,smartphone,-8,msBandPedometer,1464757513000000000,1464757514000000000,49174,1464757513083000000
