user_id,sw_name,sw_version,device_id,device_type,timezone,type,start,end,sensor_name,lux,timestamps
0,crowdsignals.algosnap.com,1.0(1),352622063881655,smartphone,-8,light,1464757512000000000,1464757513000000000,TMG399X RGB Sensor,5.0,1464757512243363334
0,crowdsignals.algosnap.com,1.0(1),352622063881655,smartphone,-8,light,1464757512000000000,1464757513000000000,TMG399X RGB Sensor,5.0,1464757512421149740
0,crowdsignals.algosnap.com,1.0(1),352622063881655,smartphone,-8,light,1464757512000000000,1464757513000000000,TMG399X RGB Sensor,5.0,1464757512599661250
0,crowdsignals.algosnap.com,1.0(1),352622063881655,smartphone,-8,light,1464757512000000000,1464757513000000000,TMG399X RGB Sensor,5.0,1464757512776953177
0,crowdsignals.algosnap.com,1.0(1),352622063881655,smartphone,-8,light,1464757512000000000,1464757513000000000,TMG399X RGB Sensor,5.0,1464757512954906667
0,crowdsignals.algosnap.com,1.0(1),352622063881655,smartphone,-8,light,1464757513000000000,1464757514000000000,TMG399X RGB Sensor,5.0,1464757513310132396
0,crowdsignals.algosnap.com,1.0(1),352622063881655,smartphone,-8,light,1464757513000000000,1464757514000000000,TMG399X RGB Sensor,5.0,1464757513487376198
0,crowdsignals.algosnap.com,1.0(1),352622063881655,smartphone,-8,light,1464757513000000000,1464757514000000000,TMG399X RGB Sensor,5.0,1464757513665347813
0,crowdsignals.algosnap.com,1.0(1),352622063881655,smartphone,-8,light,1464757513000000000,1464757514000000000,TMG399X RGB Sensor,5.0,1464757513843355937
0,crowdsignals.algosnap.com,1.0(1),352622063881655,smartphone,-8,light,1464757514000000000,1464757515000000000,TMG399X RGB Sensor,5.0,1464757514200343801
0,crowdsignals.algosnap.com,1.0(1),352622063881655,smartphone,-8,light,1464757514000000000,1464757515000000000,TMG399X RGB Sensor,5.0,1464757514377033334
0,crowdsignals.algosnap.com,1.0(1),352622063881655,smartphone,-8,light,1464757514000000000,1464757515000000000,TMG399X RGB Sensor,5.0,1464757514556589114
0,crowdsignals.algosnap.com,1.0(1),352622063881655,smartphone,-8,light,1464757514000000000,1464757515000000000,TMG399X RGB Sensor,5.0,1464757514733889636
0,crowdsignals.algosnap.com,1.0(1),352622063881655,smartphone,-8,light,1464757514000000000,1464757515000000000,TMG399X RGB Sensor,5.0,1464757514912499636
0,crowdsignals.algosnap.com,1.0(1),352622063881655,smartphone,-8,light,1464757515000000000,1464757516000000000,TMG399X RGB Sensor,5.0,1464757515268895885
0,crowdsignals.algosnap.com,1.0(1),352622063881655,smartphone,-8,light,1464757515000000000,1464757516000000000,TMG399X RGB Sensor,5.0,1464757515446102031
0,crowdsignals.algosnap.com,1.0(1),352622063881655,smartphone,-8,light,1464757515000000000,1464757516000000000,TMG399X RGB Sensor,5.0,1464757515623341615
0,crowdsignals.algosnap.com,1.0(1),352622063881655,smartphone,-8,light,1464757515000000000,1464757516000000000,TMG399X RGB Sensor,5.0,1464757515800501407
0,crowdsignals.algosnap.com,1.0(1),352622063881655,smartphone,-8,light,1464757515000000000,1464757516000000000,TMG399X RGB Sensor,5.0,1464757515977939062
0,crowdsignals.algosnap.com,1.0(1),352622063881655,smartphone,-8,light,1464757516000000000,1464757517000000000,TMG399X RGB Sensor,5.0,1464757516334729063
0,crowdsignals.algosnap.com,1.0(1),352622063881655,smartphone,-8,light,1464757516000000000,1464757517000000000,TMG399X RGB Sensor,5.0,1464757516512181615
0,crowdsignals.algosnap.com,1.0(1),352622063881655,smartphone,-8,light,1464757516000000000,1464757517000000000,TMG399X RGB Sensor,5.0,1464757516689813593
0,crowdsignals.algosnap.com,1.0(1),352622063881655,smartphone,-8,light,1464757516000000000,1464757517000000000,TMG399X RGB Sensor,5.0,1464757516868292917
0,crowdsignals.algosnap.com,1.0(1),352622063881655,smartphone,-8,light,1464757517000000000,1464757518000000000,TMG399X RGB Sensor,5.0,1464757517225553282
0,crowdsignals.algosnap.com,1.0(1),352622063881655,smartphone,-8,light,1464757517000000000,1464757518000000000,TMG399X RGB Sensor,5.0,1464757517402076406
0,crowdsignals.algosnap.com,1.0(1),352622063881655,smartphone,-8,light,1464757517000000000,1464757518000000000,TMG399X RGB Sensor,5.0,1464757517579534374
0,crowdsignals.algosnap.com,1.0(1),352622063881655,smartphone,-8,light,1464757517000000000,1464757518000000000,TMG399X RGB Sensor,5.0,1464757517758141875
0,crowdsignals.algosnap.com,1.0(1),352622063881655,smartphone,-8,light,1464757517000000000,1464757518000000000,TMG399X RGB Sensor,5.0,1464757517937261459
0,crowdsignals.algosnap.com,1.0(1),352622063881655,smartphone,-8,light,1464757518000000000,1464757519000000000,TMG399X RGB Sensor,5.0,1464757518290995885
0,crowdsignals.algosnap.com,1.0(1),352622063881655,smartphone,-8,light,1464757518000000000,1464757519000000000,TMG399X RGB Sensor,5.0,1464757518469956041
0,crowdsignals.algosnap.com,1.0(1),352622063881655,smartphone,-8,light,1464757518000000000,1464757519000000000,TMG399X RGB Sensor,5.0,1464757518647344896
0,crowdsignals.algosnap.com,1.0(1),352622063881655,smartphone,-8,light,1464757518000000000,1464757519000000000,TMG399X RGB Sensor,5.0,1464757518825205573
0,crowdsignals.algosnap.com,1.0(1),352622063881655,smartphone,-8,light,1464757519000000000,1464757520000000000,TMG399X RGB Sensor,5.0,1464757519181313594
0,crowdsignals.algosnap.com,1.0(1),352622063881655,smartphone,-8,light,1464757519000000000,1464757520000000000,TMG399X RGB Sensor,5.0,1464757519358764687
0,crowdsignals.algosnap.com,1.0(1),352622063881655,smartphone,-8,light,1464757519000000000,1464757520000000000,TMG399X RGB Sensor,5.0,1464757519537279323
0,crowdsignals.algosnap.com,1.0(1),352622063881655,smartphone,-8,light,1464757519000000000,1464757520000000000,TMG399X RGB Sensor,5.0,1464757519716396302
0,crowdsignals.algosnap.com,1.0(1),352622063881655,smartphone,-8,light,1464757519000000000,1464757520000000000,TMG399X RGB Sensor,5.0,1464757519892685522
0,crowdsignals.algosnap.com,1.0(1),352622063881655,smartphone,-8,light,1464757520000000000,1464757521000000000,TMG399X RGB Sensor,5.0,1464757520250397552
0,crowdsignals.algosnap.com,1.0(1),352622063881655,smartphone,-8,light,1464757520000000000,1464757521000000000,TMG399X RGB Sensor,5.0,1464757520426375990
0,crowdsignals.algosnap.com,1.0(1),352622063881655,smartphone,-8,light,1464757520000000000,1464757521000000000,TMG399X RGB Sensor,5.0,1464757520604707292
0,crowdsignals.algosnap.com,1.0(1),352622063881655,smartphone,-8,light,1464757520000000000,1464757521000000000,TMG399X RGB Sensor,5.0,1464757520782663699
0,crowdsignals.algosnap.com,1.0(1),352622063881655,smartphone,-8,light,1464757520000000000,1464757521000000000,TMG399X RGB Sensor,5.0,1464757520960384739
0,crowdsignals.algosnap.com,1.0(1),352622063881655,smartphone,-8,light,1464757521000000000,1464757522000000000,TMG399X RGB Sensor,5.0,1464757521139375938
0,crowdsignals.algosnap.com,1.0(1),352622063881655,smartphone,-8,light,1464757521000000000,1464757522000000000,TMG399X RGB Sensor,5.0,1464757521316237708
0,crowdsignals.algosnap.com,1.0(1),352622063881655,smartphone,-8,light,1464757521000000000,1464757522000000000,TMG399X RGB Sensor,5.0,1464757521496312761
0,crowdsignals.algosnap.com,1.0(1),352622063881655,smartphone,-8,light,1464757521000000000,1464757522000000000,TMG399X RGB Sensor,5.0,1464757521671485365
0,crowdsignals.algosnap.com,1.0(1),352622063881655,smartphone,-8,light,1464757521000000000,1464757522000000000,TMG399X RGB Sensor,5.0,1464757521850130885
0,crowdsignals.algosnap.com,1.0(1),352622063881655,smartphone,-8,light,1464757522000000000,1464757523000000000,TMG399X RGB Sensor,5.0,1464757522205313959
0,crowdsignals.algosnap.com,1.0(1),352622063881655,smartphone,-8,light,1464757522000000000,1464757523000000000,TMG399X RGB Sensor,5.0,1464757522383233802
0,crowdsignals.algosnap.com,1.0(1),352622063881655,smartphone,-8,light,1464757522000000000,1464757523000000000,TMG399X RGB Sensor,5.0,1464757522561878594
0,crowdsignals.algosnap.com,1.0(1),352622063881655,smartphone,-8,light,1464757522000000000,1464757523000000000,TMG399X RGB Sensor,5.0,1464757522740317812
0,crowdsignals.algosnap.com,1.0(1),352622063881655,smartphone,-8,light,1464757522000000000,1464757523000000000,TMG399X RGB Sensor,5.0,1464757522917108854
0,crowdsignals.algosnap.com,1.0(1),352622063881655,smartphone,-8,light,1464757523000000000,1464757524000000000,TMG399X RGB Sensor,5.0,1464757523273025834
0,crowdsignals.algosnap.com,1.0(1),352622063881655,smartphone,-8,light,1464757523000000000,1464757524000000000,TMG399X RGB Sensor,5.0,1464757523450975730
0,crowdsignals.algosnap.com,1.0(1),352622063881655,smartphone,-8,light,1464757523000000000,1464757524000000000,TMG399X RGB Sensor,5.0,1464757523628671302
0,crowdsignals.algosnap.com,1.0(1),352622063881655,smartphone,-8,light,1464757523000000000,1464757524000000000,TMG399X RGB Sensor,5.0,1464757523808109584
0,crowdsignals.algosnap.com,1.0(1),352622063881655,smartphone,-8,light,1464757523000000000,1464757524000000000,TMG399X RGB Sensor,5.0,1464757523986698281
0,crowdsignals.algosnap.com,1.0(1),352622063881655,smartphone,-8,light,1464757524000000000,1464757525000000000,TMG399X RGB Sensor,5.0,1464757524340610990
0,crowdsignals.algosnap.com,1.0(1),352622063881655,smartphone,-8,light,1464757524000000000,1464757525000000000,TMG399X RGB Sensor,5.0,1464757524520209947
0,crowdsignals.algosnap.com,1.0(1),352622063881655,smartphone,-8,light,1464757524000000000,1464757525000000000,TMG399X RGB Sensor,5.0,1464757524696950417
0,crowdsignals.algosnap.com,1.0(1),352622063881655,smartphone,-8,light,1464757524000000000,1464757525000000000,TMG399X RGB Sensor,5.0,1464757524875917552
0,crowdsignals.algosnap.com,1.0(1),352622063881655,smartphone,-8,light,1464757525000000000,1464757526000000000,TMG399X RGB Sensor,5.0,1464757525229854739
0,crowdsignals.algosnap.com,1.0(1),352622063881655,smartphone,-8,light,1464757525000000000,1464757526000000000,TMG399X RGB Sensor,5.0,1464757525407952500
0,crowdsignals.algosnap.com,1.0(1),352622063881655,smartphone,-8,light,1464757525000000000,1464757526000000000,TMG399X RGB Sensor,5.0,1464757525585503958
0,crowdsignals.algosnap.com,1.0(1),352622063881655,smartphone,-8,light,1464757525000000000,1464757526000000000,TMG399X RGB Sensor,5.0,1464757525763687917
0,crowdsignals.algosnap.com,1.0(1),352622063881655,smartphone,-8,light,1464757525000000000,1464757526000000000,TMG399X RGB Sensor,5.0,1464757525942249896
0,crowdsignals.algosnap.com,1.0(1),352622063881655,smartphone,-8,light,1464757526000000000,1464757527000000000,TMG399X RGB Sensor,5.0,1464757526298304323
0,crowdsignals.algosnap.com,1.0(1),352622063881655,smartphone,-8,light,1464757526000000000,1464757527000000000,TMG399X RGB Sensor,5.0,1464757526475307084
0,crowdsignals.algosnap.com,1.0(1),352622063881655,smartphone,-8,light,1464757526000000000,1464757527000000000,TMG399X RGB Sensor,5.0,1464757526653705209
0,crowdsignals.algosnap.com,1.0(1),352622063881655,smartphone,-8,light,1464757526000000000,1464757527000000000,TMG399X RGB Sensor,5.0,1464757526831164948
0,crowdsignals.algosnap.com,1.0(1),352622063881655,smartphone,-8,light,1464757527000000000,1464757528000000000,TMG399X RGB Sensor,5.0,1464757527186465833
0,crowdsignals.algosnap.com,1.0(1),352622063881655,smartphone,-8,light,1464757527000000000,1464757528000000000,TMG399X RGB Sensor,5.0,1464757527365342083
0,crowdsignals.algosnap.com,1.0(1),352622063881655,smartphone,-8,light,1464757527000000000,1464757528000000000,TMG399X RGB Sensor,5.0,1464757527543006667
0,crowdsignals.algosnap.com,1.0(1),352622063881655,smartphone,-8,light,1464757527000000000,1464757528000000000,TMG399X RGB Sensor,5.0,1464757527721283177
0,crowdsignals.algosnap.com,1.0(1),352622063881655,smartphone,-8,light,1464757527000000000,1464757528000000000,TMG399X RGB Sensor,5.0,1464757527899271406
0,crowdsignals.algosnap.com,1.0(1),352622063881655,smartphone,-8,light,1464757528000000000,1464757529000000000,TMG399X RGB Sensor,5.0,1464757528255071355
0,crowdsignals.algosnap.com,1.0(1),352622063881655,smartphone,-8,light,1464757528000000000,1464757529000000000,TMG399X RGB Sensor,5.0,1464757528433903646
0,crowdsignals.algosnap.com,1.0(1),352622063881655,smartphone,-8,light,1464757528000000000,1464757529000000000,TMG399X RGB Sensor,5.0,1464757528611100364
0,crowdsignals.algosnap.com,1.0(1),352622063881655,smartphone,-8,light,1464757528000000000,1464757529000000000,TMG399X RGB Sensor,5.0,1464757528789336405
0,crowdsignals.algosnap.com,1.0(1),352622063881655,smartphone,-8,light,1464757528000000000,1464757529000000000,TMG399X RGB Sensor,5.0,1464757528968192396
0,crowdsignals.algosnap.com,1.0(1),352622063881655,smartphone,-8,light,1464757529000000000,1464757530000000000,TMG399X RGB Sensor,5.0,1464757529324340052
0,crowdsignals.algosnap.com,1.0(1),352622063881655,smartphone,-8,light,1464757529000000000,1464757530000000000,TMG399X RGB Sensor,5.0,1464757529502496147
0,crowdsignals.algosnap.com,1.0(1),352622063881655,smartphone,-8,light,1464757529000000000,1464757530000000000,TMG399X RGB Sensor,5.0,1464757529680039843
0,crowdsignals.algosnap.com,1.0(1),352622063881655,smartphone,-8,light,1464757529000000000,1464757530000000000,TMG399X RGB Sensor,5.0,1464757529856230209
0,crowdsignals.algosnap.com,1.0(1),352622063881655,smartphone,-8,light,1464757530000000000,1464757531000000000,TMG399X RGB Sensor,5.0,1464757530211664583
0,crowdsignals.algosnap.com,1.0(1),352622063881655,smartphone,-8,light,1464757530000000000,1464757531000000000,TMG399X RGB Sensor,5.0,1464757530389648229
0,crowdsignals.algosnap.com,1.0(1),352622063881655,smartphone,-8,light,1464757530000000000,1464757531000000000,TMG399X RGB Sensor,5.0,1464757530568556615
0,crowdsignals.algosnap.com,1.0(1),352622063881655,smartphone,-8,light,1464757530000000000,1464757531000000000,TMG399X RGB Sensor,5.0,1464757530745499323
0,crowdsignals.algosnap.com,1.0(1),352622063881655,smartphone,-8,light,1464757530000000000,1464757531000000000,TMG399X RGB Sensor,5.0,1464757530923401094
0,crowdsignals.algosnap.com,1.0(1),352622063881655,smartphone,-8,light,1464757531000000000,1464757532000000000,TMG399X RGB Sensor,5.0,1464757531101100209
0,crowdsignals.algosnap.com,1.0(1),352622063881655,smartphone,-8,light,1464757531000000000,1464757532000000000,TMG399X RGB Sensor,5.0,1464757531279388281
0,crowdsignals.algosnap.com,1.0(1),352622063881655,smartphone,-8,light,1464757531000000000,1464757532000000000,TMG399X RGB Sensor,5.0,1464757531458111562
0,crowdsignals.algosnap.com,1.0(1),352622063881655,smartphone,-8,light,1464757531000000000,1464757532000000000,TMG399X RGB Sensor,5.0,1464757531635676407
0,crowdsignals.algosnap.com,1.0(1),352622063881655,smartphone,-8,light,1464757531000000000,1464757532000000000,TMG399X RGB Sensor,5.0,1464757531813348959
0,crowdsignals.algosnap.com,1.0(1),352622063881655,smartphone,-8,light,1464757531000000000,1464757532000000000,TMG399X RGB Sensor,5.0,1464757531991428542
0,crowdsignals.algosnap.com,1.0(1),352622063881655,smartphone,-8,light,1464757532000000000,1464757533000000000,TMG399X RGB Sensor,5.0,1464757532347111302
0,crowdsignals.algosnap.com,1.0(1),352622063881655,smartphone,-8,light,1464757532000000000,1464757533000000000,TMG399X RGB Sensor,5.0,1464757532524724427
0,crowdsignals.algosnap.com,1.0(1),352622063881655,smartphone,-8,light,1464757532000000000,1464757533000000000,TMG399X RGB Sensor,5.0,1464757532703471407
0,crowdsignals.algosnap.com,1.0(1),352622063881655,smartphone,-8,light,1464757532000000000,1464757533000000000,TMG399X RGB Sensor,5.0,1464757532880650938
0,crowdsignals.algosnap.com,1.0(1),352622063881655,smartphone,-8,light,1464757533000000000,1464757534000000000,TMG399X RGB Sensor,5.0,1464757533238309479
0,crowdsignals.algosnap.com,1.0(1),352622063881655,smartphone,-8,light,1464757533000000000,1464757534000000000,TMG399X RGB Sensor,5.0,1464757533414450520
0,crowdsignals.algosnap.com,1.0(1),352622063881655,smartphone,-8,light,1464757533000000000,1464757534000000000,TMG399X RGB Sensor,5.0,1464757533593372656
0,crowdsignals.algosnap.com,1.0(1),352622063881655,smartphone,-8,light,1464757533000000000,1464757534000000000,TMG399X RGB Sensor,5.0,1464757533770284010
0,crowdsignals.algosnap.com,1.0(1),352622063881655,smartphone,-8,light,1464757533000000000,1464757534000000000,TMG399X RGB Sensor,5.0,1464757533948041875
0,crowdsignals.algosnap.com,1.0(1),352622063881655,smartphone,-8,light,1464757534000000000,1464757535000000000,TMG399X RGB Sensor,5.0,1464757534304453229
0,crowdsignals.algosnap.com,1.0(1),352622063881655,smartphone,-8,light,1464757534000000000,1464757535000000000,TMG399X RGB Sensor,5.0,1464757534483460052
0,crowdsignals.algosnap.com,1.0(1),352622063881655,smartphone,-8,light,1464757534000000000,1464757535000000000,TMG399X RGB Sensor,5.0,1464757534660151146
0,crowdsignals.algosnap.com,1.0(1),352622063881655,smartphone,-8,light,1464757534000000000,1464757535000000000,TMG399X RGB Sensor,5.0,1464757534838504844
0,crowdsignals.algosnap.com,1.0(1),352622063881655,smartphone,-8,light,1464757535000000000,1464757536000000000,TMG399X RGB Sensor,5.0,1464757535194201042
0,crowdsignals.algosnap.com,1.0(1),352622063881655,smartphone,-8,light,1464757535000000000,1464757536000000000,TMG399X RGB Sensor,5.0,1464757535371272500
0,crowdsignals.algosnap.com,1.0(1),352622063881655,smartphone,-8,light,1464757535000000000,1464757536000000000,TMG399X RGB Sensor,5.0,1464757535550122604
0,crowdsignals.algosnap.com,1.0(1),352622063881655,smartphone,-8,light,1464757535000000000,1464757536000000000,TMG399X RGB Sensor,5.0,1464757535727608906
0,crowdsignals.algosnap.com,1.0(1),352622063881655,smartphone,-8,light,1464757535000000000,1464757536000000000,TMG399X RGB Sensor,5.0,1464757535905774271
0,crowdsignals.algosnap.com,1.0(1),352622063881655,smartphone,-8,light,1464757536000000000,1464757537000000000,TMG399X RGB Sensor,5.0,1464757536261863177
0,crowdsignals.algosnap.com,1.0(1),352622063881655,smartphone,-8,light,1464757536000000000,1464757537000000000,TMG399X RGB Sensor,5.0,1464757536439439271
0,crowdsignals.algosnap.com,1.0(1),352622063881655,smartphone,-8,light,1464757536000000000,1464757537000000000,TMG399X RGB Sensor,5.0,1464757536617650834
0,crowdsignals.algosnap.com,1.0(1),352622063881655,smartphone,-8,light,1464757536000000000,1464757537000000000,TMG399X RGB Sensor,5.0,1464757536794610625
0,crowdsignals.algosnap.com,1.0(1),352622063881655,smartphone,-8,light,1464757536000000000,1464757537000000000,TMG399X RGB Sensor,5.0,1464757536973627344
0,crowdsignals.algosnap.com,1.0(1),352622063881655,smartphone,-8,light,1464757537000000000,1464757538000000000,TMG399X RGB Sensor,5.0,1464757537328904219
0,crowdsignals.algosnap.com,1.0(1),352622063881655,smartphone,-8,light,1464757537000000000,1464757538000000000,TMG399X RGB Sensor,5.0,1464757537507038594
0,crowdsignals.algosnap.com,1.0(1),352622063881655,smartphone,-8,light,1464757537000000000,1464757538000000000,TMG399X RGB Sensor,5.0,1464757537685323229
0,crowdsignals.algosnap.com,1.0(1),352622063881655,smartphone,-8,light,1464757537000000000,1464757538000000000,TMG399X RGB Sensor,5.0,1464757537862729583
0,crowdsignals.algosnap.com,1.0(1),352622063881655,smartphone,-8,light,1464757538000000000,1464757539000000000,TMG399X RGB Sensor,5.0,1464757538218234739
0,crowdsignals.algosnap.com,1.0(1),352622063881655,smartphone,-8,light,1464757538000000000,1464757539000000000,TMG399X RGB Sensor,5.0,1464757538396063438
0,crowdsignals.algosnap.com,1.0(1),352622063881655,smartphone,-8,light,1464757538000000000,1464757539000000000,TMG399X RGB Sensor,5.0,1464757538574504844
0,crowdsignals.algosnap.com,1.0(1),352622063881655,smartphone,-8,light,1464757538000000000,1464757539000000000,TMG399X RGB Sensor,5.0,1464757538752287708
0,crowdsignals.algosnap.com,1.0(1),352622063881655,smartphone,-8,light,1464757538000000000,1464757539000000000,TMG399X RGB Sensor,5.0,1464757538930118229
0,crowdsignals.algosnap.com,1.0(1),352622063881655,smartphone,-8,light,1464757539000000000,1464757540000000000,TMG399X RGB Sensor,5.0,1464757539286322968
0,crowdsignals.algosnap.com,1.0(1),352622063881655,smartphone,-8,light,1464757539000000000,1464757540000000000,TMG399X RGB Sensor,5.0,1464757539464374115
0,crowdsignals.algosnap.com,1.0(1),352622063881655,smartphone,-8,light,1464757539000000000,1464757540000000000,TMG399X RGB Sensor,5.0,1464757539641626250
0,crowdsignals.algosnap.com,1.0(1),352622063881655,smartphone,-8,light,1464757539000000000,1464757540000000000,TMG399X RGB Sensor,5.0,1464757539819765884
0,crowdsignals.algosnap.com,1.0(1),352622063881655,smartphone,-8,light,1464757539000000000,1464757540000000000,TMG399X RGB Sensor,5.0,1464757539997713073
0,crowdsignals.algosnap.com,1.0(1),352622063881655,smartphone,-8,light,1464757540000000000,1464757541000000000,TMG399X RGB Sensor,5.0,1464757540353568906
0,crowdsignals.algosnap.com,1.0(1),352622063881655,smartphone,-8,light,1464757540000000000,1464757541000000000,TMG399X RGB Sensor,5.0,1464757540531151667
0,crowdsignals.algosnap.com,1.0(1),352622063881655,smartphone,-8,light,1464757540000000000,1464757541000000000,TMG399X RGB Sensor,5.0,1464757540710586458
0,crowdsignals.algosnap.com,1.0(1),352622063881655,smartphone,-8,light,1464757540000000000,1464757541000000000,TMG399X RGB Sensor,5.0,1464757540887206979
0,crowdsignals.algosnap.com,1.0(1),352622063881655,smartphone,-8,light,1464757541000000000,1464757542000000000,TMG399X RGB Sensor,5.0,1464757541064373021
0,crowdsignals.algosnap.com,1.0(1),352622063881655,smartphone,-8,light,1464757541000000000,1464757542000000000,TMG399X RGB Sensor,5.0,1464757541243080417
0,crowdsignals.algosnap.com,1.0(1),352622063881655,smartphone,-8,light,1464757541000000000,1464757542000000000,TMG399X RGB Sensor,5.0,1464757541421265104
0,crowdsignals.algosnap.com,1.0(1),352622063881655,smartphone,-8,light,1464757541000000000,1464757542000000000,TMG399X RGB Sensor,5.0,1464757541598874530
0,crowdsignals.algosnap.com,1.0(1),352622063881655,smartphone,-8,light,1464757541000000000,1464757542000000000,TMG399X RGB Sensor,5.0,1464757541776989375
0,crowdsignals.algosnap.com,1.0(1),352622063881655,smartphone,-8,light,1464757541000000000,1464757542000000000,TMG399X RGB Sensor,5.0,1464757541955663230
0,crowdsignals.algosnap.com,1.0(1),352622063881655,smartphone,-8,light,1464757542000000000,1464757543000000000,TMG399X RGB Sensor,5.0,1464757542310321198
0,crowdsignals.algosnap.com,1.0(1),352622063881655,smartphone,-8,light,1464757542000000000,1464757543000000000,TMG399X RGB Sensor,5.0,1464757542488713489
0,crowdsignals.algosnap.com,1.0(1),352622063881655,smartphone,-8,light,1464757542000000000,1464757543000000000,TMG399X RGB Sensor,5.0,1464757542666174427
0,crowdsignals.algosnap.com,1.0(1),352622063881655,smartphone,-8,light,1464757542000000000,1464757543000000000,TMG399X RGB Sensor,5.0,1464757542845617500
0,crowdsignals.algosnap.com,1.0(1),352622063881655,smartphone,-8,light,1464757543000000000,1464757544000000000,TMG399X RGB Sensor,5.0,1464757543200389531
0,crowdsignals.algosnap.com,1.0(1),352622063881655,smartphone,-8,light,1464757543000000000,1464757544000000000,TMG399X RGB Sensor,5.0,1464757543377865833
0,crowdsignals.algosnap.com,1.0(1),352622063881655,smartphone,-8,light,1464757543000000000,1464757544000000000,TMG399X RGB Sensor,5.0,1464757543556323802
0,crowdsignals.algosnap.com,1.0(1),352622063881655,smartphone,-8,light,1464757543000000000,1464757544000000000,TMG399X RGB Sensor,5.0,1464757543734234323
0,crowdsignals.algosnap.com,1.0(1),352622063881655,smartphone,-8,light,1464757543000000000,1464757544000000000,TMG399X RGB Sensor,5.0,1464757543913154219
0,crowdsignals.algosnap.com,1.0(1),352622063881655,smartphone,-8,light,1464757544000000000,1464757545000000000,TMG399X RGB Sensor,5.0,1464757544268029323
0,crowdsignals.algosnap.com,1.0(1),352622063881655,smartphone,-8,light,1464757544000000000,1464757545000000000,TMG399X RGB Sensor,5.0,1464757544445295260
0,crowdsignals.algosnap.com,1.0(1),352622063881655,smartphone,-8,light,1464757544000000000,1464757545000000000,TMG399X RGB Sensor,5.0,1464757544623903646
0,crowdsignals.algosnap.com,1.0(1),352622063881655,smartphone,-8,light,1464757544000000000,1464757545000000000,TMG399X RGB Sensor,5.0,1464757544801962812
0,crowdsignals.algosnap.com,1.0(1),352622063881655,smartphone,-8,light,1464757544000000000,1464757545000000000,TMG399X RGB Sensor,5.0,1464757544979569062
0,crowdsignals.algosnap.com,1.0(1),352622063881655,smartphone,-8,light,1464757545000000000,1464757546000000000,TMG399X RGB Sensor,5.0,1464757545335802501
0,crowdsignals.algosnap.com,1.0(1),352622063881655,smartphone,-8,light,1464757545000000000,1464757546000000000,TMG399X RGB Sensor,5.0,1464757545513224531
0,crowdsignals.algosnap.com,1.0(1),352622063881655,smartphone,-8,light,1464757545000000000,1464757546000000000,TMG399X RGB Sensor,5.0,1464757545691864532
0,crowdsignals.algosnap.com,1.0(1),352622063881655,smartphone,-8,light,1464757545000000000,1464757546000000000,TMG399X RGB Sensor,5.0,1464757545868385938
0,crowdsignals.algosnap.com,1.0(1),352622063881655,smartphone,-8,light,1464757546000000000,1464757547000000000,TMG399X RGB Sensor,5.0,1464757546225541303
0,crowdsignals.algosnap.com,1.0(1),352622063881655,smartphone,-8,light,1464757546000000000,1464757547000000000,TMG399X RGB Sensor,5.0,1464757546402084323
0,crowdsignals.algosnap.com,1.0(1),352622063881655,smartphone,-8,light,1464757546000000000,1464757547000000000,TMG399X RGB Sensor,5.0,1464757546581680052
0,crowdsignals.algosnap.com,1.0(1),352622063881655,smartphone,-8,light,1464757546000000000,1464757547000000000,TMG399X RGB Sensor,5.0,1464757546758675365
0,crowdsignals.algosnap.com,1.0(1),352622063881655,smartphone,-8,light,1464757546000000000,1464757547000000000,TMG399X RGB Sensor,5.0,1464757546937468333
0,crowdsignals.algosnap.com,1.0(1),352622063881655,smartphone,-8,light,1464757547000000000,1464757548000000000,TMG399X RGB Sensor,5.0,1464757547292551302
0,crowdsignals.algosnap.com,1.0(1),352622063881655,smartphone,-8,light,1464757547000000000,1464757548000000000,TMG399X RGB Sensor,5.0,1464757547469701509
0,crowdsignals.algosnap.com,1.0(1),352622063881655,smartphone,-8,light,1464757547000000000,1464757548000000000,TMG399X RGB Sensor,5.0,1464757547648199635
0,crowdsignals.algosnap.com,1.0(1),352622063881655,smartphone,-8,light,1464757547000000000,1464757548000000000,TMG399X RGB Sensor,5.0,1464757547826073907
0,crowdsignals.algosnap.com,1.0(1),352622063881655,smartphone,-8,light,1464757548000000000,1464757549000000000,TMG399X RGB Sensor,5.0,1464757548182490469
0,crowdsignals.algosnap.com,1.0(1),352622063881655,smartphone,-8,light,1464757548000000000,1464757549000000000,TMG399X RGB Sensor,5.0,1464757548359280989
0,crowdsignals.algosnap.com,1.0(1),352622063881655,smartphone,-8,light,1464757548000000000,1464757549000000000,TMG399X RGB Sensor,5.0,1464757548538274688
0,crowdsignals.algosnap.com,1.0(1),352622063881655,smartphone,-8,light,1464757548000000000,1464757549000000000,TMG399X RGB Sensor,5.0,1464757548715836250
0,crowdsignals.algosnap.com,1.0(1),352622063881655,smartphone,-8,light,1464757548000000000,1464757549000000000,TMG399X RGB Sensor,5.0,1464757548893947292
0,crowdsignals.algosnap.com,1.0(1),352622063881655,smartphone,-8,light,1464757549000000000,1464757550000000000,TMG399X RGB Sensor,5.0,1464757549249712135
0,crowdsignals.algosnap.com,1.0(1),352622063881655,smartphone,-8,light,1464757549000000000,1464757550000000000,TMG399X RGB Sensor,5.0,1464757549427870365
0,crowdsignals.algosnap.com,1.0(1),352622063881655,smartphone,-8,light,1464757549000000000,1464757550000000000,TMG399X RGB Sensor,5.0,1464757549605696511
0,crowdsignals.algosnap.com,1.0(1),352622063881655,smartphone,-8,light,1464757549000000000,1464757550000000000,TMG399X RGB Sensor,5.0,1464757549783742708
0,crowdsignals.algosnap.com,1.0(1),352622063881655,smartphone,-8,light,1464757549000000000,1464757550000000000,TMG399X RGB Sensor,5.0,1464757549962778750
0,crowdsignals.algosnap.com,1.0(1),352622063881655,smartphone,-8,light,1464757550000000000,1464757551000000000,TMG399X RGB Sensor,5.0,1464757550317527552
0,crowdsignals.algosnap.com,1.0(1),352622063881655,smartphone,-8,light,1464757550000000000,1464757551000000000,TMG399X RGB Sensor,5.0,1464757550494669740
0,crowdsignals.algosnap.com,1.0(1),352622063881655,smartphone,-8,light,1464757550000000000,1464757551000000000,TMG399X RGB Sensor,5.0,1464757550672676562
0,crowdsignals.algosnap.com,1.0(1),352622063881655,smartphone,-8,light,1464757550000000000,1464757551000000000,TMG399X RGB Sensor,5.0,1464757550850713073
0,crowdsignals.algosnap.com,1.0(1),352622063881655,smartphone,-8,light,1464757551000000000,1464757552000000000,TMG399X RGB Sensor,5.0,1464757551028390885
0,crowdsignals.algosnap.com,1.0(1),352622063881655,smartphone,-8,light,1464757551000000000,1464757552000000000,TMG399X RGB Sensor,5.0,1464757551207667708
0,crowdsignals.algosnap.com,1.0(1),352622063881655,smartphone,-8,light,1464757551000000000,1464757552000000000,TMG399X RGB Sensor,5.0,1464757551384279271
0,crowdsignals.algosnap.com,1.0(1),352622063881655,smartphone,-8,light,1464757551000000000,1464757552000000000,TMG399X RGB Sensor,5.0,1464757551562226094
0,crowdsignals.algosnap.com,1.0(1),352622063881655,smartphone,-8,light,1464757551000000000,1464757552000000000,TMG399X RGB Sensor,5.0,1464757551740826249
0,crowdsignals.algosnap.com,1.0(1),352622063881655,smartphone,-8,light,1464757551000000000,1464757552000000000,TMG399X RGB Sensor,5.0,1464757551918179739
0,crowdsignals.algosnap.com,1.0(1),352622063881655,smartphone,-8,light,1464757552000000000,1464757553000000000,TMG399X RGB Sensor,5.0,1464757552274560156
0,crowdsignals.algosnap.com,1.0(1),352622063881655,smartphone,-8,light,1464757552000000000,1464757553000000000,TMG399X RGB Sensor,5.0,1464757552451491094
0,crowdsignals.algosnap.com,1.0(1),352622063881655,smartphone,-8,light,1464757552000000000,1464757553000000000,TMG399X RGB Sensor,5.0,1464757552630105000
0,crowdsignals.algosnap.com,1.0(1),352622063881655,smartphone,-8,light,1464757552000000000,1464757553000000000,TMG399X RGB Sensor,5.0,1464757552809536562
0,crowdsignals.algosnap.com,1.0(1),352622063881655,smartphone,-8,light,1464757552000000000,1464757553000000000,TMG399X RGB Sensor,5.0,1464757552985658386
0,crowdsignals.algosnap.com,1.0(1),352622063881655,smartphone,-8,light,1464757553000000000,1464757554000000000,TMG399X RGB Sensor,5.0,1464757553341996406
0,crowdsignals.algosnap.com,1.0(1),352622063881655,smartphone,-8,light,1464757553000000000,1464757554000000000,TMG399X RGB Sensor,5.0,1464757553520547656
0,crowdsignals.algosnap.com,1.0(1),352622063881655,smartphone,-8,light,1464757553000000000,1464757554000000000,TMG399X RGB Sensor,5.0,1464757553699169323
0,crowdsignals.algosnap.com,1.0(1),352622063881655,smartphone,-8,light,1464757553000000000,1464757554000000000,TMG399X RGB Sensor,5.0,1464757553875272135
0,crowdsignals.algosnap.com,1.0(1),352622063881655,smartphone,-8,light,1464757554000000000,1464757555000000000,TMG399X RGB Sensor,5.0,1464757554231159323
0,crowdsignals.algosnap.com,1.0(1),352622063881655,smartphone,-8,light,1464757554000000000,1464757555000000000,TMG399X RGB Sensor,5.0,1464757554408830678
0,crowdsignals.algosnap.com,1.0(1),352622063881655,smartphone,-8,light,1464757554000000000,1464757555000000000,TMG399X RGB Sensor,5.0,1464757554588249896
0,crowdsignals.algosnap.com,1.0(1),352622063881655,smartphone,-8,light,1464757554000000000,1464757555000000000,TMG399X RGB Sensor,5.0,1464757554764736927
0,crowdsignals.algosnap.com,1.0(1),352622063881655,smartphone,-8,light,1464757554000000000,1464757555000000000,TMG399X RGB Sensor,5.0,1464757554943301041
0,crowdsignals.algosnap.com,1.0(1),352622063881655,smartphone,-8,light,1464757555000000000,1464757556000000000,TMG399X RGB Sensor,5.0,1464757555298489583
0,crowdsignals.algosnap.com,1.0(1),352622063881655,smartphone,-8,light,1464757555000000000,1464757556000000000,TMG399X RGB Sensor,5.0,1464757555476225989
0,crowdsignals.algosnap.com,1.0(1),352622063881655,smartphone,-8,light,1464757555000000000,1464757556000000000,TMG399X RGB Sensor,5.0,1464757555654210989
0,crowdsignals.algosnap.com,1.0(1),352622063881655,smartphone,-8,light,1464757555000000000,1464757556000000000,TMG399X RGB Sensor,5.0,1464757555832864688
0,crowdsignals.algosnap.com,1.0(1),352622063881655,smartphone,-8,light,1464757556000000000,1464757557000000000,TMG399X RGB Sensor,5.0,1464757556189397396
0,crowdsignals.algosnap.com,1.0(1),352622063881655,smartphone,-8,light,1464757556000000000,1464757557000000000,TMG399X RGB Sensor,5.0,1464757556367427708
0,crowdsignals.algosnap.com,1.0(1),352622063881655,smartphone,-8,light,1464757556000000000,1464757557000000000,TMG399X RGB Sensor,5.0,1464757556543933333
0,crowdsignals.algosnap.com,1.0(1),352622063881655,smartphone,-8,light,1464757556000000000,1464757557000000000,TMG399X RGB Sensor,5.0,1464757556721572865
0,crowdsignals.algosnap.com,1.0(1),352622063881655,smartphone,-8,light,1464757556000000000,1464757557000000000,TMG399X RGB Sensor,5.0,1464757556900317708
0,crowdsignals.algosnap.com,1.0(1),352622063881655,smartphone,-8,light,1464757557000000000,1464757558000000000,TMG399X RGB Sensor,5.0,1464757557257589166
0,crowdsignals.algosnap.com,1.0(1),352622063881655,smartphone,-8,light,1464757557000000000,1464757558000000000,TMG399X RGB Sensor,5.0,1464757557434699271
0,crowdsignals.algosnap.com,1.0(1),352622063881655,smartphone,-8,light,1464757557000000000,1464757558000000000,TMG399X RGB Sensor,5.0,1464757557612211562
0,crowdsignals.algosnap.com,1.0(1),352622063881655,smartphone,-8,light,1464757557000000000,1464757558000000000,TMG399X RGB Sensor,5.0,1464757557789540833
0,crowdsignals.algosnap.com,1.0(1),352622063881655,smartphone,-8,light,1464757557000000000,1464757558000000000,TMG399X RGB Sensor,5.0,1464757557967798020
0,crowdsignals.algosnap.com,1.0(1),352622063881655,smartphone,-8,light,1464757558000000000,1464757559000000000,TMG399X RGB Sensor,5.0,1464757558325679635
0,crowdsignals.algosnap.com,1.0(1),352622063881655,smartphone,-8,light,1464757558000000000,1464757559000000000,TMG399X RGB Sensor,5.0,1464757558500896250
0,crowdsignals.algosnap.com,1.0(1),352622063881655,smartphone,-8,light,1464757558000000000,1464757559000000000,TMG399X RGB Sensor,5.0,1464757558679568749
0,crowdsignals.algosnap.com,1.0(1),352622063881655,smartphone,-8,light,1464757558000000000,1464757559000000000,TMG399X RGB Sensor,5.0,1464757558857434374
0,crowdsignals.algosnap.com,1.0(1),352622063881655,smartphone,-8,light,1464757559000000000,1464757560000000000,TMG399X RGB Sensor,5.0,1464757559213306459
0,crowdsignals.algosnap.com,1.0(1),352622063881655,smartphone,-8,light,1464757559000000000,1464757560000000000,TMG399X RGB Sensor,5.0,1464757559390646302
0,crowdsignals.algosnap.com,1.0(1),352622063881655,smartphone,-8,light,1464757559000000000,1464757560000000000,TMG399X RGB Sensor,5.0,1464757559568809531
0,crowdsignals.algosnap.com,1.0(1),352622063881655,smartphone,-8,light,1464757559000000000,1464757560000000000,TMG399X RGB Sensor,5.0,1464757559746717292
0,crowdsignals.algosnap.com,1.0(1),352622063881655,smartphone,-8,light,1464757559000000000,1464757560000000000,TMG399X RGB Sensor,5.0,1464757559924737708
0,crowdsignals.algosnap.com,1.0(1),352622063881655,smartphone,-8,light,1464757560000000000,1464757561000000000,TMG399X RGB Sensor,5.0,1464757560279817969
0,crowdsignals.algosnap.com,1.0(1),352622063881655,smartphone,-8,light,1464757560000000000,1464757561000000000,TMG399X RGB Sensor,5.0,1464757560458463437
0,crowdsignals.algosnap.com,1.0(1),352622063881655,smartphone,-8,light,1464757560000000000,1464757561000000000,TMG399X RGB Sensor,5.0,1464757560636880469
0,crowdsignals.algosnap.com,1.0(1),352622063881655,smartphone,-8,light,1464757560000000000,1464757561000000000,TMG399X RGB Sensor,5.0,1464757560814733959
0,crowdsignals.algosnap.com,1.0(1),352622063881655,smartphone,-8,light,1464757560000000000,1464757561000000000,TMG399X RGB Sensor,5.0,1464757560992712448
0,crowdsignals.algosnap.com,1.0(1),352622063881655,smartphone,-8,light,1464757561000000000,1464757562000000000,TMG399X RGB Sensor,5.0,1464757561169826354
0,crowdsignals.algosnap.com,1.0(1),352622063881655,smartphone,-8,light,1464757561000000000,1464757562000000000,TMG399X RGB Sensor,5.0,1464757561348243177
0,crowdsignals.algosnap.com,1.0(1),352622063881655,smartphone,-8,light,1464757561000000000,1464757562000000000,TMG399X RGB Sensor,5.0,1464757561526262552
0,crowdsignals.algosnap.com,1.0(1),352622063881655,smartphone,-8,light,1464757561000000000,1464757562000000000,TMG399X RGB Sensor,5.0,1464757561704232500
0,crowdsignals.algosnap.com,1.0(1),352622063881655,smartphone,-8,light,1464757561000000000,1464757562000000000,TMG399X RGB Sensor,5.0,1464757561886485260
0,crowdsignals.algosnap.com,1.0(1),352622063881655,smartphone,-8,light,1464757562000000000,1464757563000000000,TMG399X RGB Sensor,5.0,1464757562238624530
0,crowdsignals.algosnap.com,1.0(1),352622063881655,smartphone,-8,light,1464757562000000000,1464757563000000000,TMG399X RGB Sensor,5.0,1464757562414835521
0,crowdsignals.algosnap.com,1.0(1),352622063881655,smartphone,-8,light,1464757562000000000,1464757563000000000,TMG399X RGB Sensor,5.0,1464757562593662136
0,crowdsignals.algosnap.com,1.0(1),352622063881655,smartphone,-8,light,1464757562000000000,1464757563000000000,TMG399X RGB Sensor,5.0,1464757562771655521
0,crowdsignals.algosnap.com,1.0(1),352622063881655,smartphone,-8,light,1464757562000000000,1464757563000000000,TMG399X RGB Sensor,5.0,1464757562948840625
0,crowdsignals.algosnap.com,1.0(1),352622063881655,smartphone,-8,light,1464757563000000000,1464757564000000000,TMG399X RGB Sensor,5.0,1464757563305038854
0,crowdsignals.algosnap.com,1.0(1),352622063881655,smartphone,-8,light,1464757563000000000,1464757564000000000,TMG399X RGB Sensor,5.0,1464757563483497343
0,crowdsignals.algosnap.com,1.0(1),352622063881655,smartphone,-8,light,1464757563000000000,1464757564000000000,TMG399X RGB Sensor,5.0,1464757563661314323
0,crowdsignals.algosnap.com,1.0(1),352622063881655,smartphone,-8,light,1464757563000000000,1464757564000000000,TMG399X RGB Sensor,5.0,1464757563838665677
0,crowdsignals.algosnap.com,1.0(1),352622063881655,smartphone,-8,light,1464757564000000000,1464757565000000000,TMG399X RGB Sensor,5.0,1464757564194911406
0,crowdsignals.algosnap.com,1.0(1),352622063881655,smartphone,-8,light,1464757564000000000,1464757565000000000,TMG399X RGB Sensor,5.0,1464757564373832760
0,crowdsignals.algosnap.com,1.0(1),352622063881655,smartphone,-8,light,1464757564000000000,1464757565000000000,TMG399X RGB Sensor,5.0,1464757564550790104
0,crowdsignals.algosnap.com,1.0(1),352622063881655,smartphone,-8,light,1464757564000000000,1464757565000000000,TMG399X RGB Sensor,5.0,1464757564728600208
0,crowdsignals.algosnap.com,1.0(1),352622063881655,smartphone,-8,light,1464757564000000000,1464757565000000000,TMG399X RGB Sensor,5.0,1464757564906655468
0,crowdsignals.algosnap.com,1.0(1),352622063881655,smartphone,-8,light,1464757565000000000,1464757566000000000,TMG399X RGB Sensor,5.0,1464757565262980834
0,crowdsignals.algosnap.com,1.0(1),352622063881655,smartphone,-8,light,1464757565000000000,1464757566000000000,TMG399X RGB Sensor,5.0,1464757565439897291
0,crowdsignals.algosnap.com,1.0(1),352622063881655,smartphone,-8,light,1464757565000000000,1464757566000000000,TMG399X RGB Sensor,5.0,1464757565618204323
0,crowdsignals.algosnap.com,1.0(1),352622063881655,smartphone,-8,light,1464757565000000000,1464757566000000000,TMG399X RGB Sensor,5.0,1464757565797263437
0,crowdsignals.algosnap.com,1.0(1),352622063881655,smartphone,-8,light,1464757565000000000,1464757566000000000,TMG399X RGB Sensor,5.0,1464757565975382031
0,crowdsignals.algosnap.com,1.0(1),352622063881655,smartphone,-8,light,1464757566000000000,1464757567000000000,TMG399X RGB Sensor,5.0,1464757566330537343
0,crowdsignals.algosnap.com,1.0(1),352622063881655,smartphone,-8,light,1464757566000000000,1464757567000000000,TMG399X RGB Sensor,5.0,1464757566508077448
0,crowdsignals.algosnap.com,1.0(1),352622063881655,smartphone,-8,light,1464757566000000000,1464757567000000000,TMG399X RGB Sensor,5.0,1464757566685841042
0,crowdsignals.algosnap.com,1.0(1),352622063881655,smartphone,-8,light,1464757566000000000,1464757567000000000,TMG399X RGB Sensor,5.0,1464757566863690677
0,crowdsignals.algosnap.com,1.0(1),352622063881655,smartphone,-8,light,1464757567000000000,1464757568000000000,TMG399X RGB Sensor,5.0,1464757567219962083
0,crowdsignals.algosnap.com,1.0(1),352622063881655,smartphone,-8,light,1464757567000000000,1464757568000000000,TMG399X RGB Sensor,5.0,1464757567397315209
0,crowdsignals.algosnap.com,1.0(1),352622063881655,smartphone,-8,light,1464757567000000000,1464757568000000000,TMG399X RGB Sensor,5.0,1464757567577164219
0,crowdsignals.algosnap.com,1.0(1),352622063881655,smartphone,-8,light,1464757567000000000,1464757568000000000,TMG399X RGB Sensor,5.0,1464757567753772240
0,crowdsignals.algosnap.com,1.0(1),352622063881655,smartphone,-8,light,1464757567000000000,1464757568000000000,TMG399X RGB Sensor,5.0,1464757567931264792
0,crowdsignals.algosnap.com,1.0(1),352622063881655,smartphone,-8,light,1464757568000000000,1464757569000000000,TMG399X RGB Sensor,5.0,1464757568287709010
0,crowdsignals.algosnap.com,1.0(1),352622063881655,smartphone,-8,light,1464757568000000000,1464757569000000000,TMG399X RGB Sensor,5.0,1464757568465005053
0,crowdsignals.algosnap.com,1.0(1),352622063881655,smartphone,-8,light,1464757568000000000,1464757569000000000,TMG399X RGB Sensor,5.0,1464757568643177083
0,crowdsignals.algosnap.com,1.0(1),352622063881655,smartphone,-8,light,1464757568000000000,1464757569000000000,TMG399X RGB Sensor,5.0,1464757568820204114
0,crowdsignals.algosnap.com,1.0(1),352622063881655,smartphone,-8,light,1464757568000000000,1464757569000000000,TMG399X RGB Sensor,5.0,1464757568998287031
0,crowdsignals.algosnap.com,1.0(1),352622063881655,smartphone,-8,light,1464757569000000000,1464757570000000000,TMG399X RGB Sensor,5.0,1464757569356507813
0,crowdsignals.algosnap.com,1.0(1),352622063881655,smartphone,-8,light,1464757569000000000,1464757570000000000,TMG399X RGB Sensor,5.0,1464757569533353698
0,crowdsignals.algosnap.com,1.0(1),352622063881655,smartphone,-8,light,1464757569000000000,1464757570000000000,TMG399X RGB Sensor,5.0,1464757569710492969
0,crowdsignals.algosnap.com,1.0(1),352622063881655,smartphone,-8,light,1464757569000000000,1464757570000000000,TMG399X RGB Sensor,5.0,1464757569889145781
0,crowdsignals.algosnap.com,1.0(1),352622063881655,smartphone,-8,light,1464757570000000000,1464757571000000000,TMG399X RGB Sensor,5.0,1464757570245173229
0,crowdsignals.algosnap.com,1.0(1),352622063881655,smartphone,-8,light,1464757570000000000,1464757571000000000,TMG399X RGB Sensor,5.0,1464757570422838542
0,crowdsignals.algosnap.com,1.0(1),352622063881655,smartphone,-8,light,1464757570000000000,1464757571000000000,TMG399X RGB Sensor,5.0,1464757570599886145
0,crowdsignals.algosnap.com,1.0(1),352622063881655,smartphone,-8,light,1464757570000000000,1464757571000000000,TMG399X RGB Sensor,5.0,1464757570778971719
0,crowdsignals.algosnap.com,1.0(1),352622063881655,smartphone,-8,light,1464757570000000000,1464757571000000000,TMG399X RGB Sensor,5.0,1464757570956651146
0,crowdsignals.algosnap.com,1.0(1),352622063881655,smartphone,-8,light,1464757571000000000,1464757572000000000,TMG399X RGB Sensor,5.0,1464757571133790156
0,crowdsignals.algosnap.com,1.0(1),352622063881655,smartphone,-8,light,1464757571000000000,1464757572000000000,TMG399X RGB Sensor,5.0,1464757571312416250
0,crowdsignals.algosnap.com,1.0(1),352622063881655,smartphone,-8,light,1464757571000000000,1464757572000000000,TMG399X RGB Sensor,5.0,1464757571489895051
0,crowdsignals.algosnap.com,1.0(1),352622063881655,smartphone,-8,light,1464757571000000000,1464757572000000000,TMG399X RGB Sensor,5.0,1464757571666401249
0,crowdsignals.algosnap.com,1.0(1),352622063881655,smartphone,-8,light,1464757571000000000,1464757572000000000,TMG399X RGB Sensor,5.0,1464757571845605000
0,crowdsignals.algosnap.com,1.0(1),352622063881655,smartphone,-8,light,1464757572000000000,1464757573000000000,TMG399X RGB Sensor,5.0,1464757572201169583
0,crowdsignals.algosnap.com,1.0(1),352622063881655,smartphone,-8,light,1464757572000000000,1464757573000000000,TMG399X RGB Sensor,5.0,1464757572378379479
0,crowdsignals.algosnap.com,1.0(1),352622063881655,smartphone,-8,light,1464757572000000000,1464757573000000000,TMG399X RGB Sensor,5.0,1464757572556702969
0,crowdsignals.algosnap.com,1.0(1),352622063881655,smartphone,-8,light,1464757572000000000,1464757573000000000,TMG399X RGB Sensor,5.0,1464757572735719636
0,crowdsignals.algosnap.com,1.0(1),352622063881655,smartphone,-8,light,1464757572000000000,1464757573000000000,TMG399X RGB Sensor,5.0,1464757572912987605
0,crowdsignals.algosnap.com,1.0(1),352622063881655,smartphone,-8,light,1464757573000000000,1464757574000000000,TMG399X RGB Sensor,5.0,1464757573268652396
0,crowdsignals.algosnap.com,1.0(1),352622063881655,smartphone,-8,light,1464757573000000000,1464757574000000000,TMG399X RGB Sensor,5.0,1464757573448230990
0,crowdsignals.algosnap.com,1.0(1),352622063881655,smartphone,-8,light,1464757573000000000,1464757574000000000,TMG399X RGB Sensor,5.0,1464757573625066041
0,crowdsignals.algosnap.com,1.0(1),352622063881655,smartphone,-8,light,1464757573000000000,1464757574000000000,TMG399X RGB Sensor,5.0,1464757573803131563
0,crowdsignals.algosnap.com,1.0(1),352622063881655,smartphone,-8,light,1464757573000000000,1464757574000000000,TMG399X RGB Sensor,5.0,1464757573980742291
0,crowdsignals.algosnap.com,1.0(1),352622063881655,smartphone,-8,light,1464757574000000000,1464757575000000000,TMG399X RGB Sensor,5.0,1464757574336552083
0,crowdsignals.algosnap.com,1.0(1),352622063881655,smartphone,-8,light,1464757574000000000,1464757575000000000,TMG399X RGB Sensor,5.0,1464757574514565989
0,crowdsignals.algosnap.com,1.0(1),352622063881655,smartphone,-8,light,1464757574000000000,1464757575000000000,TMG399X RGB Sensor,5.0,1464757574692670677
0,crowdsignals.algosnap.com,1.0(1),352622063881655,smartphone,-8,light,1464757574000000000,1464757575000000000,TMG399X RGB Sensor,5.0,1464757574870288176
0,crowdsignals.algosnap.com,1.0(1),352622063881655,smartphone,-8,light,1464757575000000000,1464757576000000000,TMG399X RGB Sensor,5.0,1464757575226159115
0,crowdsignals.algosnap.com,1.0(1),352622063881655,smartphone,-8,light,1464757575000000000,1464757576000000000,TMG399X RGB Sensor,5.0,1464757575404117396
0,crowdsignals.algosnap.com,1.0(1),352622063881655,smartphone,-8,light,1464757575000000000,1464757576000000000,TMG399X RGB Sensor,5.0,1464757575581843281
0,crowdsignals.algosnap.com,1.0(1),352622063881655,smartphone,-8,light,1464757575000000000,1464757576000000000,TMG399X RGB Sensor,5.0,1464757575761281042
0,crowdsignals.algosnap.com,1.0(1),352622063881655,smartphone,-8,light,1464757575000000000,1464757576000000000,TMG399X RGB Sensor,5.0,1464757575938693645
0,crowdsignals.algosnap.com,1.0(1),352622063881655,smartphone,-8,light,1464757576000000000,1464757577000000000,TMG399X RGB Sensor,5.0,1464757576293426198
0,crowdsignals.algosnap.com,1.0(1),352622063881655,smartphone,-8,light,1464757576000000000,1464757577000000000,TMG399X RGB Sensor,5.0,1464757576471224375
0,crowdsignals.algosnap.com,1.0(1),352622063881655,smartphone,-8,light,1464757576000000000,1464757577000000000,TMG399X RGB Sensor,5.0,1464757576649257605
0,crowdsignals.algosnap.com,1.0(1),352622063881655,smartphone,-8,light,1464757576000000000,1464757577000000000,TMG399X RGB Sensor,5.0,1464757576827687396
0,crowdsignals.algosnap.com,1.0(1),352622063881655,smartphone,-8,light,1464757577000000000,1464757578000000000,TMG399X RGB Sensor,5.0,1464757577182269167
0,crowdsignals.algosnap.com,1.0(1),352622063881655,smartphone,-8,light,1464757577000000000,1464757578000000000,TMG399X RGB Sensor,5.0,1464757577360761354
0,crowdsignals.algosnap.com,1.0(1),352622063881655,smartphone,-8,light,1464757577000000000,1464757578000000000,TMG399X RGB Sensor,8.0,1464757577539565676
0,crowdsignals.algosnap.com,1.0(1),352622063881655,smartphone,-8,light,1464757577000000000,1464757578000000000,TMG399X RGB Sensor,8.0,1464757577716743437
0,crowdsignals.algosnap.com,1.0(1),352622063881655,smartphone,-8,light,1464757577000000000,1464757578000000000,TMG399X RGB Sensor,8.0,1464757577894722188
0,crowdsignals.algosnap.com,1.0(1),352622063881655,smartphone,-8,light,1464757578000000000,1464757579000000000,TMG399X RGB Sensor,3.0,1464757578250709427
0,crowdsignals.algosnap.com,1.0(1),352622063881655,smartphone,-8,light,1464757578000000000,1464757579000000000,TMG399X RGB Sensor,8.0,1464757578428352188
0,crowdsignals.algosnap.com,1.0(1),352622063881655,smartphone,-8,light,1464757578000000000,1464757579000000000,TMG399X RGB Sensor,8.0,1464757578606695052
0,crowdsignals.algosnap.com,1.0(1),352622063881655,smartphone,-8,light,1464757578000000000,1464757579000000000,TMG399X RGB Sensor,8.0,1464757578784712709
0,crowdsignals.algosnap.com,1.0(1),352622063881655,smartphone,-8,light,1464757578000000000,1464757579000000000,TMG399X RGB Sensor,8.0,1464757578962540208
0,crowdsignals.algosnap.com,1.0(1),352622063881655,smartphone,-8,light,1464757579000000000,1464757580000000000,TMG399X RGB Sensor,8.0,1464757579318237604
0,crowdsignals.algosnap.com,1.0(1),352622063881655,smartphone,-8,light,1464757579000000000,1464757580000000000,TMG399X RGB Sensor,8.0,1464757579496204584
0,crowdsignals.algosnap.com,1.0(1),352622063881655,smartphone,-8,light,1464757579000000000,1464757580000000000,TMG399X RGB Sensor,8.0,1464757579673441563
0,crowdsignals.algosnap.com,1.0(1),352622063881655,smartphone,-8,light,1464757579000000000,1464757580000000000,TMG399X RGB Sensor,3.0,1464757579852370157
0,crowdsignals.algosnap.com,1.0(1),352622063881655,smartphone,-8,light,1464757580000000000,1464757581000000000,TMG399X RGB Sensor,3.0,1464757580207497552
0,crowdsignals.algosnap.com,1.0(1),352622063881655,smartphone,-8,light,1464757580000000000,1464757581000000000,TMG399X RGB Sensor,8.0,1464757580385134583
0,crowdsignals.algosnap.com,1.0(1),352622063881655,smartphone,-8,light,1464757580000000000,1464757581000000000,TMG399X RGB Sensor,8.0,1464757580562993542
0,crowdsignals.algosnap.com,1.0(1),352622063881655,smartphone,-8,light,1464757580000000000,1464757581000000000,TMG399X RGB Sensor,8.0,1464757580741203177
0,crowdsignals.algosnap.com,1.0(1),352622063881655,smartphone,-8,light,1464757580000000000,1464757581000000000,TMG399X RGB Sensor,8.0,1464757580921273387
0,crowdsignals.algosnap.com,1.0(1),352622063881655,smartphone,-8,light,1464757581000000000,1464757582000000000,TMG399X RGB Sensor,8.0,1464757581097473125
0,crowdsignals.algosnap.com,1.0(1),352622063881655,smartphone,-8,light,1464757581000000000,1464757582000000000,TMG399X RGB Sensor,3.0,1464757581275152865
0,crowdsignals.algosnap.com,1.0(1),352622063881655,smartphone,-8,light,1464757581000000000,1464757582000000000,TMG399X RGB Sensor,8.0,1464757581453293594
0,crowdsignals.algosnap.com,1.0(1),352622063881655,smartphone,-8,light,1464757581000000000,1464757582000000000,TMG399X RGB Sensor,8.0,1464757581632880104
0,crowdsignals.algosnap.com,1.0(1),352622063881655,smartphone,-8,light,1464757581000000000,1464757582000000000,TMG399X RGB Sensor,8.0,1464757581809534478
0,crowdsignals.algosnap.com,1.0(1),352622063881655,smartphone,-8,light,1464757581000000000,1464757582000000000,TMG399X RGB Sensor,8.0,1464757581986838437
0,crowdsignals.algosnap.com,1.0(1),352622063881655,smartphone,-8,light,1464757582000000000,1464757583000000000,TMG399X RGB Sensor,8.0,1464757582343422813
0,crowdsignals.algosnap.com,1.0(1),352622063881655,smartphone,-8,light,1464757582000000000,1464757583000000000,TMG399X RGB Sensor,8.0,1464757582523089584
0,crowdsignals.algosnap.com,1.0(1),352622063881655,smartphone,-8,light,1464757582000000000,1464757583000000000,TMG399X RGB Sensor,8.0,1464757582700206614
0,crowdsignals.algosnap.com,1.0(1),352622063881655,smartphone,-8,light,1464757582000000000,1464757583000000000,TMG399X RGB Sensor,8.0,1464757582877129323
0,crowdsignals.algosnap.com,1.0(1),352622063881655,smartphone,-8,light,1464757583000000000,1464757584000000000,TMG399X RGB Sensor,8.0,1464757583231484896
0,crowdsignals.algosnap.com,1.0(1),352622063881655,smartphone,-8,light,1464757583000000000,1464757584000000000,TMG399X RGB Sensor,8.0,1464757583410356406
0,crowdsignals.algosnap.com,1.0(1),352622063881655,smartphone,-8,light,1464757583000000000,1464757584000000000,TMG399X RGB Sensor,8.0,1464757583588198385
0,crowdsignals.algosnap.com,1.0(1),352622063881655,smartphone,-8,light,1464757583000000000,1464757584000000000,TMG399X RGB Sensor,8.0,1464757583765454219
0,crowdsignals.algosnap.com,1.0(1),352622063881655,smartphone,-8,light,1464757583000000000,1464757584000000000,TMG399X RGB Sensor,8.0,1464757583944488489
0,crowdsignals.algosnap.com,1.0(1),352622063881655,smartphone,-8,light,1464757584000000000,1464757585000000000,TMG399X RGB Sensor,8.0,1464757584299474635
0,crowdsignals.algosnap.com,1.0(1),352622063881655,smartphone,-8,light,1464757584000000000,1464757585000000000,TMG399X RGB Sensor,8.0,1464757584477816771
0,crowdsignals.algosnap.com,1.0(1),352622063881655,smartphone,-8,light,1464757584000000000,1464757585000000000,TMG399X RGB Sensor,8.0,1464757584655962865
0,crowdsignals.algosnap.com,1.0(1),352622063881655,smartphone,-8,light,1464757584000000000,1464757585000000000,TMG399X RGB Sensor,8.0,1464757584833731042
0,crowdsignals.algosnap.com,1.0(1),352622063881655,smartphone,-8,light,1464757585000000000,1464757586000000000,TMG399X RGB Sensor,8.0,1464757585189352864
0,crowdsignals.algosnap.com,1.0(1),352622063881655,smartphone,-8,light,1464757585000000000,1464757586000000000,TMG399X RGB Sensor,8.0,1464757585369748437
0,crowdsignals.algosnap.com,1.0(1),352622063881655,smartphone,-8,light,1464757585000000000,1464757586000000000,TMG399X RGB Sensor,8.0,1464757585545672397
0,crowdsignals.algosnap.com,1.0(1),352622063881655,smartphone,-8,light,1464757585000000000,1464757586000000000,TMG399X RGB Sensor,8.0,1464757585722697917
0,crowdsignals.algosnap.com,1.0(1),352622063881655,smartphone,-8,light,1464757585000000000,1464757586000000000,TMG399X RGB Sensor,8.0,1464757585901825365
0,crowdsignals.algosnap.com,1.0(1),352622063881655,smartphone,-8,light,1464757586000000000,1464757587000000000,TMG399X RGB Sensor,8.0,1464757586257094428
0,crowdsignals.algosnap.com,1.0(1),352622063881655,smartphone,-8,light,1464757586000000000,1464757587000000000,TMG399X RGB Sensor,8.0,1464757586435147553
0,crowdsignals.algosnap.com,1.0(1),352622063881655,smartphone,-8,light,1464757586000000000,1464757587000000000,TMG399X RGB Sensor,8.0,1464757586615248750
0,crowdsignals.algosnap.com,1.0(1),352622063881655,smartphone,-8,light,1464757586000000000,1464757587000000000,TMG399X RGB Sensor,8.0,1464757586791060156
0,crowdsignals.algosnap.com,1.0(1),352622063881655,smartphone,-8,light,1464757586000000000,1464757587000000000,TMG399X RGB Sensor,8.0,1464757586970666771
0,crowdsignals.algosnap.com,1.0(1),352622063881655,smartphone,-8,light,1464757587000000000,1464757588000000000,TMG399X RGB Sensor,8.0,1464757587325774011
0,crowdsignals.algosnap.com,1.0(1),352622063881655,smartphone,-8,light,1464757587000000000,1464757588000000000,TMG399X RGB Sensor,8.0,1464757587503329896
0,crowdsignals.algosnap.com,1.0(1),352622063881655,smartphone,-8,light,1464757587000000000,1464757588000000000,TMG399X RGB Sensor,8.0,1464757587680679009
0,crowdsignals.algosnap.com,1.0(1),352622063881655,smartphone,-8,light,1464757587000000000,1464757588000000000,TMG399X RGB Sensor,8.0,1464757587858681614
0,crowdsignals.algosnap.com,1.0(1),352622063881655,smartphone,-8,light,1464757588000000000,1464757589000000000,TMG399X RGB Sensor,3.0,1464757588215147552
0,crowdsignals.algosnap.com,1.0(1),352622063881655,smartphone,-8,light,1464757588000000000,1464757589000000000,TMG399X RGB Sensor,8.0,1464757588393098542
0,crowdsignals.algosnap.com,1.0(1),352622063881655,smartphone,-8,light,1464757588000000000,1464757589000000000,TMG399X RGB Sensor,8.0,1464757588569867656
0,crowdsignals.algosnap.com,1.0(1),352622063881655,smartphone,-8,light,1464757588000000000,1464757589000000000,TMG399X RGB Sensor,8.0,1464757588748065677
0,crowdsignals.algosnap.com,1.0(1),352622063881655,smartphone,-8,light,1464757588000000000,1464757589000000000,TMG399X RGB Sensor,8.0,1464757588926219115
0,crowdsignals.algosnap.com,1.0(1),352622063881655,smartphone,-8,light,1464757589000000000,1464757590000000000,TMG399X RGB Sensor,8.0,1464757589282020834
0,crowdsignals.algosnap.com,1.0(1),352622063881655,smartphone,-8,light,1464757589000000000,1464757590000000000,TMG399X RGB Sensor,8.0,1464757589459708593
0,crowdsignals.algosnap.com,1.0(1),352622063881655,smartphone,-8,light,1464757589000000000,1464757590000000000,TMG399X RGB Sensor,8.0,1464757589637142343
0,crowdsignals.algosnap.com,1.0(1),352622063881655,smartphone,-8,light,1464757589000000000,1464757590000000000,TMG399X RGB Sensor,8.0,1464757589815123854
0,crowdsignals.algosnap.com,1.0(1),352622063881655,smartphone,-8,light,1464757589000000000,1464757590000000000,TMG399X RGB Sensor,8.0,1464757589993185157
0,crowdsignals.algosnap.com,1.0(1),352622063881655,smartphone,-8,light,1464757590000000000,1464757591000000000,TMG399X RGB Sensor,8.0,1464757590349280052
0,crowdsignals.algosnap.com,1.0(1),352622063881655,smartphone,-8,light,1464757590000000000,1464757591000000000,TMG399X RGB Sensor,8.0,1464757590528945155
0,crowdsignals.algosnap.com,1.0(1),352622063881655,smartphone,-8,light,1464757590000000000,1464757591000000000,TMG399X RGB Sensor,8.0,1464757590705160313
0,crowdsignals.algosnap.com,1.0(1),352622063881655,smartphone,-8,light,1464757590000000000,1464757591000000000,TMG399X RGB Sensor,8.0,1464757590883186875
0,crowdsignals.algosnap.com,1.0(1),352622063881655,smartphone,-8,light,1464757591000000000,1464757592000000000,TMG399X RGB Sensor,8.0,1464757591060796406
0,crowdsignals.algosnap.com,1.0(1),352622063881655,smartphone,-8,light,1464757591000000000,1464757592000000000,TMG399X RGB Sensor,8.0,1464757591238830155
0,crowdsignals.algosnap.com,1.0(1),352622063881655,smartphone,-8,light,1464757591000000000,1464757592000000000,TMG399X RGB Sensor,8.0,1464757591416514375
0,crowdsignals.algosnap.com,1.0(1),352622063881655,smartphone,-8,light,1464757591000000000,1464757592000000000,TMG399X RGB Sensor,8.0,1464757591595056250
0,crowdsignals.algosnap.com,1.0(1),352622063881655,smartphone,-8,light,1464757591000000000,1464757592000000000,TMG399X RGB Sensor,8.0,1464757591772277395
0,crowdsignals.algosnap.com,1.0(1),352622063881655,smartphone,-8,light,1464757591000000000,1464757592000000000,TMG399X RGB Sensor,8.0,1464757591951716771
0,crowdsignals.algosnap.com,1.0(1),352622063881655,smartphone,-8,light,1464757592000000000,1464757593000000000,TMG399X RGB Sensor,8.0,1464757592307028646
0,crowdsignals.algosnap.com,1.0(1),352622063881655,smartphone,-8,light,1464757592000000000,1464757593000000000,TMG399X RGB Sensor,8.0,1464757592484242969
0,crowdsignals.algosnap.com,1.0(1),352622063881655,smartphone,-8,light,1464757592000000000,1464757593000000000,TMG399X RGB Sensor,8.0,1464757592662334063
0,crowdsignals.algosnap.com,1.0(1),352622063881655,smartphone,-8,light,1464757592000000000,1464757593000000000,TMG399X RGB Sensor,8.0,1464757592840148593
0,crowdsignals.algosnap.com,1.0(1),352622063881655,smartphone,-8,light,1464757593000000000,1464757594000000000,TMG399X RGB Sensor,8.0,1464757593196271198
0,crowdsignals.algosnap.com,1.0(1),352622063881655,smartphone,-8,light,1464757593000000000,1464757594000000000,TMG399X RGB Sensor,8.0,1464757593374428073
0,crowdsignals.algosnap.com,1.0(1),352622063881655,smartphone,-8,light,1464757593000000000,1464757594000000000,TMG399X RGB Sensor,8.0,1464757593552288490
0,crowdsignals.algosnap.com,1.0(1),352622063881655,smartphone,-8,light,1464757593000000000,1464757594000000000,TMG399X RGB Sensor,8.0,1464757593729455156
0,crowdsignals.algosnap.com,1.0(1),352622063881655,smartphone,-8,light,1464757593000000000,1464757594000000000,TMG399X RGB Sensor,8.0,1464757593907468594
0,crowdsignals.algosnap.com,1.0(1),352622063881655,smartphone,-8,light,1464757594000000000,1464757595000000000,TMG399X RGB Sensor,8.0,1464757594263841823
0,crowdsignals.algosnap.com,1.0(1),352622063881655,smartphone,-8,light,1464757594000000000,1464757595000000000,TMG399X RGB Sensor,8.0,1464757594441295938
0,crowdsignals.algosnap.com,1.0(1),352622063881655,smartphone,-8,light,1464757594000000000,1464757595000000000,TMG399X RGB Sensor,3.0,1464757594619167083
0,crowdsignals.algosnap.com,1.0(1),352622063881655,smartphone,-8,light,1464757594000000000,1464757595000000000,TMG399X RGB Sensor,8.0,1464757594798710677
0,crowdsignals.algosnap.com,1.0(1),352622063881655,smartphone,-8,light,1464757594000000000,1464757595000000000,TMG399X RGB Sensor,8.0,1464757594975326562
0,crowdsignals.algosnap.com,1.0(1),352622063881655,smartphone,-8,light,1464757595000000000,1464757596000000000,TMG399X RGB Sensor,8.0,1464757595331681615
0,crowdsignals.algosnap.com,1.0(1),352622063881655,smartphone,-8,light,1464757595000000000,1464757596000000000,TMG399X RGB Sensor,8.0,1464757595508866927
0,crowdsignals.algosnap.com,1.0(1),352622063881655,smartphone,-8,light,1464757595000000000,1464757596000000000,TMG399X RGB Sensor,8.0,1464757595686976198
0,crowdsignals.algosnap.com,1.0(1),352622063881655,smartphone,-8,light,1464757595000000000,1464757596000000000,TMG399X RGB Sensor,8.0,1464757595864656979
0,crowdsignals.algosnap.com,1.0(1),352622063881655,smartphone,-8,light,1464757596000000000,1464757597000000000,TMG399X RGB Sensor,8.0,1464757596220943073
0,crowdsignals.algosnap.com,1.0(1),352622063881655,smartphone,-8,light,1464757596000000000,1464757597000000000,TMG399X RGB Sensor,8.0,1464757596398172343
0,crowdsignals.algosnap.com,1.0(1),352622063881655,smartphone,-8,light,1464757596000000000,1464757597000000000,TMG399X RGB Sensor,8.0,1464757596577287864
0,crowdsignals.algosnap.com,1.0(1),352622063881655,smartphone,-8,light,1464757596000000000,1464757597000000000,TMG399X RGB Sensor,8.0,1464757596754698906
0,crowdsignals.algosnap.com,1.0(1),352622063881655,smartphone,-8,light,1464757596000000000,1464757597000000000,TMG399X RGB Sensor,3.0,1464757596931918281
0,crowdsignals.algosnap.com,1.0(1),352622063881655,smartphone,-8,light,1464757597000000000,1464757598000000000,TMG399X RGB Sensor,8.0,1464757597288727917
0,crowdsignals.algosnap.com,1.0(1),352622063881655,smartphone,-8,light,1464757597000000000,1464757598000000000,TMG399X RGB Sensor,8.0,1464757597465920053
0,crowdsignals.algosnap.com,1.0(1),352622063881655,smartphone,-8,light,1464757597000000000,1464757598000000000,TMG399X RGB Sensor,8.0,1464757597643709583
0,crowdsignals.algosnap.com,1.0(1),352622063881655,smartphone,-8,light,1464757597000000000,1464757598000000000,TMG399X RGB Sensor,8.0,1464757597822067239
0,crowdsignals.algosnap.com,1.0(1),352622063881655,smartphone,-8,light,1464757597000000000,1464757598000000000,TMG399X RGB Sensor,8.0,1464757597999432187
0,crowdsignals.algosnap.com,1.0(1),352622063881655,smartphone,-8,light,1464757598000000000,1464757599000000000,TMG399X RGB Sensor,8.0,1464757598356364636
0,crowdsignals.algosnap.com,1.0(1),352622063881655,smartphone,-8,light,1464757598000000000,1464757599000000000,TMG399X RGB Sensor,8.0,1464757598533452032
0,crowdsignals.algosnap.com,1.0(1),352622063881655,smartphone,-8,light,1464757598000000000,1464757599000000000,TMG399X RGB Sensor,8.0,1464757598711502605
0,crowdsignals.algosnap.com,1.0(1),352622063881655,smartphone,-8,light,1464757598000000000,1464757599000000000,TMG399X RGB Sensor,8.0,1464757598889688072
0,crowdsignals.algosnap.com,1.0(1),352622063881655,smartphone,-8,light,1464757599000000000,1464757600000000000,TMG399X RGB Sensor,3.0,1464757599245406459
0,crowdsignals.algosnap.com,1.0(1),352622063881655,smartphone,-8,light,1464757599000000000,1464757600000000000,TMG399X RGB Sensor,8.0,1464757599424463229
0,crowdsignals.algosnap.com,1.0(1),352622063881655,smartphone,-8,light,1464757599000000000,1464757600000000000,TMG399X RGB Sensor,8.0,1464757599602644167
0,crowdsignals.algosnap.com,1.0(1),352622063881655,smartphone,-8,light,1464757599000000000,1464757600000000000,TMG399X RGB Sensor,8.0,1464757599780023489
0,crowdsignals.algosnap.com,1.0(1),352622063881655,smartphone,-8,light,1464757599000000000,1464757600000000000,TMG399X RGB Sensor,8.0,1464757599957002344
0,crowdsignals.algosnap.com,1.0(1),352622063881655,smartphone,-8,light,1464757600000000000,1464757601000000000,TMG399X RGB Sensor,8.0,1464757600312881667
0,crowdsignals.algosnap.com,1.0(1),352622063881655,smartphone,-8,light,1464757600000000000,1464757601000000000,TMG399X RGB Sensor,8.0,1464757600490816563
0,crowdsignals.algosnap.com,1.0(1),352622063881655,smartphone,-8,light,1464757600000000000,1464757601000000000,TMG399X RGB Sensor,8.0,1464757600668872447
0,crowdsignals.algosnap.com,1.0(1),352622063881655,smartphone,-8,light,1464757600000000000,1464757601000000000,TMG399X RGB Sensor,8.0,1464757600846393333
0,crowdsignals.algosnap.com,1.0(1),352622063881655,smartphone,-8,light,1464757601000000000,1464757602000000000,TMG399X RGB Sensor,8.0,1464757601024137187
0,crowdsignals.algosnap.com,1.0(1),352622063881655,smartphone,-8,light,1464757601000000000,1464757602000000000,TMG399X RGB Sensor,8.0,1464757601202740260
0,crowdsignals.algosnap.com,1.0(1),352622063881655,smartphone,-8,light,1464757601000000000,1464757602000000000,TMG399X RGB Sensor,8.0,1464757601379432030
0,crowdsignals.algosnap.com,1.0(1),352622063881655,smartphone,-8,light,1464757601000000000,1464757602000000000,TMG399X RGB Sensor,8.0,1464757601558239844
0,crowdsignals.algosnap.com,1.0(1),352622063881655,smartphone,-8,light,1464757601000000000,1464757602000000000,TMG399X RGB Sensor,8.0,1464757601736684480
0,crowdsignals.algosnap.com,1.0(1),352622063881655,smartphone,-8,light,1464757601000000000,1464757602000000000,TMG399X RGB Sensor,3.0,1464757601915244271
0,crowdsignals.algosnap.com,1.0(1),352622063881655,smartphone,-8,light,1464757602000000000,1464757603000000000,TMG399X RGB Sensor,8.0,1464757602269776718
0,crowdsignals.algosnap.com,1.0(1),352622063881655,smartphone,-8,light,1464757602000000000,1464757603000000000,TMG399X RGB Sensor,8.0,1464757602447080208
0,crowdsignals.algosnap.com,1.0(1),352622063881655,smartphone,-8,light,1464757602000000000,1464757603000000000,TMG399X RGB Sensor,8.0,1464757602625474219
0,crowdsignals.algosnap.com,1.0(1),352622063881655,smartphone,-8,light,1464757602000000000,1464757603000000000,TMG399X RGB Sensor,8.0,1464757602803569844
0,crowdsignals.algosnap.com,1.0(1),352622063881655,smartphone,-8,light,1464757602000000000,1464757603000000000,TMG399X RGB Sensor,8.0,1464757602981759376
0,crowdsignals.algosnap.com,1.0(1),352622063881655,smartphone,-8,light,1464757603000000000,1464757604000000000,TMG399X RGB Sensor,8.0,1464757603337023073
0,crowdsignals.algosnap.com,1.0(1),352622063881655,smartphone,-8,light,1464757603000000000,1464757604000000000,TMG399X RGB Sensor,8.0,1464757603515062031
0,crowdsignals.algosnap.com,1.0(1),352622063881655,smartphone,-8,light,1464757603000000000,1464757604000000000,TMG399X RGB Sensor,8.0,1464757603693658021
0,crowdsignals.algosnap.com,1.0(1),352622063881655,smartphone,-8,light,1464757603000000000,1464757604000000000,TMG399X RGB Sensor,3.0,1464757603871165990
0,crowdsignals.algosnap.com,1.0(1),352622063881655,smartphone,-8,light,1464757604000000000,1464757605000000000,TMG399X RGB Sensor,8.0,1464757604227270677
0,crowdsignals.algosnap.com,1.0(1),352622063881655,smartphone,-8,light,1464757604000000000,1464757605000000000,TMG399X RGB Sensor,8.0,1464757604404838438
0,crowdsignals.algosnap.com,1.0(1),352622063881655,smartphone,-8,light,1464757604000000000,1464757605000000000,TMG399X RGB Sensor,8.0,1464757604584143437
0,crowdsignals.algosnap.com,1.0(1),352622063881655,smartphone,-8,light,1464757604000000000,1464757605000000000,TMG399X RGB Sensor,8.0,1464757604760960365
0,crowdsignals.algosnap.com,1.0(1),352622063881655,smartphone,-8,light,1464757604000000000,1464757605000000000,TMG399X RGB Sensor,3.0,1464757604938904584
0,crowdsignals.algosnap.com,1.0(1),352622063881655,smartphone,-8,light,1464757605000000000,1464757606000000000,TMG399X RGB Sensor,8.0,1464757605294757032
0,crowdsignals.algosnap.com,1.0(1),352622063881655,smartphone,-8,light,1464757605000000000,1464757606000000000,TMG399X RGB Sensor,3.0,1464757605473988386
0,crowdsignals.algosnap.com,1.0(1),352622063881655,smartphone,-8,light,1464757605000000000,1464757606000000000,TMG399X RGB Sensor,8.0,1464757605650234479
0,crowdsignals.algosnap.com,1.0(1),352622063881655,smartphone,-8,light,1464757605000000000,1464757606000000000,TMG399X RGB Sensor,8.0,1464757605828674636
0,crowdsignals.algosnap.com,1.0(1),352622063881655,smartphone,-8,light,1464757606000000000,1464757607000000000,TMG399X RGB Sensor,3.0,1464757606184445626
0,crowdsignals.algosnap.com,1.0(1),352622063881655,smartphone,-8,light,1464757606000000000,1464757607000000000,TMG399X RGB Sensor,8.0,1464757606362467917
0,crowdsignals.algosnap.com,1.0(1),352622063881655,smartphone,-8,light,1464757606000000000,1464757607000000000,TMG399X RGB Sensor,8.0,1464757606539595103
0,crowdsignals.algosnap.com,1.0(1),352622063881655,smartphone,-8,light,1464757606000000000,1464757607000000000,TMG399X RGB Sensor,3.0,1464757606717852032
0,crowdsignals.algosnap.com,1.0(1),352622063881655,smartphone,-8,light,1464757606000000000,1464757607000000000,TMG399X RGB Sensor,8.0,1464757606896326094
0,crowdsignals.algosnap.com,1.0(1),352622063881655,smartphone,-8,light,1464757607000000000,1464757608000000000,TMG399X RGB Sensor,8.0,1464757607251783230
0,crowdsignals.algosnap.com,1.0(1),352622063881655,smartphone,-8,light,1464757607000000000,1464757608000000000,TMG399X RGB Sensor,8.0,1464757607429465208
0,crowdsignals.algosnap.com,1.0(1),352622063881655,smartphone,-8,light,1464757607000000000,1464757608000000000,TMG399X RGB Sensor,3.0,1464757607607744531
0,crowdsignals.algosnap.com,1.0(1),352622063881655,smartphone,-8,light,1464757607000000000,1464757608000000000,TMG399X RGB Sensor,3.0,1464757607785737656
0,crowdsignals.algosnap.com,1.0(1),352622063881655,smartphone,-8,light,1464757607000000000,1464757608000000000,TMG399X RGB Sensor,8.0,1464757607963697552
0,crowdsignals.algosnap.com,1.0(1),352622063881655,smartphone,-8,light,1464757608000000000,1464757609000000000,TMG399X RGB Sensor,3.0,1464757608319636041
0,crowdsignals.algosnap.com,1.0(1),352622063881655,smartphone,-8,light,1464757608000000000,1464757609000000000,TMG399X RGB Sensor,8.0,1464757608497441718
0,crowdsignals.algosnap.com,1.0(1),352622063881655,smartphone,-8,light,1464757608000000000,1464757609000000000,TMG399X RGB Sensor,8.0,1464757608675169740
0,crowdsignals.algosnap.com,1.0(1),352622063881655,smartphone,-8,light,1464757608000000000,1464757609000000000,TMG399X RGB Sensor,3.0,1464757608853468281
0,crowdsignals.algosnap.com,1.0(1),352622063881655,smartphone,-8,light,1464757609000000000,1464757610000000000,TMG399X RGB Sensor,8.0,1464757609208278021
0,crowdsignals.algosnap.com,1.0(1),352622063881655,smartphone,-8,light,1464757609000000000,1464757610000000000,TMG399X RGB Sensor,8.0,1464757609387355989
0,crowdsignals.algosnap.com,1.0(1),352622063881655,smartphone,-8,light,1464757609000000000,1464757610000000000,TMG399X RGB Sensor,3.0,1464757609568621145
0,crowdsignals.algosnap.com,1.0(1),352622063881655,smartphone,-8,light,1464757609000000000,1464757610000000000,TMG399X RGB Sensor,8.0,1464757609742368490
0,crowdsignals.algosnap.com,1.0(1),352622063881655,smartphone,-8,light,1464757609000000000,1464757610000000000,TMG399X RGB Sensor,8.0,1464757609921734062
0,crowdsignals.algosnap.com,1.0(1),352622063881655,smartphone,-8,light,1464757610000000000,1464757611000000000,TMG399X RGB Sensor,8.0,1464757610279372500
0,crowdsignals.algosnap.com,1.0(1),352622063881655,smartphone,-8,light,1464757610000000000,1464757611000000000,TMG399X RGB Sensor,8.0,1464757610454567343
0,crowdsignals.algosnap.com,1.0(1),352622063881655,smartphone,-8,light,1464757610000000000,1464757611000000000,TMG399X RGB Sensor,8.0,1464757610634105521
0,crowdsignals.algosnap.com,1.0(1),352622063881655,smartphone,-8,light,1464757610000000000,1464757611000000000,TMG399X RGB Sensor,3.0,1464757610809973541
0,crowdsignals.algosnap.com,1.0(1),352622063881655,smartphone,-8,light,1464757610000000000,1464757611000000000,TMG399X RGB Sensor,3.0,1464757610988690260
0,crowdsignals.algosnap.com,1.0(1),352622063881655,smartphone,-8,light,1464757611000000000,1464757612000000000,TMG399X RGB Sensor,8.0,1464757611166755521
0,crowdsignals.algosnap.com,1.0(1),352622063881655,smartphone,-8,light,1464757611000000000,1464757612000000000,TMG399X RGB Sensor,8.0,1464757611344303385
0,crowdsignals.algosnap.com,1.0(1),352622063881655,smartphone,-8,light,1464757611000000000,1464757612000000000,TMG399X RGB Sensor,3.0,1464757611521132916
0,crowdsignals.algosnap.com,1.0(1),352622063881655,smartphone,-8,light,1464757611000000000,1464757612000000000,TMG399X RGB Sensor,8.0,1464757611699404791
0,crowdsignals.algosnap.com,1.0(1),352622063881655,smartphone,-8,light,1464757611000000000,1464757612000000000,TMG399X RGB Sensor,8.0,1464757611877191354
0,crowdsignals.algosnap.com,1.0(1),352622063881655,smartphone,-8,light,1464757612000000000,1464757613000000000,TMG399X RGB Sensor,8.0,1464757612233668542
0,crowdsignals.algosnap.com,1.0(1),352622063881655,smartphone,-8,light,1464757612000000000,1464757613000000000,TMG399X RGB Sensor,8.0,1464757612411675208
0,crowdsignals.algosnap.com,1.0(1),352622063881655,smartphone,-8,light,1464757612000000000,1464757613000000000,TMG399X RGB Sensor,8.0,1464757612589388957
0,crowdsignals.algosnap.com,1.0(1),352622063881655,smartphone,-8,light,1464757612000000000,1464757613000000000,TMG399X RGB Sensor,8.0,1464757612767434843
0,crowdsignals.algosnap.com,1.0(1),352622063881655,smartphone,-8,light,1464757612000000000,1464757613000000000,TMG399X RGB Sensor,8.0,1464757612944559167
0,crowdsignals.algosnap.com,1.0(1),352622063881655,smartphone,-8,light,1464757613000000000,1464757614000000000,TMG399X RGB Sensor,8.0,1464757613300995208
0,crowdsignals.algosnap.com,1.0(1),352622063881655,smartphone,-8,light,1464757613000000000,1464757614000000000,TMG399X RGB Sensor,8.0,1464757613478144687
0,crowdsignals.algosnap.com,1.0(1),352622063881655,smartphone,-8,light,1464757613000000000,1464757614000000000,TMG399X RGB Sensor,8.0,1464757613656876667
0,crowdsignals.algosnap.com,1.0(1),352622063881655,smartphone,-8,light,1464757613000000000,1464757614000000000,TMG399X RGB Sensor,8.0,1464757613834981770
0,crowdsignals.algosnap.com,1.0(1),352622063881655,smartphone,-8,light,1464757614000000000,1464757615000000000,TMG399X RGB Sensor,8.0,1464757614190104895
0,crowdsignals.algosnap.com,1.0(1),352622063881655,smartphone,-8,light,1464757614000000000,1464757615000000000,TMG399X RGB Sensor,3.0,1464757614368937656
0,crowdsignals.algosnap.com,1.0(1),352622063881655,smartphone,-8,light,1464757614000000000,1464757615000000000,TMG399X RGB Sensor,8.0,1464757614546190781
0,crowdsignals.algosnap.com,1.0(1),352622063881655,smartphone,-8,light,1464757614000000000,1464757615000000000,TMG399X RGB Sensor,8.0,1464757614724534635
0,crowdsignals.algosnap.com,1.0(1),352622063881655,smartphone,-8,light,1464757614000000000,1464757615000000000,TMG399X RGB Sensor,8.0,1464757614902191616
0,crowdsignals.algosnap.com,1.0(1),352622063881655,smartphone,-8,light,1464757615000000000,1464757616000000000,TMG399X RGB Sensor,8.0,1464757615258326459
0,crowdsignals.algosnap.com,1.0(1),352622063881655,smartphone,-8,light,1464757615000000000,1464757616000000000,TMG399X RGB Sensor,8.0,1464757615437330677
0,crowdsignals.algosnap.com,1.0(1),352622063881655,smartphone,-8,light,1464757615000000000,1464757616000000000,TMG399X RGB Sensor,8.0,1464757615615274843
0,crowdsignals.algosnap.com,1.0(1),352622063881655,smartphone,-8,light,1464757615000000000,1464757616000000000,TMG399X RGB Sensor,8.0,1464757615793197396
0,crowdsignals.algosnap.com,1.0(1),352622063881655,smartphone,-8,light,1464757615000000000,1464757616000000000,TMG399X RGB Sensor,8.0,1464757615971372500
0,crowdsignals.algosnap.com,1.0(1),352622063881655,smartphone,-8,light,1464757616000000000,1464757617000000000,TMG399X RGB Sensor,8.0,1464757616327355156
0,crowdsignals.algosnap.com,1.0(1),352622063881655,smartphone,-8,light,1464757616000000000,1464757617000000000,TMG399X RGB Sensor,8.0,1464757616505485364
0,crowdsignals.algosnap.com,1.0(1),352622063881655,smartphone,-8,light,1464757616000000000,1464757617000000000,TMG399X RGB Sensor,8.0,1464757616683074427
0,crowdsignals.algosnap.com,1.0(1),352622063881655,smartphone,-8,light,1464757616000000000,1464757617000000000,TMG399X RGB Sensor,8.0,1464757616860189895
0,crowdsignals.algosnap.com,1.0(1),352622063881655,smartphone,-8,light,1464757617000000000,1464757618000000000,TMG399X RGB Sensor,8.0,1464757617215532448
0,crowdsignals.algosnap.com,1.0(1),352622063881655,smartphone,-8,light,1464757617000000000,1464757618000000000,TMG399X RGB Sensor,3.0,1464757617393239636
0,crowdsignals.algosnap.com,1.0(1),352622063881655,smartphone,-8,light,1464757617000000000,1464757618000000000,TMG399X RGB Sensor,8.0,1464757617571848438
0,crowdsignals.algosnap.com,1.0(1),352622063881655,smartphone,-8,light,1464757617000000000,1464757618000000000,TMG399X RGB Sensor,8.0,1464757617749635155
0,crowdsignals.algosnap.com,1.0(1),352622063881655,smartphone,-8,light,1464757617000000000,1464757618000000000,TMG399X RGB Sensor,3.0,1464757617927245208
0,crowdsignals.algosnap.com,1.0(1),352622063881655,smartphone,-8,light,1464757618000000000,1464757619000000000,TMG399X RGB Sensor,8.0,1464757618284285781
0,crowdsignals.algosnap.com,1.0(1),352622063881655,smartphone,-8,light,1464757618000000000,1464757619000000000,TMG399X RGB Sensor,3.0,1464757618460596302
0,crowdsignals.algosnap.com,1.0(1),352622063881655,smartphone,-8,light,1464757618000000000,1464757619000000000,TMG399X RGB Sensor,8.0,1464757618638627031
0,crowdsignals.algosnap.com,1.0(1),352622063881655,smartphone,-8,light,1464757618000000000,1464757619000000000,TMG399X RGB Sensor,8.0,1464757618817840364
0,crowdsignals.algosnap.com,1.0(1),352622063881655,smartphone,-8,light,1464757618000000000,1464757619000000000,TMG399X RGB Sensor,8.0,1464757618994027292
0,crowdsignals.algosnap.com,1.0(1),352622063881655,smartphone,-8,light,1464757619000000000,1464757620000000000,TMG399X RGB Sensor,8.0,1464757619350206718
0,crowdsignals.algosnap.com,1.0(1),352622063881655,smartphone,-8,light,1464757619000000000,1464757620000000000,TMG399X RGB Sensor,8.0,1464757619530319843
0,crowdsignals.algosnap.com,1.0(1),352622063881655,smartphone,-8,light,1464757619000000000,1464757620000000000,TMG399X RGB Sensor,8.0,1464757619707675156
0,crowdsignals.algosnap.com,1.0(1),352622063881655,smartphone,-8,light,1464757619000000000,1464757620000000000,TMG399X RGB Sensor,8.0,1464757619884839532
0,crowdsignals.algosnap.com,1.0(1),352622063881655,smartphone,-8,light,1464757620000000000,1464757621000000000,TMG399X RGB Sensor,8.0,1464757620241794479
0,crowdsignals.algosnap.com,1.0(1),352622063881655,smartphone,-8,light,1464757620000000000,1464757621000000000,TMG399X RGB Sensor,8.0,1464757620417959376
0,crowdsignals.algosnap.com,1.0(1),352622063881655,smartphone,-8,light,1464757620000000000,1464757621000000000,TMG399X RGB Sensor,8.0,1464757620597105990
0,crowdsignals.algosnap.com,1.0(1),352622063881655,smartphone,-8,light,1464757620000000000,1464757621000000000,TMG399X RGB Sensor,8.0,1464757620775683072
0,crowdsignals.algosnap.com,1.0(1),352622063881655,smartphone,-8,light,1464757620000000000,1464757621000000000,TMG399X RGB Sensor,8.0,1464757620952617969
0,crowdsignals.algosnap.com,1.0(1),352622063881655,smartphone,-8,light,1464757621000000000,1464757622000000000,TMG399X RGB Sensor,8.0,1464757621130510364
0,crowdsignals.algosnap.com,1.0(1),352622063881655,smartphone,-8,light,1464757621000000000,1464757622000000000,TMG399X RGB Sensor,8.0,1464757621307368853
0,crowdsignals.algosnap.com,1.0(1),352622063881655,smartphone,-8,light,1464757621000000000,1464757622000000000,TMG399X RGB Sensor,8.0,1464757621487009010
0,crowdsignals.algosnap.com,1.0(1),352622063881655,smartphone,-8,light,1464757621000000000,1464757622000000000,TMG399X RGB Sensor,3.0,1464757621665169480
0,crowdsignals.algosnap.com,1.0(1),352622063881655,smartphone,-8,light,1464757621000000000,1464757622000000000,TMG399X RGB Sensor,3.0,1464757621843434115
0,crowdsignals.algosnap.com,1.0(1),352622063881655,smartphone,-8,light,1464757622000000000,1464757623000000000,TMG399X RGB Sensor,8.0,1464757622198816613
0,crowdsignals.algosnap.com,1.0(1),352622063881655,smartphone,-8,light,1464757622000000000,1464757623000000000,TMG399X RGB Sensor,8.0,1464757622374342344
0,crowdsignals.algosnap.com,1.0(1),352622063881655,smartphone,-8,light,1464757622000000000,1464757623000000000,TMG399X RGB Sensor,8.0,1464757622552752500
0,crowdsignals.algosnap.com,1.0(1),352622063881655,smartphone,-8,light,1464757622000000000,1464757623000000000,TMG399X RGB Sensor,8.0,1464757622731352031
0,crowdsignals.algosnap.com,1.0(1),352622063881655,smartphone,-8,light,1464757622000000000,1464757623000000000,TMG399X RGB Sensor,8.0,1464757622908783958
0,crowdsignals.algosnap.com,1.0(1),352622063881655,smartphone,-8,light,1464757623000000000,1464757624000000000,TMG399X RGB Sensor,8.0,1464757623264469479
0,crowdsignals.algosnap.com,1.0(1),352622063881655,smartphone,-8,light,1464757623000000000,1464757624000000000,TMG399X RGB Sensor,8.0,1464757623443305313
0,crowdsignals.algosnap.com,1.0(1),352622063881655,smartphone,-8,light,1464757623000000000,1464757624000000000,TMG399X RGB Sensor,8.0,1464757623622782552
0,crowdsignals.algosnap.com,1.0(1),352622063881655,smartphone,-8,light,1464757623000000000,1464757624000000000,TMG399X RGB Sensor,8.0,1464757623799730104
0,crowdsignals.algosnap.com,1.0(1),352622063881655,smartphone,-8,light,1464757623000000000,1464757624000000000,TMG399X RGB Sensor,3.0,1464757623977329322
0,crowdsignals.algosnap.com,1.0(1),352622063881655,smartphone,-8,light,1464757624000000000,1464757625000000000,TMG399X RGB Sensor,8.0,1464757624332122969
0,crowdsignals.algosnap.com,1.0(1),352622063881655,smartphone,-8,light,1464757624000000000,1464757625000000000,TMG399X RGB Sensor,8.0,1464757624511980782
0,crowdsignals.algosnap.com,1.0(1),352622063881655,smartphone,-8,light,1464757624000000000,1464757625000000000,TMG399X RGB Sensor,8.0,1464757624690289478
0,crowdsignals.algosnap.com,1.0(1),352622063881655,smartphone,-8,light,1464757624000000000,1464757625000000000,TMG399X RGB Sensor,8.0,1464757624867072344
0,crowdsignals.algosnap.com,1.0(1),352622063881655,smartphone,-8,light,1464757625000000000,1464757626000000000,TMG399X RGB Sensor,8.0,1464757625221691562
0,crowdsignals.algosnap.com,1.0(1),352622063881655,smartphone,-8,light,1464757625000000000,1464757626000000000,TMG399X RGB Sensor,3.0,1464757625399103124
0,crowdsignals.algosnap.com,1.0(1),352622063881655,smartphone,-8,light,1464757625000000000,1464757626000000000,TMG399X RGB Sensor,8.0,1464757625577826928
0,crowdsignals.algosnap.com,1.0(1),352622063881655,smartphone,-8,light,1464757625000000000,1464757626000000000,TMG399X RGB Sensor,8.0,1464757625756731771
0,crowdsignals.algosnap.com,1.0(1),352622063881655,smartphone,-8,light,1464757625000000000,1464757626000000000,TMG399X RGB Sensor,8.0,1464757625934068750
0,crowdsignals.algosnap.com,1.0(1),352622063881655,smartphone,-8,light,1464757626000000000,1464757627000000000,TMG399X RGB Sensor,8.0,1464757626291169219
0,crowdsignals.algosnap.com,1.0(1),352622063881655,smartphone,-8,light,1464757626000000000,1464757627000000000,TMG399X RGB Sensor,8.0,1464757626468313021
0,crowdsignals.algosnap.com,1.0(1),352622063881655,smartphone,-8,light,1464757626000000000,1464757627000000000,TMG399X RGB Sensor,8.0,1464757626645295938
0,crowdsignals.algosnap.com,1.0(1),352622063881655,smartphone,-8,light,1464757626000000000,1464757627000000000,TMG399X RGB Sensor,8.0,1464757626823870729
0,crowdsignals.algosnap.com,1.0(1),352622063881655,smartphone,-8,light,1464757627000000000,1464757628000000000,TMG399X RGB Sensor,8.0,1464757627178730156
0,crowdsignals.algosnap.com,1.0(1),352622063881655,smartphone,-8,light,1464757627000000000,1464757628000000000,TMG399X RGB Sensor,3.0,1464757627358451874
0,crowdsignals.algosnap.com,1.0(1),352622063881655,smartphone,-8,light,1464757627000000000,1464757628000000000,TMG399X RGB Sensor,8.0,1464757627536385937
0,crowdsignals.algosnap.com,1.0(1),352622063881655,smartphone,-8,light,1464757627000000000,1464757628000000000,TMG399X RGB Sensor,8.0,1464757627714364688
0,crowdsignals.algosnap.com,1.0(1),352622063881655,smartphone,-8,light,1464757627000000000,1464757628000000000,TMG399X RGB Sensor,8.0,1464757627891047240
0,crowdsignals.algosnap.com,1.0(1),352622063881655,smartphone,-8,light,1464757628000000000,1464757629000000000,TMG399X RGB Sensor,8.0,1464757628248310105
0,crowdsignals.algosnap.com,1.0(1),352622063881655,smartphone,-8,light,1464757628000000000,1464757629000000000,TMG399X RGB Sensor,5.0,1464757628426346198
0,crowdsignals.algosnap.com,1.0(1),352622063881655,smartphone,-8,light,1464757628000000000,1464757629000000000,TMG399X RGB Sensor,5.0,1464757628602306615
0,crowdsignals.algosnap.com,1.0(1),352622063881655,smartphone,-8,light,1464757628000000000,1464757629000000000,TMG399X RGB Sensor,5.0,1464757628780568334
0,crowdsignals.algosnap.com,1.0(1),352622063881655,smartphone,-8,light,1464757628000000000,1464757629000000000,TMG399X RGB Sensor,5.0,1464757628960350989
0,crowdsignals.algosnap.com,1.0(1),352622063881655,smartphone,-8,light,1464757629000000000,1464757630000000000,TMG399X RGB Sensor,5.0,1464757629315095052
0,crowdsignals.algosnap.com,1.0(1),352622063881655,smartphone,-8,light,1464757629000000000,1464757630000000000,TMG399X RGB Sensor,5.0,1464757629492238750
0,crowdsignals.algosnap.com,1.0(1),352622063881655,smartphone,-8,light,1464757629000000000,1464757630000000000,TMG399X RGB Sensor,5.0,1464757629669802083
0,crowdsignals.algosnap.com,1.0(1),352622063881655,smartphone,-8,light,1464757629000000000,1464757630000000000,TMG399X RGB Sensor,5.0,1464757629849953697
0,crowdsignals.algosnap.com,1.0(1),352622063881655,smartphone,-8,light,1464757630000000000,1464757631000000000,TMG399X RGB Sensor,5.0,1464757630203121563
0,crowdsignals.algosnap.com,1.0(1),352622063881655,smartphone,-8,light,1464757630000000000,1464757631000000000,TMG399X RGB Sensor,5.0,1464757630381157084
0,crowdsignals.algosnap.com,1.0(1),352622063881655,smartphone,-8,light,1464757630000000000,1464757631000000000,TMG399X RGB Sensor,5.0,1464757630559320260
0,crowdsignals.algosnap.com,1.0(1),352622063881655,smartphone,-8,light,1464757630000000000,1464757631000000000,TMG399X RGB Sensor,5.0,1464757630738764270
0,crowdsignals.algosnap.com,1.0(1),352622063881655,smartphone,-8,light,1464757630000000000,1464757631000000000,TMG399X RGB Sensor,5.0,1464757630915460677
0,crowdsignals.algosnap.com,1.0(1),352622063881655,smartphone,-8,light,1464757631000000000,1464757632000000000,TMG399X RGB Sensor,5.0,1464757631092734688
0,crowdsignals.algosnap.com,1.0(1),352622063881655,smartphone,-8,light,1464757631000000000,1464757632000000000,TMG399X RGB Sensor,5.0,1464757631272492135
0,crowdsignals.algosnap.com,1.0(1),352622063881655,smartphone,-8,light,1464757631000000000,1464757632000000000,TMG399X RGB Sensor,5.0,1464757631449435573
0,crowdsignals.algosnap.com,1.0(1),352622063881655,smartphone,-8,light,1464757631000000000,1464757632000000000,TMG399X RGB Sensor,5.0,1464757631626900521
0,crowdsignals.algosnap.com,1.0(1),352622063881655,smartphone,-8,light,1464757631000000000,1464757632000000000,TMG399X RGB Sensor,5.0,1464757631805011146
0,crowdsignals.algosnap.com,1.0(1),352622063881655,smartphone,-8,light,1464757631000000000,1464757632000000000,TMG399X RGB Sensor,5.0,1464757631984940521
0,crowdsignals.algosnap.com,1.0(1),352622063881655,smartphone,-8,light,1464757632000000000,1464757633000000000,TMG399X RGB Sensor,5.0,1464757632339076406
0,crowdsignals.algosnap.com,1.0(1),352622063881655,smartphone,-8,light,1464757632000000000,1464757633000000000,TMG399X RGB Sensor,5.0,1464757632516986302
0,crowdsignals.algosnap.com,1.0(1),352622063881655,smartphone,-8,light,1464757632000000000,1464757633000000000,TMG399X RGB Sensor,5.0,1464757632695008126
0,crowdsignals.algosnap.com,1.0(1),352622063881655,smartphone,-8,light,1464757632000000000,1464757633000000000,TMG399X RGB Sensor,5.0,1464757632873742083
