user_id,sw_name,sw_version,device_id,device_type,timezone,type,start,end,sensor_name,pressure,timestamps
0,crowdsignals.algosnap.com,1.0(1),352622063881655,smartphone,-8,pressure,1464757512000000000,1464757513000000000,Barometer Sensor,1007.61523,1464757512240964428
0,crowdsignals.algosnap.com,1.0(1),352622063881655,smartphone,-8,pressure,1464757512000000000,1464757513000000000,Barometer Sensor,1007.6553,1464757512418989895
0,crowdsignals.algosnap.com,1.0(1),352622063881655,smartphone,-8,pressure,1464757512000000000,1464757513000000000,Barometer Sensor,1007.42944,1464757512597054479
0,crowdsignals.algosnap.com,1.0(1),352622063881655,smartphone,-8,pressure,1464757512000000000,1464757513000000000,Barometer Sensor,1007.5698,1464757512775498230
0,crowdsignals.algosnap.com,1.0(1),352622063881655,smartphone,-8,pressure,1464757512000000000,1464757513000000000,Barometer Sensor,1007.4929,1464757512952121667
0,crowdsignals.algosnap.com,1.0(1),352622063881655,smartphone,-8,pressure,1464757513000000000,1464757514000000000,Barometer Sensor,1007.3916,1464757513308279479
0,crowdsignals.algosnap.com,1.0(1),352622063881655,smartphone,-8,pressure,1464757513000000000,1464757514000000000,Barometer Sensor,1007.59326,1464757513486932917
0,crowdsignals.algosnap.com,1.0(1),352622063881655,smartphone,-8,pressure,1464757513000000000,1464757514000000000,Barometer Sensor,1007.468,1464757513665041198
0,crowdsignals.algosnap.com,1.0(1),352622063881655,smartphone,-8,pressure,1464757513000000000,1464757514000000000,Barometer Sensor,1007.5188,1464757513842052500
0,crowdsignals.algosnap.com,1.0(1),352622063881655,smartphone,-8,pressure,1464757514000000000,1464757515000000000,Barometer Sensor,1007.4751,1464757514198299427
0,crowdsignals.algosnap.com,1.0(1),352622063881655,smartphone,-8,pressure,1464757514000000000,1464757515000000000,Barometer Sensor,1007.4536,1464757514376273073
0,crowdsignals.algosnap.com,1.0(1),352622063881655,smartphone,-8,pressure,1464757514000000000,1464757515000000000,Barometer Sensor,1007.6133,1464757514554186667
0,crowdsignals.algosnap.com,1.0(1),352622063881655,smartphone,-8,pressure,1464757514000000000,1464757515000000000,Barometer Sensor,1007.6096,1464757514732737084
0,crowdsignals.algosnap.com,1.0(1),352622063881655,smartphone,-8,pressure,1464757514000000000,1464757515000000000,Barometer Sensor,1007.3811,1464757514910325364
0,crowdsignals.algosnap.com,1.0(1),352622063881655,smartphone,-8,pressure,1464757515000000000,1464757516000000000,Barometer Sensor,1007.4407,1464757515266348282
0,crowdsignals.algosnap.com,1.0(1),352622063881655,smartphone,-8,pressure,1464757515000000000,1464757516000000000,Barometer Sensor,1007.6228,1464757515444402553
0,crowdsignals.algosnap.com,1.0(1),352622063881655,smartphone,-8,pressure,1464757515000000000,1464757516000000000,Barometer Sensor,1007.60864,1464757515622278802
0,crowdsignals.algosnap.com,1.0(1),352622063881655,smartphone,-8,pressure,1464757515000000000,1464757516000000000,Barometer Sensor,1007.5991,1464757515800025052
0,crowdsignals.algosnap.com,1.0(1),352622063881655,smartphone,-8,pressure,1464757515000000000,1464757516000000000,Barometer Sensor,1007.3728,1464757515977641458
0,crowdsignals.algosnap.com,1.0(1),352622063881655,smartphone,-8,pressure,1464757516000000000,1464757517000000000,Barometer Sensor,1007.56177,1464757516333389480
0,crowdsignals.algosnap.com,1.0(1),352622063881655,smartphone,-8,pressure,1464757516000000000,1464757517000000000,Barometer Sensor,1007.5537,1464757516510762448
0,crowdsignals.algosnap.com,1.0(1),352622063881655,smartphone,-8,pressure,1464757516000000000,1464757517000000000,Barometer Sensor,1007.8452,1464757516688721302
0,crowdsignals.algosnap.com,1.0(1),352622063881655,smartphone,-8,pressure,1464757516000000000,1464757517000000000,Barometer Sensor,1007.2483,1464757516867447396
0,crowdsignals.algosnap.com,1.0(1),352622063881655,smartphone,-8,pressure,1464757517000000000,1464757518000000000,Barometer Sensor,1007.37744,1464757517223106823
0,crowdsignals.algosnap.com,1.0(1),352622063881655,smartphone,-8,pressure,1464757517000000000,1464757518000000000,Barometer Sensor,1007.4995,1464757517401262031
0,crowdsignals.algosnap.com,1.0(1),352622063881655,smartphone,-8,pressure,1464757517000000000,1464757518000000000,Barometer Sensor,1007.4094,1464757517578937343
0,crowdsignals.algosnap.com,1.0(1),352622063881655,smartphone,-8,pressure,1464757517000000000,1464757518000000000,Barometer Sensor,1007.3723,1464757517756510052
0,crowdsignals.algosnap.com,1.0(1),352622063881655,smartphone,-8,pressure,1464757517000000000,1464757518000000000,Barometer Sensor,1007.4258,1464757517934849688
0,crowdsignals.algosnap.com,1.0(1),352622063881655,smartphone,-8,pressure,1464757518000000000,1464757519000000000,Barometer Sensor,1007.62524,1464757518290329948
0,crowdsignals.algosnap.com,1.0(1),352622063881655,smartphone,-8,pressure,1464757518000000000,1464757519000000000,Barometer Sensor,1007.478,1464757518468456978
0,crowdsignals.algosnap.com,1.0(1),352622063881655,smartphone,-8,pressure,1464757518000000000,1464757519000000000,Barometer Sensor,1007.6052,1464757518646724323
0,crowdsignals.algosnap.com,1.0(1),352622063881655,smartphone,-8,pressure,1464757518000000000,1464757519000000000,Barometer Sensor,1007.5945,1464757518823897865
0,crowdsignals.algosnap.com,1.0(1),352622063881655,smartphone,-8,pressure,1464757519000000000,1464757520000000000,Barometer Sensor,1007.60913,1464757519179814687
0,crowdsignals.algosnap.com,1.0(1),352622063881655,smartphone,-8,pressure,1464757519000000000,1464757520000000000,Barometer Sensor,1007.59863,1464757519357784374
0,crowdsignals.algosnap.com,1.0(1),352622063881655,smartphone,-8,pressure,1464757519000000000,1464757520000000000,Barometer Sensor,1007.427,1464757519536150677
0,crowdsignals.algosnap.com,1.0(1),352622063881655,smartphone,-8,pressure,1464757519000000000,1464757520000000000,Barometer Sensor,1007.61694,1464757519713992917
0,crowdsignals.algosnap.com,1.0(1),352622063881655,smartphone,-8,pressure,1464757519000000000,1464757520000000000,Barometer Sensor,1007.6406,1464757519891484167
0,crowdsignals.algosnap.com,1.0(1),352622063881655,smartphone,-8,pressure,1464757520000000000,1464757521000000000,Barometer Sensor,1007.5571,1464757520248309271
0,crowdsignals.algosnap.com,1.0(1),352622063881655,smartphone,-8,pressure,1464757520000000000,1464757521000000000,Barometer Sensor,1007.63794,1464757520426023803
0,crowdsignals.algosnap.com,1.0(1),352622063881655,smartphone,-8,pressure,1464757520000000000,1464757521000000000,Barometer Sensor,1007.43115,1464757520603259948
0,crowdsignals.algosnap.com,1.0(1),352622063881655,smartphone,-8,pressure,1464757520000000000,1464757521000000000,Barometer Sensor,1007.64307,1464757520781198698
0,crowdsignals.algosnap.com,1.0(1),352622063881655,smartphone,-8,pressure,1464757520000000000,1464757521000000000,Barometer Sensor,1007.4153,1464757520959191614
0,crowdsignals.algosnap.com,1.0(1),352622063881655,smartphone,-8,pressure,1464757521000000000,1464757522000000000,Barometer Sensor,1007.5227,1464757521137761823
0,crowdsignals.algosnap.com,1.0(1),352622063881655,smartphone,-8,pressure,1464757521000000000,1464757522000000000,Barometer Sensor,1007.5613,1464757521315697031
0,crowdsignals.algosnap.com,1.0(1),352622063881655,smartphone,-8,pressure,1464757521000000000,1464757522000000000,Barometer Sensor,1007.5657,1464757521492791979
0,crowdsignals.algosnap.com,1.0(1),352622063881655,smartphone,-8,pressure,1464757521000000000,1464757522000000000,Barometer Sensor,1007.4802,1464757521670044740
0,crowdsignals.algosnap.com,1.0(1),352622063881655,smartphone,-8,pressure,1464757521000000000,1464757522000000000,Barometer Sensor,1007.57666,1464757521848735730
0,crowdsignals.algosnap.com,1.0(1),352622063881655,smartphone,-8,pressure,1464757522000000000,1464757523000000000,Barometer Sensor,1007.5979,1464757522204992709
0,crowdsignals.algosnap.com,1.0(1),352622063881655,smartphone,-8,pressure,1464757522000000000,1464757523000000000,Barometer Sensor,1007.4321,1464757522382934376
0,crowdsignals.algosnap.com,1.0(1),352622063881655,smartphone,-8,pressure,1464757522000000000,1464757523000000000,Barometer Sensor,1007.5112,1464757522560288385
0,crowdsignals.algosnap.com,1.0(1),352622063881655,smartphone,-8,pressure,1464757522000000000,1464757523000000000,Barometer Sensor,1007.40674,1464757522738963645
0,crowdsignals.algosnap.com,1.0(1),352622063881655,smartphone,-8,pressure,1464757522000000000,1464757523000000000,Barometer Sensor,1007.5083,1464757522916377344
0,crowdsignals.algosnap.com,1.0(1),352622063881655,smartphone,-8,pressure,1464757523000000000,1464757524000000000,Barometer Sensor,1007.44116,1464757523272610052
0,crowdsignals.algosnap.com,1.0(1),352622063881655,smartphone,-8,pressure,1464757523000000000,1464757524000000000,Barometer Sensor,1007.4048,1464757523450367604
0,crowdsignals.algosnap.com,1.0(1),352622063881655,smartphone,-8,pressure,1464757523000000000,1464757524000000000,Barometer Sensor,1007.6089,1464757523628226405
0,crowdsignals.algosnap.com,1.0(1),352622063881655,smartphone,-8,pressure,1464757523000000000,1464757524000000000,Barometer Sensor,1007.63965,1464757523806775938
0,crowdsignals.algosnap.com,1.0(1),352622063881655,smartphone,-8,pressure,1464757523000000000,1464757524000000000,Barometer Sensor,1007.36816,1464757523984129792
0,crowdsignals.algosnap.com,1.0(1),352622063881655,smartphone,-8,pressure,1464757524000000000,1464757525000000000,Barometer Sensor,1007.3948,1464757524339783437
0,crowdsignals.algosnap.com,1.0(1),352622063881655,smartphone,-8,pressure,1464757524000000000,1464757525000000000,Barometer Sensor,1007.5703,1464757524517834218
0,crowdsignals.algosnap.com,1.0(1),352622063881655,smartphone,-8,pressure,1464757524000000000,1464757525000000000,Barometer Sensor,1007.5786,1464757524696328594
0,crowdsignals.algosnap.com,1.0(1),352622063881655,smartphone,-8,pressure,1464757524000000000,1464757525000000000,Barometer Sensor,1007.58936,1464757524874152969
0,crowdsignals.algosnap.com,1.0(1),352622063881655,smartphone,-8,pressure,1464757525000000000,1464757526000000000,Barometer Sensor,1007.39844,1464757525229549114
0,crowdsignals.algosnap.com,1.0(1),352622063881655,smartphone,-8,pressure,1464757525000000000,1464757526000000000,Barometer Sensor,1007.6294,1464757525407637031
0,crowdsignals.algosnap.com,1.0(1),352622063881655,smartphone,-8,pressure,1464757525000000000,1464757526000000000,Barometer Sensor,1007.59937,1464757525584893645
0,crowdsignals.algosnap.com,1.0(1),352622063881655,smartphone,-8,pressure,1464757525000000000,1464757526000000000,Barometer Sensor,1007.42285,1464757525763121147
0,crowdsignals.algosnap.com,1.0(1),352622063881655,smartphone,-8,pressure,1464757525000000000,1464757526000000000,Barometer Sensor,1007.4463,1464757525940781562
0,crowdsignals.algosnap.com,1.0(1),352622063881655,smartphone,-8,pressure,1464757526000000000,1464757527000000000,Barometer Sensor,1007.4385,1464757526296993073
0,crowdsignals.algosnap.com,1.0(1),352622063881655,smartphone,-8,pressure,1464757526000000000,1464757527000000000,Barometer Sensor,1007.4158,1464757526474982135
0,crowdsignals.algosnap.com,1.0(1),352622063881655,smartphone,-8,pressure,1464757526000000000,1464757527000000000,Barometer Sensor,1007.5569,1464757526653230261
0,crowdsignals.algosnap.com,1.0(1),352622063881655,smartphone,-8,pressure,1464757526000000000,1464757527000000000,Barometer Sensor,1007.59814,1464757526830338072
0,crowdsignals.algosnap.com,1.0(1),352622063881655,smartphone,-8,pressure,1464757527000000000,1464757528000000000,Barometer Sensor,1007.5842,1464757527186151928
0,crowdsignals.algosnap.com,1.0(1),352622063881655,smartphone,-8,pressure,1464757527000000000,1464757528000000000,Barometer Sensor,1007.3689,1464757527363996980
0,crowdsignals.algosnap.com,1.0(1),352622063881655,smartphone,-8,pressure,1464757527000000000,1464757528000000000,Barometer Sensor,1007.34863,1464757527542692969
0,crowdsignals.algosnap.com,1.0(1),352622063881655,smartphone,-8,pressure,1464757527000000000,1464757528000000000,Barometer Sensor,1007.4177,1464757527720885156
0,crowdsignals.algosnap.com,1.0(1),352622063881655,smartphone,-8,pressure,1464757527000000000,1464757528000000000,Barometer Sensor,1007.40137,1464757527897959375
0,crowdsignals.algosnap.com,1.0(1),352622063881655,smartphone,-8,pressure,1464757528000000000,1464757529000000000,Barometer Sensor,1007.4077,1464757528253827709
0,crowdsignals.algosnap.com,1.0(1),352622063881655,smartphone,-8,pressure,1464757528000000000,1464757529000000000,Barometer Sensor,1007.4912,1464757528431880104
0,crowdsignals.algosnap.com,1.0(1),352622063881655,smartphone,-8,pressure,1464757528000000000,1464757529000000000,Barometer Sensor,1007.4624,1464757528610240260
0,crowdsignals.algosnap.com,1.0(1),352622063881655,smartphone,-8,pressure,1464757528000000000,1464757529000000000,Barometer Sensor,1007.60376,1464757528787695469
0,crowdsignals.algosnap.com,1.0(1),352622063881655,smartphone,-8,pressure,1464757528000000000,1464757529000000000,Barometer Sensor,1007.41895,1464757528965827344
0,crowdsignals.algosnap.com,1.0(1),352622063881655,smartphone,-8,pressure,1464757529000000000,1464757530000000000,Barometer Sensor,1007.4453,1464757529321630209
0,crowdsignals.algosnap.com,1.0(1),352622063881655,smartphone,-8,pressure,1464757529000000000,1464757530000000000,Barometer Sensor,1007.4961,1464757529500318802
0,crowdsignals.algosnap.com,1.0(1),352622063881655,smartphone,-8,pressure,1464757529000000000,1464757530000000000,Barometer Sensor,1007.4341,1464757529677194895
0,crowdsignals.algosnap.com,1.0(1),352622063881655,smartphone,-8,pressure,1464757529000000000,1464757530000000000,Barometer Sensor,1007.5918,1464757529855693594
0,crowdsignals.algosnap.com,1.0(1),352622063881655,smartphone,-8,pressure,1464757530000000000,1464757531000000000,Barometer Sensor,1007.40405,1464757530211321198
0,crowdsignals.algosnap.com,1.0(1),352622063881655,smartphone,-8,pressure,1464757530000000000,1464757531000000000,Barometer Sensor,1007.6677,1464757530389255416
0,crowdsignals.algosnap.com,1.0(1),352622063881655,smartphone,-8,pressure,1464757530000000000,1464757531000000000,Barometer Sensor,1007.40796,1464757530567130104
0,crowdsignals.algosnap.com,1.0(1),352622063881655,smartphone,-8,pressure,1464757530000000000,1464757531000000000,Barometer Sensor,1007.5337,1464757530745395625
0,crowdsignals.algosnap.com,1.0(1),352622063881655,smartphone,-8,pressure,1464757530000000000,1464757531000000000,Barometer Sensor,1007.61816,1464757530923081251
0,crowdsignals.algosnap.com,1.0(1),352622063881655,smartphone,-8,pressure,1464757531000000000,1464757532000000000,Barometer Sensor,1007.62354,1464757531100682084
0,crowdsignals.algosnap.com,1.0(1),352622063881655,smartphone,-8,pressure,1464757531000000000,1464757532000000000,Barometer Sensor,1007.6238,1464757531279027188
0,crowdsignals.algosnap.com,1.0(1),352622063881655,smartphone,-8,pressure,1464757531000000000,1464757532000000000,Barometer Sensor,1007.6272,1464757531456855938
0,crowdsignals.algosnap.com,1.0(1),352622063881655,smartphone,-8,pressure,1464757531000000000,1464757532000000000,Barometer Sensor,1007.6609,1464757531635103021
0,crowdsignals.algosnap.com,1.0(1),352622063881655,smartphone,-8,pressure,1464757531000000000,1464757532000000000,Barometer Sensor,1007.53735,1464757531812398282
0,crowdsignals.algosnap.com,1.0(1),352622063881655,smartphone,-8,pressure,1464757531000000000,1464757532000000000,Barometer Sensor,1007.4133,1464757531991039844
0,crowdsignals.algosnap.com,1.0(1),352622063881655,smartphone,-8,pressure,1464757532000000000,1464757533000000000,Barometer Sensor,1007.40845,1464757532346518698
0,crowdsignals.algosnap.com,1.0(1),352622063881655,smartphone,-8,pressure,1464757532000000000,1464757533000000000,Barometer Sensor,1007.5989,1464757532524405417
0,crowdsignals.algosnap.com,1.0(1),352622063881655,smartphone,-8,pressure,1464757532000000000,1464757533000000000,Barometer Sensor,1007.6179,1464757532702258802
0,crowdsignals.algosnap.com,1.0(1),352622063881655,smartphone,-8,pressure,1464757532000000000,1464757533000000000,Barometer Sensor,1007.61743,1464757532880123333
0,crowdsignals.algosnap.com,1.0(1),352622063881655,smartphone,-8,pressure,1464757533000000000,1464757534000000000,Barometer Sensor,1007.43164,1464757533236040416
0,crowdsignals.algosnap.com,1.0(1),352622063881655,smartphone,-8,pressure,1464757533000000000,1464757534000000000,Barometer Sensor,1007.6323,1464757533414142135
0,crowdsignals.algosnap.com,1.0(1),352622063881655,smartphone,-8,pressure,1464757533000000000,1464757534000000000,Barometer Sensor,1007.65356,1464757533592058334
0,crowdsignals.algosnap.com,1.0(1),352622063881655,smartphone,-8,pressure,1464757533000000000,1464757534000000000,Barometer Sensor,1007.4324,1464757533769007968
0,crowdsignals.algosnap.com,1.0(1),352622063881655,smartphone,-8,pressure,1464757533000000000,1464757534000000000,Barometer Sensor,1007.42773,1464757533948004166
0,crowdsignals.algosnap.com,1.0(1),352622063881655,smartphone,-8,pressure,1464757534000000000,1464757535000000000,Barometer Sensor,1007.4319,1464757534303076458
0,crowdsignals.algosnap.com,1.0(1),352622063881655,smartphone,-8,pressure,1464757534000000000,1464757535000000000,Barometer Sensor,1007.37524,1464757534481132552
0,crowdsignals.algosnap.com,1.0(1),352622063881655,smartphone,-8,pressure,1464757534000000000,1464757535000000000,Barometer Sensor,1007.4182,1464757534658777344
0,crowdsignals.algosnap.com,1.0(1),352622063881655,smartphone,-8,pressure,1464757534000000000,1464757535000000000,Barometer Sensor,1007.37476,1464757534837439687
0,crowdsignals.algosnap.com,1.0(1),352622063881655,smartphone,-8,pressure,1464757535000000000,1464757536000000000,Barometer Sensor,1007.38745,1464757535193568281
0,crowdsignals.algosnap.com,1.0(1),352622063881655,smartphone,-8,pressure,1464757535000000000,1464757536000000000,Barometer Sensor,1007.65576,1464757535370899271
0,crowdsignals.algosnap.com,1.0(1),352622063881655,smartphone,-8,pressure,1464757535000000000,1464757536000000000,Barometer Sensor,1007.3728,1464757535548618698
0,crowdsignals.algosnap.com,1.0(1),352622063881655,smartphone,-8,pressure,1464757535000000000,1464757536000000000,Barometer Sensor,1007.57544,1464757535727165105
0,crowdsignals.algosnap.com,1.0(1),352622063881655,smartphone,-8,pressure,1464757535000000000,1464757536000000000,Barometer Sensor,1007.4199,1464757535904407084
0,crowdsignals.algosnap.com,1.0(1),352622063881655,smartphone,-8,pressure,1464757536000000000,1464757537000000000,Barometer Sensor,1007.4009,1464757536260951874
0,crowdsignals.algosnap.com,1.0(1),352622063881655,smartphone,-8,pressure,1464757536000000000,1464757537000000000,Barometer Sensor,1007.40796,1464757536438109896
0,crowdsignals.algosnap.com,1.0(1),352622063881655,smartphone,-8,pressure,1464757536000000000,1464757537000000000,Barometer Sensor,1007.6089,1464757536616262291
0,crowdsignals.algosnap.com,1.0(1),352622063881655,smartphone,-8,pressure,1464757536000000000,1464757537000000000,Barometer Sensor,1007.60767,1464757536794530781
0,crowdsignals.algosnap.com,1.0(1),352622063881655,smartphone,-8,pressure,1464757536000000000,1464757537000000000,Barometer Sensor,1007.4104,1464757536971952552
0,crowdsignals.algosnap.com,1.0(1),352622063881655,smartphone,-8,pressure,1464757537000000000,1464757538000000000,Barometer Sensor,1007.5984,1464757537328568230
0,crowdsignals.algosnap.com,1.0(1),352622063881655,smartphone,-8,pressure,1464757537000000000,1464757538000000000,Barometer Sensor,1007.41113,1464757537505726614
0,crowdsignals.algosnap.com,1.0(1),352622063881655,smartphone,-8,pressure,1464757537000000000,1464757538000000000,Barometer Sensor,1007.6089,1464757537683902709
0,crowdsignals.algosnap.com,1.0(1),352622063881655,smartphone,-8,pressure,1464757537000000000,1464757538000000000,Barometer Sensor,1007.61694,1464757537862259792
0,crowdsignals.algosnap.com,1.0(1),352622063881655,smartphone,-8,pressure,1464757538000000000,1464757539000000000,Barometer Sensor,1007.54834,1464757538217873542
0,crowdsignals.algosnap.com,1.0(1),352622063881655,smartphone,-8,pressure,1464757538000000000,1464757539000000000,Barometer Sensor,1007.59106,1464757538395710677
0,crowdsignals.algosnap.com,1.0(1),352622063881655,smartphone,-8,pressure,1464757538000000000,1464757539000000000,Barometer Sensor,1007.4033,1464757538574088282
0,crowdsignals.algosnap.com,1.0(1),352622063881655,smartphone,-8,pressure,1464757538000000000,1464757539000000000,Barometer Sensor,1007.5996,1464757538751057344
0,crowdsignals.algosnap.com,1.0(1),352622063881655,smartphone,-8,pressure,1464757538000000000,1464757539000000000,Barometer Sensor,1007.6033,1464757538929601926
0,crowdsignals.algosnap.com,1.0(1),352622063881655,smartphone,-8,pressure,1464757539000000000,1464757540000000000,Barometer Sensor,1007.3567,1464757539284730365
0,crowdsignals.algosnap.com,1.0(1),352622063881655,smartphone,-8,pressure,1464757539000000000,1464757540000000000,Barometer Sensor,1007.437,1464757539463348958
0,crowdsignals.algosnap.com,1.0(1),352622063881655,smartphone,-8,pressure,1464757539000000000,1464757540000000000,Barometer Sensor,1007.39087,1464757539641210469
0,crowdsignals.algosnap.com,1.0(1),352622063881655,smartphone,-8,pressure,1464757539000000000,1464757540000000000,Barometer Sensor,1007.54956,1464757539819158749
0,crowdsignals.algosnap.com,1.0(1),352622063881655,smartphone,-8,pressure,1464757539000000000,1464757540000000000,Barometer Sensor,1007.4155,1464757539997307240
0,crowdsignals.algosnap.com,1.0(1),352622063881655,smartphone,-8,pressure,1464757540000000000,1464757541000000000,Barometer Sensor,1007.4292,1464757540353257187
0,crowdsignals.algosnap.com,1.0(1),352622063881655,smartphone,-8,pressure,1464757540000000000,1464757541000000000,Barometer Sensor,1007.5183,1464757540531057344
0,crowdsignals.algosnap.com,1.0(1),352622063881655,smartphone,-8,pressure,1464757540000000000,1464757541000000000,Barometer Sensor,1007.6565,1464757540709195937
0,crowdsignals.algosnap.com,1.0(1),352622063881655,smartphone,-8,pressure,1464757540000000000,1464757541000000000,Barometer Sensor,1007.5947,1464757540886858698
0,crowdsignals.algosnap.com,1.0(1),352622063881655,smartphone,-8,pressure,1464757541000000000,1464757542000000000,Barometer Sensor,1007.3855,1464757541064325626
0,crowdsignals.algosnap.com,1.0(1),352622063881655,smartphone,-8,pressure,1464757541000000000,1464757542000000000,Barometer Sensor,1007.56616,1464757541241712187
0,crowdsignals.algosnap.com,1.0(1),352622063881655,smartphone,-8,pressure,1464757541000000000,1464757542000000000,Barometer Sensor,1007.60596,1464757541419876613
0,crowdsignals.algosnap.com,1.0(1),352622063881655,smartphone,-8,pressure,1464757541000000000,1464757542000000000,Barometer Sensor,1007.65625,1464757541598174427
0,crowdsignals.algosnap.com,1.0(1),352622063881655,smartphone,-8,pressure,1464757541000000000,1464757542000000000,Barometer Sensor,1007.605,1464757541776482604
0,crowdsignals.algosnap.com,1.0(1),352622063881655,smartphone,-8,pressure,1464757541000000000,1464757542000000000,Barometer Sensor,1007.46533,1464757541953894219
0,crowdsignals.algosnap.com,1.0(1),352622063881655,smartphone,-8,pressure,1464757542000000000,1464757543000000000,Barometer Sensor,1007.4343,1464757542310077187
0,crowdsignals.algosnap.com,1.0(1),352622063881655,smartphone,-8,pressure,1464757542000000000,1464757543000000000,Barometer Sensor,1007.5823,1464757542487779531
0,crowdsignals.algosnap.com,1.0(1),352622063881655,smartphone,-8,pressure,1464757542000000000,1464757543000000000,Barometer Sensor,1007.60767,1464757542665333438
0,crowdsignals.algosnap.com,1.0(1),352622063881655,smartphone,-8,pressure,1464757542000000000,1464757543000000000,Barometer Sensor,1007.6233,1464757542844175312
0,crowdsignals.algosnap.com,1.0(1),352622063881655,smartphone,-8,pressure,1464757543000000000,1464757544000000000,Barometer Sensor,1007.5198,1464757543199424375
0,crowdsignals.algosnap.com,1.0(1),352622063881655,smartphone,-8,pressure,1464757543000000000,1464757544000000000,Barometer Sensor,1007.45483,1464757543377444011
0,crowdsignals.algosnap.com,1.0(1),352622063881655,smartphone,-8,pressure,1464757543000000000,1464757544000000000,Barometer Sensor,1007.6316,1464757543554760938
0,crowdsignals.algosnap.com,1.0(1),352622063881655,smartphone,-8,pressure,1464757543000000000,1464757544000000000,Barometer Sensor,1007.6062,1464757543733580157
0,crowdsignals.algosnap.com,1.0(1),352622063881655,smartphone,-8,pressure,1464757543000000000,1464757544000000000,Barometer Sensor,1007.6304,1464757543911746510
0,crowdsignals.algosnap.com,1.0(1),352622063881655,smartphone,-8,pressure,1464757544000000000,1464757545000000000,Barometer Sensor,1007.4717,1464757544267164323
0,crowdsignals.algosnap.com,1.0(1),352622063881655,smartphone,-8,pressure,1464757544000000000,1464757545000000000,Barometer Sensor,1007.57666,1464757544444967084
0,crowdsignals.algosnap.com,1.0(1),352622063881655,smartphone,-8,pressure,1464757544000000000,1464757545000000000,Barometer Sensor,1007.55176,1464757544622794323
0,crowdsignals.algosnap.com,1.0(1),352622063881655,smartphone,-8,pressure,1464757544000000000,1464757545000000000,Barometer Sensor,1007.52295,1464757544800765886
0,crowdsignals.algosnap.com,1.0(1),352622063881655,smartphone,-8,pressure,1464757544000000000,1464757545000000000,Barometer Sensor,1007.65845,1464757544978363594
0,crowdsignals.algosnap.com,1.0(1),352622063881655,smartphone,-8,pressure,1464757545000000000,1464757546000000000,Barometer Sensor,1007.42334,1464757545334297761
0,crowdsignals.algosnap.com,1.0(1),352622063881655,smartphone,-8,pressure,1464757545000000000,1464757546000000000,Barometer Sensor,1007.4978,1464757545512811718
0,crowdsignals.algosnap.com,1.0(1),352622063881655,smartphone,-8,pressure,1464757545000000000,1464757546000000000,Barometer Sensor,1007.6179,1464757545687192084
0,crowdsignals.algosnap.com,1.0(1),352622063881655,smartphone,-8,pressure,1464757545000000000,1464757546000000000,Barometer Sensor,1007.6394,1464757545868051719
0,crowdsignals.algosnap.com,1.0(1),352622063881655,smartphone,-8,pressure,1464757546000000000,1464757547000000000,Barometer Sensor,1007.5742,1464757546224214791
0,crowdsignals.algosnap.com,1.0(1),352622063881655,smartphone,-8,pressure,1464757546000000000,1464757547000000000,Barometer Sensor,1007.5332,1464757546401753073
0,crowdsignals.algosnap.com,1.0(1),352622063881655,smartphone,-8,pressure,1464757546000000000,1464757547000000000,Barometer Sensor,1007.45776,1464757546579790208
0,crowdsignals.algosnap.com,1.0(1),352622063881655,smartphone,-8,pressure,1464757546000000000,1464757547000000000,Barometer Sensor,1007.5835,1464757546758293125
0,crowdsignals.algosnap.com,1.0(1),352622063881655,smartphone,-8,pressure,1464757546000000000,1464757547000000000,Barometer Sensor,1007.5774,1464757546936041042
0,crowdsignals.algosnap.com,1.0(1),352622063881655,smartphone,-8,pressure,1464757547000000000,1464757548000000000,Barometer Sensor,1007.5923,1464757547291890833
0,crowdsignals.algosnap.com,1.0(1),352622063881655,smartphone,-8,pressure,1464757547000000000,1464757548000000000,Barometer Sensor,1007.3318,1464757547469380833
0,crowdsignals.algosnap.com,1.0(1),352622063881655,smartphone,-8,pressure,1464757547000000000,1464757548000000000,Barometer Sensor,1007.40576,1464757547647859375
0,crowdsignals.algosnap.com,1.0(1),352622063881655,smartphone,-8,pressure,1464757547000000000,1464757548000000000,Barometer Sensor,1007.4546,1464757547825533541
0,crowdsignals.algosnap.com,1.0(1),352622063881655,smartphone,-8,pressure,1464757548000000000,1464757549000000000,Barometer Sensor,1007.62524,1464757548181057708
0,crowdsignals.algosnap.com,1.0(1),352622063881655,smartphone,-8,pressure,1464757548000000000,1464757549000000000,Barometer Sensor,1007.4475,1464757548358982083
0,crowdsignals.algosnap.com,1.0(1),352622063881655,smartphone,-8,pressure,1464757548000000000,1464757549000000000,Barometer Sensor,1007.3967,1464757548536957500
0,crowdsignals.algosnap.com,1.0(1),352622063881655,smartphone,-8,pressure,1464757548000000000,1464757549000000000,Barometer Sensor,1007.59985,1464757548715358594
0,crowdsignals.algosnap.com,1.0(1),352622063881655,smartphone,-8,pressure,1464757548000000000,1464757549000000000,Barometer Sensor,1007.54224,1464757548893454635
0,crowdsignals.algosnap.com,1.0(1),352622063881655,smartphone,-8,pressure,1464757549000000000,1464757550000000000,Barometer Sensor,1007.55835,1464757549249222030
0,crowdsignals.algosnap.com,1.0(1),352622063881655,smartphone,-8,pressure,1464757549000000000,1464757550000000000,Barometer Sensor,1007.61694,1464757549426641042
0,crowdsignals.algosnap.com,1.0(1),352622063881655,smartphone,-8,pressure,1464757549000000000,1464757550000000000,Barometer Sensor,1007.437,1464757549604362813
0,crowdsignals.algosnap.com,1.0(1),352622063881655,smartphone,-8,pressure,1464757549000000000,1464757550000000000,Barometer Sensor,1007.60645,1464757549782421302
0,crowdsignals.algosnap.com,1.0(1),352622063881655,smartphone,-8,pressure,1464757549000000000,1464757550000000000,Barometer Sensor,1007.3572,1464757549960456146
0,crowdsignals.algosnap.com,1.0(1),352622063881655,smartphone,-8,pressure,1464757550000000000,1464757551000000000,Barometer Sensor,1007.6304,1464757550316176094
0,crowdsignals.algosnap.com,1.0(1),352622063881655,smartphone,-8,pressure,1464757550000000000,1464757551000000000,Barometer Sensor,1007.6438,1464757550494276563
0,crowdsignals.algosnap.com,1.0(1),352622063881655,smartphone,-8,pressure,1464757550000000000,1464757551000000000,Barometer Sensor,1007.4619,1464757550672306251
0,crowdsignals.algosnap.com,1.0(1),352622063881655,smartphone,-8,pressure,1464757550000000000,1464757551000000000,Barometer Sensor,1007.5967,1464757550850157760
0,crowdsignals.algosnap.com,1.0(1),352622063881655,smartphone,-8,pressure,1464757551000000000,1464757552000000000,Barometer Sensor,1007.4541,1464757551028142135
0,crowdsignals.algosnap.com,1.0(1),352622063881655,smartphone,-8,pressure,1464757551000000000,1464757552000000000,Barometer Sensor,1007.6543,1464757551205871667
0,crowdsignals.algosnap.com,1.0(1),352622063881655,smartphone,-8,pressure,1464757551000000000,1464757552000000000,Barometer Sensor,1007.5442,1464757551383805781
0,crowdsignals.algosnap.com,1.0(1),352622063881655,smartphone,-8,pressure,1464757551000000000,1464757552000000000,Barometer Sensor,1007.50903,1464757551562131042
0,crowdsignals.algosnap.com,1.0(1),352622063881655,smartphone,-8,pressure,1464757551000000000,1464757552000000000,Barometer Sensor,1007.62476,1464757551739649583
0,crowdsignals.algosnap.com,1.0(1),352622063881655,smartphone,-8,pressure,1464757551000000000,1464757552000000000,Barometer Sensor,1007.6389,1464757551917124896
0,crowdsignals.algosnap.com,1.0(1),352622063881655,smartphone,-8,pressure,1464757552000000000,1464757553000000000,Barometer Sensor,1007.51196,1464757552273113125
0,crowdsignals.algosnap.com,1.0(1),352622063881655,smartphone,-8,pressure,1464757552000000000,1464757553000000000,Barometer Sensor,1007.63135,1464757552451327865
0,crowdsignals.algosnap.com,1.0(1),352622063881655,smartphone,-8,pressure,1464757552000000000,1464757553000000000,Barometer Sensor,1007.5718,1464757552629098750
0,crowdsignals.algosnap.com,1.0(1),352622063881655,smartphone,-8,pressure,1464757552000000000,1464757553000000000,Barometer Sensor,1007.5925,1464757552807095261
0,crowdsignals.algosnap.com,1.0(1),352622063881655,smartphone,-8,pressure,1464757552000000000,1464757553000000000,Barometer Sensor,1007.6233,1464757552985222239
0,crowdsignals.algosnap.com,1.0(1),352622063881655,smartphone,-8,pressure,1464757553000000000,1464757554000000000,Barometer Sensor,1007.4668,1464757553340516459
0,crowdsignals.algosnap.com,1.0(1),352622063881655,smartphone,-8,pressure,1464757553000000000,1464757554000000000,Barometer Sensor,1007.63354,1464757553519230468
0,crowdsignals.algosnap.com,1.0(1),352622063881655,smartphone,-8,pressure,1464757553000000000,1464757554000000000,Barometer Sensor,1007.5774,1464757553697272501
0,crowdsignals.algosnap.com,1.0(1),352622063881655,smartphone,-8,pressure,1464757553000000000,1464757554000000000,Barometer Sensor,1007.62354,1464757553874715989
0,crowdsignals.algosnap.com,1.0(1),352622063881655,smartphone,-8,pressure,1464757554000000000,1464757555000000000,Barometer Sensor,1007.47217,1464757554230719583
0,crowdsignals.algosnap.com,1.0(1),352622063881655,smartphone,-8,pressure,1464757554000000000,1464757555000000000,Barometer Sensor,1007.4729,1464757554408241094
0,crowdsignals.algosnap.com,1.0(1),352622063881655,smartphone,-8,pressure,1464757554000000000,1464757555000000000,Barometer Sensor,1007.6389,1464757554586398959
0,crowdsignals.algosnap.com,1.0(1),352622063881655,smartphone,-8,pressure,1464757554000000000,1464757555000000000,Barometer Sensor,1007.5869,1464757554764626458
0,crowdsignals.algosnap.com,1.0(1),352622063881655,smartphone,-8,pressure,1464757554000000000,1464757555000000000,Barometer Sensor,1007.6262,1464757554942870469
0,crowdsignals.algosnap.com,1.0(1),352622063881655,smartphone,-8,pressure,1464757555000000000,1464757556000000000,Barometer Sensor,1007.6907,1464757555297946354
0,crowdsignals.algosnap.com,1.0(1),352622063881655,smartphone,-8,pressure,1464757555000000000,1464757556000000000,Barometer Sensor,1007.40576,1464757555475876042
0,crowdsignals.algosnap.com,1.0(1),352622063881655,smartphone,-8,pressure,1464757555000000000,1464757556000000000,Barometer Sensor,1007.45654,1464757555653893698
0,crowdsignals.algosnap.com,1.0(1),352622063881655,smartphone,-8,pressure,1464757555000000000,1464757556000000000,Barometer Sensor,1007.40894,1464757555831713073
0,crowdsignals.algosnap.com,1.0(1),352622063881655,smartphone,-8,pressure,1464757556000000000,1464757557000000000,Barometer Sensor,1007.60254,1464757556188233281
0,crowdsignals.algosnap.com,1.0(1),352622063881655,smartphone,-8,pressure,1464757556000000000,1464757557000000000,Barometer Sensor,1007.65063,1464757556366091249
0,crowdsignals.algosnap.com,1.0(1),352622063881655,smartphone,-8,pressure,1464757556000000000,1464757557000000000,Barometer Sensor,1007.4795,1464757556543382657
0,crowdsignals.algosnap.com,1.0(1),352622063881655,smartphone,-8,pressure,1464757556000000000,1464757557000000000,Barometer Sensor,1007.6128,1464757556721090521
0,crowdsignals.algosnap.com,1.0(1),352622063881655,smartphone,-8,pressure,1464757556000000000,1464757557000000000,Barometer Sensor,1007.3579,1464757556899033386
0,crowdsignals.algosnap.com,1.0(1),352622063881655,smartphone,-8,pressure,1464757557000000000,1464757558000000000,Barometer Sensor,1007.4243,1464757557255247656
0,crowdsignals.algosnap.com,1.0(1),352622063881655,smartphone,-8,pressure,1464757557000000000,1464757558000000000,Barometer Sensor,1007.6753,1464757557433133698
0,crowdsignals.algosnap.com,1.0(1),352622063881655,smartphone,-8,pressure,1464757557000000000,1464757558000000000,Barometer Sensor,1007.3616,1464757557611486146
0,crowdsignals.algosnap.com,1.0(1),352622063881655,smartphone,-8,pressure,1464757557000000000,1464757558000000000,Barometer Sensor,1007.468,1464757557789205677
0,crowdsignals.algosnap.com,1.0(1),352622063881655,smartphone,-8,pressure,1464757557000000000,1464757558000000000,Barometer Sensor,1007.4424,1464757557967386823
0,crowdsignals.algosnap.com,1.0(1),352622063881655,smartphone,-8,pressure,1464757558000000000,1464757559000000000,Barometer Sensor,1007.4863,1464757558322843959
0,crowdsignals.algosnap.com,1.0(1),352622063881655,smartphone,-8,pressure,1464757558000000000,1464757559000000000,Barometer Sensor,1007.6736,1464757558500708802
0,crowdsignals.algosnap.com,1.0(1),352622063881655,smartphone,-8,pressure,1464757558000000000,1464757559000000000,Barometer Sensor,1007.542,1464757558678189427
0,crowdsignals.algosnap.com,1.0(1),352622063881655,smartphone,-8,pressure,1464757558000000000,1464757559000000000,Barometer Sensor,1007.59985,1464757558856496978
0,crowdsignals.algosnap.com,1.0(1),352622063881655,smartphone,-8,pressure,1464757559000000000,1464757560000000000,Barometer Sensor,1007.6096,1464757559212786980
0,crowdsignals.algosnap.com,1.0(1),352622063881655,smartphone,-8,pressure,1464757559000000000,1464757560000000000,Barometer Sensor,1007.61694,1464757559390113228
0,crowdsignals.algosnap.com,1.0(1),352622063881655,smartphone,-8,pressure,1464757559000000000,1464757560000000000,Barometer Sensor,1007.38525,1464757559568355573
0,crowdsignals.algosnap.com,1.0(1),352622063881655,smartphone,-8,pressure,1464757559000000000,1464757560000000000,Barometer Sensor,1007.45703,1464757559746255729
0,crowdsignals.algosnap.com,1.0(1),352622063881655,smartphone,-8,pressure,1464757559000000000,1464757560000000000,Barometer Sensor,1007.5039,1464757559924015678
0,crowdsignals.algosnap.com,1.0(1),352622063881655,smartphone,-8,pressure,1464757560000000000,1464757561000000000,Barometer Sensor,1007.40137,1464757560280409270
0,crowdsignals.algosnap.com,1.0(1),352622063881655,smartphone,-8,pressure,1464757560000000000,1464757561000000000,Barometer Sensor,1007.603,1464757560458197655
0,crowdsignals.algosnap.com,1.0(1),352622063881655,smartphone,-8,pressure,1464757560000000000,1464757561000000000,Barometer Sensor,1007.61035,1464757560635554011
0,crowdsignals.algosnap.com,1.0(1),352622063881655,smartphone,-8,pressure,1464757560000000000,1464757561000000000,Barometer Sensor,1007.60693,1464757560813387083
0,crowdsignals.algosnap.com,1.0(1),352622063881655,smartphone,-8,pressure,1464757560000000000,1464757561000000000,Barometer Sensor,1007.405,1464757560991310104
0,crowdsignals.algosnap.com,1.0(1),352622063881655,smartphone,-8,pressure,1464757561000000000,1464757562000000000,Barometer Sensor,1007.6594,1464757561169682239
0,crowdsignals.algosnap.com,1.0(1),352622063881655,smartphone,-8,pressure,1464757561000000000,1464757562000000000,Barometer Sensor,1007.6155,1464757561347833073
0,crowdsignals.algosnap.com,1.0(1),352622063881655,smartphone,-8,pressure,1464757561000000000,1464757562000000000,Barometer Sensor,1007.667,1464757561524712396
0,crowdsignals.algosnap.com,1.0(1),352622063881655,smartphone,-8,pressure,1464757561000000000,1464757562000000000,Barometer Sensor,1007.62744,1464757561703261667
0,crowdsignals.algosnap.com,1.0(1),352622063881655,smartphone,-8,pressure,1464757561000000000,1464757562000000000,Barometer Sensor,1007.6636,1464757561881144271
0,crowdsignals.algosnap.com,1.0(1),352622063881655,smartphone,-8,pressure,1464757562000000000,1464757563000000000,Barometer Sensor,1007.52075,1464757562237270885
0,crowdsignals.algosnap.com,1.0(1),352622063881655,smartphone,-8,pressure,1464757562000000000,1464757563000000000,Barometer Sensor,1007.6089,1464757562414485573
0,crowdsignals.algosnap.com,1.0(1),352622063881655,smartphone,-8,pressure,1464757562000000000,1464757563000000000,Barometer Sensor,1007.4429,1464757562593266667
0,crowdsignals.algosnap.com,1.0(1),352622063881655,smartphone,-8,pressure,1464757562000000000,1464757563000000000,Barometer Sensor,1007.62256,1464757562771282136
0,crowdsignals.algosnap.com,1.0(1),352622063881655,smartphone,-8,pressure,1464757562000000000,1464757563000000000,Barometer Sensor,1007.64624,1464757562948463073
0,crowdsignals.algosnap.com,1.0(1),352622063881655,smartphone,-8,pressure,1464757563000000000,1464757564000000000,Barometer Sensor,1007.6675,1464757563304581979
0,crowdsignals.algosnap.com,1.0(1),352622063881655,smartphone,-8,pressure,1464757563000000000,1464757564000000000,Barometer Sensor,1007.6172,1464757563481993282
0,crowdsignals.algosnap.com,1.0(1),352622063881655,smartphone,-8,pressure,1464757563000000000,1464757564000000000,Barometer Sensor,1007.6223,1464757563660932343
0,crowdsignals.algosnap.com,1.0(1),352622063881655,smartphone,-8,pressure,1464757563000000000,1464757564000000000,Barometer Sensor,1007.6228,1464757563838306355
0,crowdsignals.algosnap.com,1.0(1),352622063881655,smartphone,-8,pressure,1464757564000000000,1464757565000000000,Barometer Sensor,1007.56714,1464757564194081823
0,crowdsignals.algosnap.com,1.0(1),352622063881655,smartphone,-8,pressure,1464757564000000000,1464757565000000000,Barometer Sensor,1007.44214,1464757564372070209
0,crowdsignals.algosnap.com,1.0(1),352622063881655,smartphone,-8,pressure,1464757564000000000,1464757565000000000,Barometer Sensor,1007.5879,1464757564550400208
0,crowdsignals.algosnap.com,1.0(1),352622063881655,smartphone,-8,pressure,1464757564000000000,1464757565000000000,Barometer Sensor,1007.6594,1464757564728195052
0,crowdsignals.algosnap.com,1.0(1),352622063881655,smartphone,-8,pressure,1464757564000000000,1464757565000000000,Barometer Sensor,1007.66455,1464757564906185573
0,crowdsignals.algosnap.com,1.0(1),352622063881655,smartphone,-8,pressure,1464757565000000000,1464757566000000000,Barometer Sensor,1007.5327,1464757565261584376
0,crowdsignals.algosnap.com,1.0(1),352622063881655,smartphone,-8,pressure,1464757565000000000,1464757566000000000,Barometer Sensor,1007.61523,1464757565439544478
0,crowdsignals.algosnap.com,1.0(1),352622063881655,smartphone,-8,pressure,1464757565000000000,1464757566000000000,Barometer Sensor,1007.63354,1464757565617706459
0,crowdsignals.algosnap.com,1.0(1),352622063881655,smartphone,-8,pressure,1464757565000000000,1464757566000000000,Barometer Sensor,1007.5222,1464757565795755886
0,crowdsignals.algosnap.com,1.0(1),352622063881655,smartphone,-8,pressure,1464757565000000000,1464757566000000000,Barometer Sensor,1007.3955,1464757565972911615
0,crowdsignals.algosnap.com,1.0(1),352622063881655,smartphone,-8,pressure,1464757566000000000,1464757567000000000,Barometer Sensor,1007.6177,1464757566329168489
0,crowdsignals.algosnap.com,1.0(1),352622063881655,smartphone,-8,pressure,1464757566000000000,1464757567000000000,Barometer Sensor,1007.4099,1464757566507437292
0,crowdsignals.algosnap.com,1.0(1),352622063881655,smartphone,-8,pressure,1464757566000000000,1464757567000000000,Barometer Sensor,1007.4861,1464757566685350000
0,crowdsignals.algosnap.com,1.0(1),352622063881655,smartphone,-8,pressure,1464757566000000000,1464757567000000000,Barometer Sensor,1007.6604,1464757566863339531
0,crowdsignals.algosnap.com,1.0(1),352622063881655,smartphone,-8,pressure,1464757567000000000,1464757568000000000,Barometer Sensor,1007.6052,1464757567218800780
0,crowdsignals.algosnap.com,1.0(1),352622063881655,smartphone,-8,pressure,1464757567000000000,1464757568000000000,Barometer Sensor,1007.63477,1464757567396676511
0,crowdsignals.algosnap.com,1.0(1),352622063881655,smartphone,-8,pressure,1464757567000000000,1464757568000000000,Barometer Sensor,1007.405,1464757567575531198
0,crowdsignals.algosnap.com,1.0(1),352622063881655,smartphone,-8,pressure,1464757567000000000,1464757568000000000,Barometer Sensor,1007.5144,1464757567752238541
0,crowdsignals.algosnap.com,1.0(1),352622063881655,smartphone,-8,pressure,1464757567000000000,1464757568000000000,Barometer Sensor,1007.6653,1464757567930653853
0,crowdsignals.algosnap.com,1.0(1),352622063881655,smartphone,-8,pressure,1464757568000000000,1464757569000000000,Barometer Sensor,1007.4446,1464757568286197292
0,crowdsignals.algosnap.com,1.0(1),352622063881655,smartphone,-8,pressure,1464757568000000000,1464757569000000000,Barometer Sensor,1007.6511,1464757568464681354
0,crowdsignals.algosnap.com,1.0(1),352622063881655,smartphone,-8,pressure,1464757568000000000,1464757569000000000,Barometer Sensor,1007.42163,1464757568641575834
0,crowdsignals.algosnap.com,1.0(1),352622063881655,smartphone,-8,pressure,1464757568000000000,1464757569000000000,Barometer Sensor,1007.4158,1464757568819859114
0,crowdsignals.algosnap.com,1.0(1),352622063881655,smartphone,-8,pressure,1464757568000000000,1464757569000000000,Barometer Sensor,1007.459,1464757568997790781
0,crowdsignals.algosnap.com,1.0(1),352622063881655,smartphone,-8,pressure,1464757569000000000,1464757570000000000,Barometer Sensor,1007.4126,1464757569354219844
0,crowdsignals.algosnap.com,1.0(1),352622063881655,smartphone,-8,pressure,1464757569000000000,1464757570000000000,Barometer Sensor,1007.5659,1464757569532008177
0,crowdsignals.algosnap.com,1.0(1),352622063881655,smartphone,-8,pressure,1464757569000000000,1464757570000000000,Barometer Sensor,1007.42676,1464757569709652135
0,crowdsignals.algosnap.com,1.0(1),352622063881655,smartphone,-8,pressure,1464757569000000000,1464757570000000000,Barometer Sensor,1007.65674,1464757569887150990
0,crowdsignals.algosnap.com,1.0(1),352622063881655,smartphone,-8,pressure,1464757570000000000,1464757571000000000,Barometer Sensor,1007.50415,1464757570243584115
0,crowdsignals.algosnap.com,1.0(1),352622063881655,smartphone,-8,pressure,1464757570000000000,1464757571000000000,Barometer Sensor,1007.6599,1464757570421157657
0,crowdsignals.algosnap.com,1.0(1),352622063881655,smartphone,-8,pressure,1464757570000000000,1464757571000000000,Barometer Sensor,1007.36523,1464757570599537916
0,crowdsignals.algosnap.com,1.0(1),352622063881655,smartphone,-8,pressure,1464757570000000000,1464757571000000000,Barometer Sensor,1007.583,1464757570778664531
0,crowdsignals.algosnap.com,1.0(1),352622063881655,smartphone,-8,pressure,1464757570000000000,1464757571000000000,Barometer Sensor,1007.40576,1464757570955175938
0,crowdsignals.algosnap.com,1.0(1),352622063881655,smartphone,-8,pressure,1464757571000000000,1464757572000000000,Barometer Sensor,1007.5974,1464757571133526094
0,crowdsignals.algosnap.com,1.0(1),352622063881655,smartphone,-8,pressure,1464757571000000000,1464757572000000000,Barometer Sensor,1007.6155,1464757571310465000
0,crowdsignals.algosnap.com,1.0(1),352622063881655,smartphone,-8,pressure,1464757571000000000,1464757572000000000,Barometer Sensor,1007.66235,1464757571488662917
0,crowdsignals.algosnap.com,1.0(1),352622063881655,smartphone,-8,pressure,1464757571000000000,1464757572000000000,Barometer Sensor,1007.62134,1464757571667239896
0,crowdsignals.algosnap.com,1.0(1),352622063881655,smartphone,-8,pressure,1464757571000000000,1464757572000000000,Barometer Sensor,1007.4165,1464757571844851407
0,crowdsignals.algosnap.com,1.0(1),352622063881655,smartphone,-8,pressure,1464757572000000000,1464757573000000000,Barometer Sensor,1007.4487,1464757572200697552
0,crowdsignals.algosnap.com,1.0(1),352622063881655,smartphone,-8,pressure,1464757572000000000,1464757573000000000,Barometer Sensor,1007.63257,1464757572378903489
0,crowdsignals.algosnap.com,1.0(1),352622063881655,smartphone,-8,pressure,1464757572000000000,1464757573000000000,Barometer Sensor,1007.62134,1464757572556358282
0,crowdsignals.algosnap.com,1.0(1),352622063881655,smartphone,-8,pressure,1464757572000000000,1464757573000000000,Barometer Sensor,1007.62354,1464757572734331875
0,crowdsignals.algosnap.com,1.0(1),352622063881655,smartphone,-8,pressure,1464757572000000000,1464757573000000000,Barometer Sensor,1007.6294,1464757572912542812
0,crowdsignals.algosnap.com,1.0(1),352622063881655,smartphone,-8,pressure,1464757573000000000,1464757574000000000,Barometer Sensor,1007.3921,1464757573268238177
0,crowdsignals.algosnap.com,1.0(1),352622063881655,smartphone,-8,pressure,1464757573000000000,1464757574000000000,Barometer Sensor,1007.47534,1464757573445942396
0,crowdsignals.algosnap.com,1.0(1),352622063881655,smartphone,-8,pressure,1464757573000000000,1464757574000000000,Barometer Sensor,1007.6218,1464757573623992083
0,crowdsignals.algosnap.com,1.0(1),352622063881655,smartphone,-8,pressure,1464757573000000000,1464757574000000000,Barometer Sensor,1007.41235,1464757573802051303
0,crowdsignals.algosnap.com,1.0(1),352622063881655,smartphone,-8,pressure,1464757573000000000,1464757574000000000,Barometer Sensor,1007.57666,1464757573980026094
0,crowdsignals.algosnap.com,1.0(1),352622063881655,smartphone,-8,pressure,1464757574000000000,1464757575000000000,Barometer Sensor,1007.6272,1464757574336056718
0,crowdsignals.algosnap.com,1.0(1),352622063881655,smartphone,-8,pressure,1464757574000000000,1464757575000000000,Barometer Sensor,1007.4907,1464757574513205052
0,crowdsignals.algosnap.com,1.0(1),352622063881655,smartphone,-8,pressure,1464757574000000000,1464757575000000000,Barometer Sensor,1007.6194,1464757574690189740
0,crowdsignals.algosnap.com,1.0(1),352622063881655,smartphone,-8,pressure,1464757574000000000,1464757575000000000,Barometer Sensor,1007.4856,1464757574869762187
0,crowdsignals.algosnap.com,1.0(1),352622063881655,smartphone,-8,pressure,1464757575000000000,1464757576000000000,Barometer Sensor,1007.4182,1464757575225766719
0,crowdsignals.algosnap.com,1.0(1),352622063881655,smartphone,-8,pressure,1464757575000000000,1464757576000000000,Barometer Sensor,1007.6992,1464757575402760156
0,crowdsignals.algosnap.com,1.0(1),352622063881655,smartphone,-8,pressure,1464757575000000000,1464757576000000000,Barometer Sensor,1007.4409,1464757575581313334
0,crowdsignals.algosnap.com,1.0(1),352622063881655,smartphone,-8,pressure,1464757575000000000,1464757576000000000,Barometer Sensor,1007.3982,1464757575758816562
0,crowdsignals.algosnap.com,1.0(1),352622063881655,smartphone,-8,pressure,1464757575000000000,1464757576000000000,Barometer Sensor,1007.572,1464757575936624166
0,crowdsignals.algosnap.com,1.0(1),352622063881655,smartphone,-8,pressure,1464757576000000000,1464757577000000000,Barometer Sensor,1007.4624,1464757576293094376
0,crowdsignals.algosnap.com,1.0(1),352622063881655,smartphone,-8,pressure,1464757576000000000,1464757577000000000,Barometer Sensor,1007.6382,1464757576470656875
0,crowdsignals.algosnap.com,1.0(1),352622063881655,smartphone,-8,pressure,1464757576000000000,1464757577000000000,Barometer Sensor,1007.656,1464757576648467969
0,crowdsignals.algosnap.com,1.0(1),352622063881655,smartphone,-8,pressure,1464757576000000000,1464757577000000000,Barometer Sensor,1007.4536,1464757576826523021
0,crowdsignals.algosnap.com,1.0(1),352622063881655,smartphone,-8,pressure,1464757577000000000,1464757578000000000,Barometer Sensor,1007.4033,1464757577181921042
0,crowdsignals.algosnap.com,1.0(1),352622063881655,smartphone,-8,pressure,1464757577000000000,1464757578000000000,Barometer Sensor,1007.44604,1464757577360263437
0,crowdsignals.algosnap.com,1.0(1),352622063881655,smartphone,-8,pressure,1464757577000000000,1464757578000000000,Barometer Sensor,1007.4402,1464757577538266146
0,crowdsignals.algosnap.com,1.0(1),352622063881655,smartphone,-8,pressure,1464757577000000000,1464757578000000000,Barometer Sensor,1007.635,1464757577716383542
0,crowdsignals.algosnap.com,1.0(1),352622063881655,smartphone,-8,pressure,1464757577000000000,1464757578000000000,Barometer Sensor,1007.6228,1464757577894328906
0,crowdsignals.algosnap.com,1.0(1),352622063881655,smartphone,-8,pressure,1464757578000000000,1464757579000000000,Barometer Sensor,1007.4773,1464757578250262239
0,crowdsignals.algosnap.com,1.0(1),352622063881655,smartphone,-8,pressure,1464757578000000000,1464757579000000000,Barometer Sensor,1007.6614,1464757578427933750
0,crowdsignals.algosnap.com,1.0(1),352622063881655,smartphone,-8,pressure,1464757578000000000,1464757579000000000,Barometer Sensor,1007.4087,1464757578605361980
0,crowdsignals.algosnap.com,1.0(1),352622063881655,smartphone,-8,pressure,1464757578000000000,1464757579000000000,Barometer Sensor,1007.65625,1464757578783326406
0,crowdsignals.algosnap.com,1.0(1),352622063881655,smartphone,-8,pressure,1464757578000000000,1464757579000000000,Barometer Sensor,1007.5984,1464757578961168542
0,crowdsignals.algosnap.com,1.0(1),352622063881655,smartphone,-8,pressure,1464757579000000000,1464757580000000000,Barometer Sensor,1007.3916,1464757579317835833
0,crowdsignals.algosnap.com,1.0(1),352622063881655,smartphone,-8,pressure,1464757579000000000,1464757580000000000,Barometer Sensor,1007.6162,1464757579495832448
0,crowdsignals.algosnap.com,1.0(1),352622063881655,smartphone,-8,pressure,1464757579000000000,1464757580000000000,Barometer Sensor,1007.4153,1464757579673108073
0,crowdsignals.algosnap.com,1.0(1),352622063881655,smartphone,-8,pressure,1464757579000000000,1464757580000000000,Barometer Sensor,1007.4426,1464757579850953386
0,crowdsignals.algosnap.com,1.0(1),352622063881655,smartphone,-8,pressure,1464757580000000000,1464757581000000000,Barometer Sensor,1007.49536,1464757580207216719
0,crowdsignals.algosnap.com,1.0(1),352622063881655,smartphone,-8,pressure,1464757580000000000,1464757581000000000,Barometer Sensor,1007.7761,1464757580384863021
0,crowdsignals.algosnap.com,1.0(1),352622063881655,smartphone,-8,pressure,1464757580000000000,1464757581000000000,Barometer Sensor,1007.3689,1464757580562638021
0,crowdsignals.algosnap.com,1.0(1),352622063881655,smartphone,-8,pressure,1464757580000000000,1464757581000000000,Barometer Sensor,1007.41455,1464757580740548282
0,crowdsignals.algosnap.com,1.0(1),352622063881655,smartphone,-8,pressure,1464757580000000000,1464757581000000000,Barometer Sensor,1007.4033,1464757580918164531
0,crowdsignals.algosnap.com,1.0(1),352622063881655,smartphone,-8,pressure,1464757581000000000,1464757582000000000,Barometer Sensor,1007.59033,1464757581096296354
0,crowdsignals.algosnap.com,1.0(1),352622063881655,smartphone,-8,pressure,1464757581000000000,1464757582000000000,Barometer Sensor,1007.407,1464757581274775104
0,crowdsignals.algosnap.com,1.0(1),352622063881655,smartphone,-8,pressure,1464757581000000000,1464757582000000000,Barometer Sensor,1007.61694,1464757581452379948
0,crowdsignals.algosnap.com,1.0(1),352622063881655,smartphone,-8,pressure,1464757581000000000,1464757582000000000,Barometer Sensor,1007.62427,1464757581629888802
0,crowdsignals.algosnap.com,1.0(1),352622063881655,smartphone,-8,pressure,1464757581000000000,1464757582000000000,Barometer Sensor,1007.6206,1464757581808821771
0,crowdsignals.algosnap.com,1.0(1),352622063881655,smartphone,-8,pressure,1464757581000000000,1464757582000000000,Barometer Sensor,1007.6179,1464757581986385781
0,crowdsignals.algosnap.com,1.0(1),352622063881655,smartphone,-8,pressure,1464757582000000000,1464757583000000000,Barometer Sensor,1007.6277,1464757582342002188
0,crowdsignals.algosnap.com,1.0(1),352622063881655,smartphone,-8,pressure,1464757582000000000,1464757583000000000,Barometer Sensor,1007.4751,1464757582520694010
0,crowdsignals.algosnap.com,1.0(1),352622063881655,smartphone,-8,pressure,1464757582000000000,1464757583000000000,Barometer Sensor,1007.6277,1464757582697928281
0,crowdsignals.algosnap.com,1.0(1),352622063881655,smartphone,-8,pressure,1464757582000000000,1464757583000000000,Barometer Sensor,1007.64233,1464757582875353281
0,crowdsignals.algosnap.com,1.0(1),352622063881655,smartphone,-8,pressure,1464757583000000000,1464757584000000000,Barometer Sensor,1007.4055,1464757583231244271
0,crowdsignals.algosnap.com,1.0(1),352622063881655,smartphone,-8,pressure,1464757583000000000,1464757584000000000,Barometer Sensor,1007.3967,1464757583409025625
0,crowdsignals.algosnap.com,1.0(1),352622063881655,smartphone,-8,pressure,1464757583000000000,1464757584000000000,Barometer Sensor,1007.3572,1464757583587776042
0,crowdsignals.algosnap.com,1.0(1),352622063881655,smartphone,-8,pressure,1464757583000000000,1464757584000000000,Barometer Sensor,1007.4365,1464757583765133438
0,crowdsignals.algosnap.com,1.0(1),352622063881655,smartphone,-8,pressure,1464757583000000000,1464757584000000000,Barometer Sensor,1007.4309,1464757583943282812
0,crowdsignals.algosnap.com,1.0(1),352622063881655,smartphone,-8,pressure,1464757584000000000,1464757585000000000,Barometer Sensor,1007.42896,1464757584299113229
0,crowdsignals.algosnap.com,1.0(1),352622063881655,smartphone,-8,pressure,1464757584000000000,1464757585000000000,Barometer Sensor,1007.60474,1464757584477260313
0,crowdsignals.algosnap.com,1.0(1),352622063881655,smartphone,-8,pressure,1464757584000000000,1464757585000000000,Barometer Sensor,1007.48267,1464757584655550781
0,crowdsignals.algosnap.com,1.0(1),352622063881655,smartphone,-8,pressure,1464757584000000000,1464757585000000000,Barometer Sensor,1007.6765,1464757584832338438
0,crowdsignals.algosnap.com,1.0(1),352622063881655,smartphone,-8,pressure,1464757585000000000,1464757586000000000,Barometer Sensor,1007.48047,1464757585188488907
0,crowdsignals.algosnap.com,1.0(1),352622063881655,smartphone,-8,pressure,1464757585000000000,1464757586000000000,Barometer Sensor,1007.6367,1464757585366515729
0,crowdsignals.algosnap.com,1.0(1),352622063881655,smartphone,-8,pressure,1464757585000000000,1464757586000000000,Barometer Sensor,1007.6123,1464757585544345937
0,crowdsignals.algosnap.com,1.0(1),352622063881655,smartphone,-8,pressure,1464757585000000000,1464757586000000000,Barometer Sensor,1007.6135,1464757585722260313
0,crowdsignals.algosnap.com,1.0(1),352622063881655,smartphone,-8,pressure,1464757585000000000,1464757586000000000,Barometer Sensor,1007.5137,1464757585900450938
0,crowdsignals.algosnap.com,1.0(1),352622063881655,smartphone,-8,pressure,1464757586000000000,1464757587000000000,Barometer Sensor,1007.4053,1464757586256064167
0,crowdsignals.algosnap.com,1.0(1),352622063881655,smartphone,-8,pressure,1464757586000000000,1464757587000000000,Barometer Sensor,1007.61084,1464757586434581666
0,crowdsignals.algosnap.com,1.0(1),352622063881655,smartphone,-8,pressure,1464757586000000000,1464757587000000000,Barometer Sensor,1007.4873,1464757586612527031
0,crowdsignals.algosnap.com,1.0(1),352622063881655,smartphone,-8,pressure,1464757586000000000,1464757587000000000,Barometer Sensor,1007.61816,1464757586790517655
0,crowdsignals.algosnap.com,1.0(1),352622063881655,smartphone,-8,pressure,1464757586000000000,1464757587000000000,Barometer Sensor,1007.4131,1464757586967991406
0,crowdsignals.algosnap.com,1.0(1),352622063881655,smartphone,-8,pressure,1464757587000000000,1464757588000000000,Barometer Sensor,1007.43604,1464757587324248438
0,crowdsignals.algosnap.com,1.0(1),352622063881655,smartphone,-8,pressure,1464757587000000000,1464757588000000000,Barometer Sensor,1007.60596,1464757587501524427
0,crowdsignals.algosnap.com,1.0(1),352622063881655,smartphone,-8,pressure,1464757587000000000,1464757588000000000,Barometer Sensor,1007.5332,1464757587680289635
0,crowdsignals.algosnap.com,1.0(1),352622063881655,smartphone,-8,pressure,1464757587000000000,1464757588000000000,Barometer Sensor,1007.5867,1464757587857680313
0,crowdsignals.algosnap.com,1.0(1),352622063881655,smartphone,-8,pressure,1464757588000000000,1464757589000000000,Barometer Sensor,1007.40894,1464757588213386875
0,crowdsignals.algosnap.com,1.0(1),352622063881655,smartphone,-8,pressure,1464757588000000000,1464757589000000000,Barometer Sensor,1007.4138,1464757588391629167
0,crowdsignals.algosnap.com,1.0(1),352622063881655,smartphone,-8,pressure,1464757588000000000,1464757589000000000,Barometer Sensor,1007.37744,1464757588569064427
0,crowdsignals.algosnap.com,1.0(1),352622063881655,smartphone,-8,pressure,1464757588000000000,1464757589000000000,Barometer Sensor,1007.6301,1464757588747759896
0,crowdsignals.algosnap.com,1.0(1),352622063881655,smartphone,-8,pressure,1464757588000000000,1464757589000000000,Barometer Sensor,1007.43677,1464757588925063751
0,crowdsignals.algosnap.com,1.0(1),352622063881655,smartphone,-8,pressure,1464757589000000000,1464757590000000000,Barometer Sensor,1007.4055,1464757589280659479
0,crowdsignals.algosnap.com,1.0(1),352622063881655,smartphone,-8,pressure,1464757589000000000,1464757590000000000,Barometer Sensor,1007.61646,1464757589458624740
0,crowdsignals.algosnap.com,1.0(1),352622063881655,smartphone,-8,pressure,1464757589000000000,1464757590000000000,Barometer Sensor,1007.3855,1464757589636791771
0,crowdsignals.algosnap.com,1.0(1),352622063881655,smartphone,-8,pressure,1464757589000000000,1464757590000000000,Barometer Sensor,1007.39233,1464757589814988958
0,crowdsignals.algosnap.com,1.0(1),352622063881655,smartphone,-8,pressure,1464757589000000000,1464757590000000000,Barometer Sensor,1007.65845,1464757589992178334
0,crowdsignals.algosnap.com,1.0(1),352622063881655,smartphone,-8,pressure,1464757590000000000,1464757591000000000,Barometer Sensor,1007.42456,1464757590348794115
0,crowdsignals.algosnap.com,1.0(1),352622063881655,smartphone,-8,pressure,1464757590000000000,1464757591000000000,Barometer Sensor,1007.4072,1464757590526404948
0,crowdsignals.algosnap.com,1.0(1),352622063881655,smartphone,-8,pressure,1464757590000000000,1464757591000000000,Barometer Sensor,1007.3606,1464757590704031823
0,crowdsignals.algosnap.com,1.0(1),352622063881655,smartphone,-8,pressure,1464757590000000000,1464757591000000000,Barometer Sensor,1007.55884,1464757590882402761
0,crowdsignals.algosnap.com,1.0(1),352622063881655,smartphone,-8,pressure,1464757591000000000,1464757592000000000,Barometer Sensor,1007.4414,1464757591060476874
0,crowdsignals.algosnap.com,1.0(1),352622063881655,smartphone,-8,pressure,1464757591000000000,1464757592000000000,Barometer Sensor,1007.47437,1464757591238616354
0,crowdsignals.algosnap.com,1.0(1),352622063881655,smartphone,-8,pressure,1464757591000000000,1464757592000000000,Barometer Sensor,1007.5847,1464757591415403541
0,crowdsignals.algosnap.com,1.0(1),352622063881655,smartphone,-8,pressure,1464757591000000000,1464757592000000000,Barometer Sensor,1007.624,1464757591593927032
0,crowdsignals.algosnap.com,1.0(1),352622063881655,smartphone,-8,pressure,1464757591000000000,1464757592000000000,Barometer Sensor,1007.61206,1464757591771845312
0,crowdsignals.algosnap.com,1.0(1),352622063881655,smartphone,-8,pressure,1464757591000000000,1464757592000000000,Barometer Sensor,1007.64087,1464757591949742656
0,crowdsignals.algosnap.com,1.0(1),352622063881655,smartphone,-8,pressure,1464757592000000000,1464757593000000000,Barometer Sensor,1007.5862,1464757592305361250
0,crowdsignals.algosnap.com,1.0(1),352622063881655,smartphone,-8,pressure,1464757592000000000,1464757593000000000,Barometer Sensor,1007.47437,1464757592483303594
0,crowdsignals.algosnap.com,1.0(1),352622063881655,smartphone,-8,pressure,1464757592000000000,1464757593000000000,Barometer Sensor,1007.6372,1464757592661936979
0,crowdsignals.algosnap.com,1.0(1),352622063881655,smartphone,-8,pressure,1464757592000000000,1464757593000000000,Barometer Sensor,1007.64966,1464757592839953750
0,crowdsignals.algosnap.com,1.0(1),352622063881655,smartphone,-8,pressure,1464757593000000000,1464757594000000000,Barometer Sensor,1007.3823,1464757593194947292
0,crowdsignals.algosnap.com,1.0(1),352622063881655,smartphone,-8,pressure,1464757593000000000,1464757594000000000,Barometer Sensor,1007.6101,1464757593373090938
0,crowdsignals.algosnap.com,1.0(1),352622063881655,smartphone,-8,pressure,1464757593000000000,1464757594000000000,Barometer Sensor,1007.6477,1464757593550739063
0,crowdsignals.algosnap.com,1.0(1),352622063881655,smartphone,-8,pressure,1464757593000000000,1464757594000000000,Barometer Sensor,1007.40967,1464757593728985416
0,crowdsignals.algosnap.com,1.0(1),352622063881655,smartphone,-8,pressure,1464757593000000000,1464757594000000000,Barometer Sensor,1007.5637,1464757593907421459
0,crowdsignals.algosnap.com,1.0(1),352622063881655,smartphone,-8,pressure,1464757594000000000,1464757595000000000,Barometer Sensor,1007.3506,1464757594262448125
0,crowdsignals.algosnap.com,1.0(1),352622063881655,smartphone,-8,pressure,1464757594000000000,1464757595000000000,Barometer Sensor,1007.60913,1464757594440709375
0,crowdsignals.algosnap.com,1.0(1),352622063881655,smartphone,-8,pressure,1464757594000000000,1464757595000000000,Barometer Sensor,1007.61084,1464757594618771979
0,crowdsignals.algosnap.com,1.0(1),352622063881655,smartphone,-8,pressure,1464757594000000000,1464757595000000000,Barometer Sensor,1007.5283,1464757594796178906
0,crowdsignals.algosnap.com,1.0(1),352622063881655,smartphone,-8,pressure,1464757594000000000,1464757595000000000,Barometer Sensor,1007.4917,1464757594974853698
0,crowdsignals.algosnap.com,1.0(1),352622063881655,smartphone,-8,pressure,1464757595000000000,1464757596000000000,Barometer Sensor,1007.3967,1464757595330757812
0,crowdsignals.algosnap.com,1.0(1),352622063881655,smartphone,-8,pressure,1464757595000000000,1464757596000000000,Barometer Sensor,1007.4563,1464757595508491146
0,crowdsignals.algosnap.com,1.0(1),352622063881655,smartphone,-8,pressure,1464757595000000000,1464757596000000000,Barometer Sensor,1007.59375,1464757595686641250
0,crowdsignals.algosnap.com,1.0(1),352622063881655,smartphone,-8,pressure,1464757595000000000,1464757596000000000,Barometer Sensor,1007.4768,1464757595864341407
0,crowdsignals.algosnap.com,1.0(1),352622063881655,smartphone,-8,pressure,1464757596000000000,1464757597000000000,Barometer Sensor,1007.3967,1464757596220521301
0,crowdsignals.algosnap.com,1.0(1),352622063881655,smartphone,-8,pressure,1464757596000000000,1464757597000000000,Barometer Sensor,1007.39136,1464757596397874583
0,crowdsignals.algosnap.com,1.0(1),352622063881655,smartphone,-8,pressure,1464757596000000000,1464757597000000000,Barometer Sensor,1007.3584,1464757596575426719
0,crowdsignals.algosnap.com,1.0(1),352622063881655,smartphone,-8,pressure,1464757596000000000,1464757597000000000,Barometer Sensor,1007.5088,1464757596754220625
0,crowdsignals.algosnap.com,1.0(1),352622063881655,smartphone,-8,pressure,1464757596000000000,1464757597000000000,Barometer Sensor,1007.62646,1464757596931331250
0,crowdsignals.algosnap.com,1.0(1),352622063881655,smartphone,-8,pressure,1464757597000000000,1464757598000000000,Barometer Sensor,1007.4177,1464757597287315625
0,crowdsignals.algosnap.com,1.0(1),352622063881655,smartphone,-8,pressure,1464757597000000000,1464757598000000000,Barometer Sensor,1007.6394,1464757597465174479
0,crowdsignals.algosnap.com,1.0(1),352622063881655,smartphone,-8,pressure,1464757597000000000,1464757598000000000,Barometer Sensor,1007.41724,1464757597643334688
0,crowdsignals.algosnap.com,1.0(1),352622063881655,smartphone,-8,pressure,1464757597000000000,1464757598000000000,Barometer Sensor,1007.6577,1464757597821456980
0,crowdsignals.algosnap.com,1.0(1),352622063881655,smartphone,-8,pressure,1464757597000000000,1464757598000000000,Barometer Sensor,1007.54785,1464757597999062500
0,crowdsignals.algosnap.com,1.0(1),352622063881655,smartphone,-8,pressure,1464757598000000000,1464757599000000000,Barometer Sensor,1007.48804,1464757598354832708
0,crowdsignals.algosnap.com,1.0(1),352622063881655,smartphone,-8,pressure,1464757598000000000,1464757599000000000,Barometer Sensor,1007.5764,1464757598533315417
0,crowdsignals.algosnap.com,1.0(1),352622063881655,smartphone,-8,pressure,1464757598000000000,1464757599000000000,Barometer Sensor,1007.6028,1464757598711353229
0,crowdsignals.algosnap.com,1.0(1),352622063881655,smartphone,-8,pressure,1464757598000000000,1464757599000000000,Barometer Sensor,1007.4956,1464757598888390834
0,crowdsignals.algosnap.com,1.0(1),352622063881655,smartphone,-8,pressure,1464757599000000000,1464757600000000000,Barometer Sensor,1007.3784,1464757599244899896
0,crowdsignals.algosnap.com,1.0(1),352622063881655,smartphone,-8,pressure,1464757599000000000,1464757600000000000,Barometer Sensor,1007.4529,1464757599422936927
0,crowdsignals.algosnap.com,1.0(1),352622063881655,smartphone,-8,pressure,1464757599000000000,1464757600000000000,Barometer Sensor,1007.6367,1464757599601316927
0,crowdsignals.algosnap.com,1.0(1),352622063881655,smartphone,-8,pressure,1464757599000000000,1464757600000000000,Barometer Sensor,1007.6455,1464757599778071822
0,crowdsignals.algosnap.com,1.0(1),352622063881655,smartphone,-8,pressure,1464757599000000000,1464757600000000000,Barometer Sensor,1007.6304,1464757599956625729
0,crowdsignals.algosnap.com,1.0(1),352622063881655,smartphone,-8,pressure,1464757600000000000,1464757601000000000,Barometer Sensor,1007.6096,1464757600312505156
0,crowdsignals.algosnap.com,1.0(1),352622063881655,smartphone,-8,pressure,1464757600000000000,1464757601000000000,Barometer Sensor,1007.63525,1464757600489908385
0,crowdsignals.algosnap.com,1.0(1),352622063881655,smartphone,-8,pressure,1464757600000000000,1464757601000000000,Barometer Sensor,1007.6426,1464757600667424896
0,crowdsignals.algosnap.com,1.0(1),352622063881655,smartphone,-8,pressure,1464757600000000000,1464757601000000000,Barometer Sensor,1007.64307,1464757600846029011
0,crowdsignals.algosnap.com,1.0(1),352622063881655,smartphone,-8,pressure,1464757601000000000,1464757602000000000,Barometer Sensor,1007.4221,1464757601023751250
0,crowdsignals.algosnap.com,1.0(1),352622063881655,smartphone,-8,pressure,1464757601000000000,1464757602000000000,Barometer Sensor,1007.44507,1464757601201506927
0,crowdsignals.algosnap.com,1.0(1),352622063881655,smartphone,-8,pressure,1464757601000000000,1464757602000000000,Barometer Sensor,1007.5088,1464757601379324374
0,crowdsignals.algosnap.com,1.0(1),352622063881655,smartphone,-8,pressure,1464757601000000000,1464757602000000000,Barometer Sensor,1007.61646,1464757601557806927
0,crowdsignals.algosnap.com,1.0(1),352622063881655,smartphone,-8,pressure,1464757601000000000,1464757602000000000,Barometer Sensor,1007.6775,1464757601735159062
0,crowdsignals.algosnap.com,1.0(1),352622063881655,smartphone,-8,pressure,1464757601000000000,1464757602000000000,Barometer Sensor,1007.5686,1464757601913247864
0,crowdsignals.algosnap.com,1.0(1),352622063881655,smartphone,-8,pressure,1464757602000000000,1464757603000000000,Barometer Sensor,1007.41406,1464757602269301042
0,crowdsignals.algosnap.com,1.0(1),352622063881655,smartphone,-8,pressure,1464757602000000000,1464757603000000000,Barometer Sensor,1007.6636,1464757602446698854
0,crowdsignals.algosnap.com,1.0(1),352622063881655,smartphone,-8,pressure,1464757602000000000,1464757603000000000,Barometer Sensor,1007.6504,1464757602625122813
0,crowdsignals.algosnap.com,1.0(1),352622063881655,smartphone,-8,pressure,1464757602000000000,1464757603000000000,Barometer Sensor,1007.6045,1464757602803141719
0,crowdsignals.algosnap.com,1.0(1),352622063881655,smartphone,-8,pressure,1464757602000000000,1464757603000000000,Barometer Sensor,1007.67236,1464757602980036458
0,crowdsignals.algosnap.com,1.0(1),352622063881655,smartphone,-8,pressure,1464757603000000000,1464757604000000000,Barometer Sensor,1007.45605,1464757603336835521
0,crowdsignals.algosnap.com,1.0(1),352622063881655,smartphone,-8,pressure,1464757603000000000,1464757604000000000,Barometer Sensor,1007.4021,1464757603514938125
0,crowdsignals.algosnap.com,1.0(1),352622063881655,smartphone,-8,pressure,1464757603000000000,1464757604000000000,Barometer Sensor,1007.6465,1464757603692191041
0,crowdsignals.algosnap.com,1.0(1),352622063881655,smartphone,-8,pressure,1464757603000000000,1464757604000000000,Barometer Sensor,1007.6577,1464757603870187968
0,crowdsignals.algosnap.com,1.0(1),352622063881655,smartphone,-8,pressure,1464757604000000000,1464757605000000000,Barometer Sensor,1007.47485,1464757604226390990
0,crowdsignals.algosnap.com,1.0(1),352622063881655,smartphone,-8,pressure,1464757604000000000,1464757605000000000,Barometer Sensor,1007.4348,1464757604404453698
0,crowdsignals.algosnap.com,1.0(1),352622063881655,smartphone,-8,pressure,1464757604000000000,1464757605000000000,Barometer Sensor,1007.55615,1464757604582149635
0,crowdsignals.algosnap.com,1.0(1),352622063881655,smartphone,-8,pressure,1464757604000000000,1464757605000000000,Barometer Sensor,1007.41846,1464757604760033594
0,crowdsignals.algosnap.com,1.0(1),352622063881655,smartphone,-8,pressure,1464757604000000000,1464757605000000000,Barometer Sensor,1007.5381,1464757604937644167
0,crowdsignals.algosnap.com,1.0(1),352622063881655,smartphone,-8,pressure,1464757605000000000,1464757606000000000,Barometer Sensor,1007.41113,1464757605294188073
0,crowdsignals.algosnap.com,1.0(1),352622063881655,smartphone,-8,pressure,1464757605000000000,1464757606000000000,Barometer Sensor,1007.4214,1464757605472436407
0,crowdsignals.algosnap.com,1.0(1),352622063881655,smartphone,-8,pressure,1464757605000000000,1464757606000000000,Barometer Sensor,1007.4839,1464757605650146666
0,crowdsignals.algosnap.com,1.0(1),352622063881655,smartphone,-8,pressure,1464757605000000000,1464757606000000000,Barometer Sensor,1007.6609,1464757605827158698
0,crowdsignals.algosnap.com,1.0(1),352622063881655,smartphone,-8,pressure,1464757606000000000,1464757607000000000,Barometer Sensor,1007.62476,1464757606183109739
0,crowdsignals.algosnap.com,1.0(1),352622063881655,smartphone,-8,pressure,1464757606000000000,1464757607000000000,Barometer Sensor,1007.4824,1464757606361115000
0,crowdsignals.algosnap.com,1.0(1),352622063881655,smartphone,-8,pressure,1464757606000000000,1464757607000000000,Barometer Sensor,1007.4082,1464757606539289583
0,crowdsignals.algosnap.com,1.0(1),352622063881655,smartphone,-8,pressure,1464757606000000000,1464757607000000000,Barometer Sensor,1007.63354,1464757606717273334
0,crowdsignals.algosnap.com,1.0(1),352622063881655,smartphone,-8,pressure,1464757606000000000,1464757607000000000,Barometer Sensor,1007.5884,1464757606894846302
0,crowdsignals.algosnap.com,1.0(1),352622063881655,smartphone,-8,pressure,1464757607000000000,1464757608000000000,Barometer Sensor,1007.54614,1464757607251284844
0,crowdsignals.algosnap.com,1.0(1),352622063881655,smartphone,-8,pressure,1464757607000000000,1464757608000000000,Barometer Sensor,1007.6196,1464757607429143333
0,crowdsignals.algosnap.com,1.0(1),352622063881655,smartphone,-8,pressure,1464757607000000000,1464757608000000000,Barometer Sensor,1007.6614,1464757607607419948
0,crowdsignals.algosnap.com,1.0(1),352622063881655,smartphone,-8,pressure,1464757607000000000,1464757608000000000,Barometer Sensor,1007.62036,1464757607785299531
0,crowdsignals.algosnap.com,1.0(1),352622063881655,smartphone,-8,pressure,1464757607000000000,1464757608000000000,Barometer Sensor,1007.60693,1464757607963314844
0,crowdsignals.algosnap.com,1.0(1),352622063881655,smartphone,-8,pressure,1464757608000000000,1464757609000000000,Barometer Sensor,1007.47705,1464757608318365573
0,crowdsignals.algosnap.com,1.0(1),352622063881655,smartphone,-8,pressure,1464757608000000000,1464757609000000000,Barometer Sensor,1007.39136,1464757608496307605
0,crowdsignals.algosnap.com,1.0(1),352622063881655,smartphone,-8,pressure,1464757608000000000,1464757609000000000,Barometer Sensor,1007.52954,1464757608674791355
0,crowdsignals.algosnap.com,1.0(1),352622063881655,smartphone,-8,pressure,1464757608000000000,1464757609000000000,Barometer Sensor,1007.51,1464757608852083541
0,crowdsignals.algosnap.com,1.0(1),352622063881655,smartphone,-8,pressure,1464757609000000000,1464757610000000000,Barometer Sensor,1007.40967,1464757609207942500
0,crowdsignals.algosnap.com,1.0(1),352622063881655,smartphone,-8,pressure,1464757609000000000,1464757610000000000,Barometer Sensor,1007.47485,1464757609385972657
0,crowdsignals.algosnap.com,1.0(1),352622063881655,smartphone,-8,pressure,1464757609000000000,1464757610000000000,Barometer Sensor,1007.5366,1464757609563711407
0,crowdsignals.algosnap.com,1.0(1),352622063881655,smartphone,-8,pressure,1464757609000000000,1464757610000000000,Barometer Sensor,1007.64526,1464757609742214739
0,crowdsignals.algosnap.com,1.0(1),352622063881655,smartphone,-8,pressure,1464757609000000000,1464757610000000000,Barometer Sensor,1007.63477,1464757609919790103
0,crowdsignals.algosnap.com,1.0(1),352622063881655,smartphone,-8,pressure,1464757610000000000,1464757611000000000,Barometer Sensor,1007.42456,1464757610275819844
0,crowdsignals.algosnap.com,1.0(1),352622063881655,smartphone,-8,pressure,1464757610000000000,1464757611000000000,Barometer Sensor,1007.4209,1464757610454043021
0,crowdsignals.algosnap.com,1.0(1),352622063881655,smartphone,-8,pressure,1464757610000000000,1464757611000000000,Barometer Sensor,1007.3701,1464757610632618229
0,crowdsignals.algosnap.com,1.0(1),352622063881655,smartphone,-8,pressure,1464757610000000000,1464757611000000000,Barometer Sensor,1007.63477,1464757610809636510
0,crowdsignals.algosnap.com,1.0(1),352622063881655,smartphone,-8,pressure,1464757610000000000,1464757611000000000,Barometer Sensor,1007.63306,1464757610987150313
0,crowdsignals.algosnap.com,1.0(1),352622063881655,smartphone,-8,pressure,1464757611000000000,1464757612000000000,Barometer Sensor,1007.4263,1464757611165503594
0,crowdsignals.algosnap.com,1.0(1),352622063881655,smartphone,-8,pressure,1464757611000000000,1464757612000000000,Barometer Sensor,1007.4038,1464757611343214010
0,crowdsignals.algosnap.com,1.0(1),352622063881655,smartphone,-8,pressure,1464757611000000000,1464757612000000000,Barometer Sensor,1007.57837,1464757611521193594
0,crowdsignals.algosnap.com,1.0(1),352622063881655,smartphone,-8,pressure,1464757611000000000,1464757612000000000,Barometer Sensor,1007.5967,1464757611698325782
0,crowdsignals.algosnap.com,1.0(1),352622063881655,smartphone,-8,pressure,1464757611000000000,1464757612000000000,Barometer Sensor,1007.2793,1464757611876846458
0,crowdsignals.algosnap.com,1.0(1),352622063881655,smartphone,-8,pressure,1464757612000000000,1464757613000000000,Barometer Sensor,1007.4514,1464757612233228178
0,crowdsignals.algosnap.com,1.0(1),352622063881655,smartphone,-8,pressure,1464757612000000000,1464757613000000000,Barometer Sensor,1007.3938,1464757612410777916
0,crowdsignals.algosnap.com,1.0(1),352622063881655,smartphone,-8,pressure,1464757612000000000,1464757613000000000,Barometer Sensor,1007.4707,1464757612588280469
0,crowdsignals.algosnap.com,1.0(1),352622063881655,smartphone,-8,pressure,1464757612000000000,1464757613000000000,Barometer Sensor,1007.59863,1464757612766970156
0,crowdsignals.algosnap.com,1.0(1),352622063881655,smartphone,-8,pressure,1464757612000000000,1464757613000000000,Barometer Sensor,1007.6118,1464757612944631928
0,crowdsignals.algosnap.com,1.0(1),352622063881655,smartphone,-8,pressure,1464757613000000000,1464757614000000000,Barometer Sensor,1007.3845,1464757613300556614
0,crowdsignals.algosnap.com,1.0(1),352622063881655,smartphone,-8,pressure,1464757613000000000,1464757614000000000,Barometer Sensor,1007.4114,1464757613478210313
0,crowdsignals.algosnap.com,1.0(1),352622063881655,smartphone,-8,pressure,1464757613000000000,1464757614000000000,Barometer Sensor,1007.5928,1464757613656479115
0,crowdsignals.algosnap.com,1.0(1),352622063881655,smartphone,-8,pressure,1464757613000000000,1464757614000000000,Barometer Sensor,1007.6272,1464757613833480885
0,crowdsignals.algosnap.com,1.0(1),352622063881655,smartphone,-8,pressure,1464757614000000000,1464757615000000000,Barometer Sensor,1007.624,1464757614189817499
0,crowdsignals.algosnap.com,1.0(1),352622063881655,smartphone,-8,pressure,1464757614000000000,1464757615000000000,Barometer Sensor,1007.59106,1464757614367601875
0,crowdsignals.algosnap.com,1.0(1),352622063881655,smartphone,-8,pressure,1464757614000000000,1464757615000000000,Barometer Sensor,1007.4336,1464757614545714219
0,crowdsignals.algosnap.com,1.0(1),352622063881655,smartphone,-8,pressure,1464757614000000000,1464757615000000000,Barometer Sensor,1007.59033,1464757614723130885
0,crowdsignals.algosnap.com,1.0(1),352622063881655,smartphone,-8,pressure,1464757614000000000,1464757615000000000,Barometer Sensor,1007.60034,1464757614901858803
0,crowdsignals.algosnap.com,1.0(1),352622063881655,smartphone,-8,pressure,1464757615000000000,1464757616000000000,Barometer Sensor,1007.3823,1464757615258008803
0,crowdsignals.algosnap.com,1.0(1),352622063881655,smartphone,-8,pressure,1464757615000000000,1464757616000000000,Barometer Sensor,1007.604,1464757615435876666
0,crowdsignals.algosnap.com,1.0(1),352622063881655,smartphone,-8,pressure,1464757615000000000,1464757616000000000,Barometer Sensor,1007.4568,1464757615613772343
0,crowdsignals.algosnap.com,1.0(1),352622063881655,smartphone,-8,pressure,1464757615000000000,1464757616000000000,Barometer Sensor,1007.552,1464757615791375468
0,crowdsignals.algosnap.com,1.0(1),352622063881655,smartphone,-8,pressure,1464757615000000000,1464757616000000000,Barometer Sensor,1007.3806,1464757615968917707
0,crowdsignals.algosnap.com,1.0(1),352622063881655,smartphone,-8,pressure,1464757616000000000,1464757617000000000,Barometer Sensor,1007.3467,1464757616325101824
0,crowdsignals.algosnap.com,1.0(1),352622063881655,smartphone,-8,pressure,1464757616000000000,1464757617000000000,Barometer Sensor,1007.60376,1464757616503545313
0,crowdsignals.algosnap.com,1.0(1),352622063881655,smartphone,-8,pressure,1464757616000000000,1464757617000000000,Barometer Sensor,1007.6587,1464757616681125574
0,crowdsignals.algosnap.com,1.0(1),352622063881655,smartphone,-8,pressure,1464757616000000000,1464757617000000000,Barometer Sensor,1007.3972,1464757616858529843
0,crowdsignals.algosnap.com,1.0(1),352622063881655,smartphone,-8,pressure,1464757617000000000,1464757618000000000,Barometer Sensor,1007.416,1464757617215026823
0,crowdsignals.algosnap.com,1.0(1),352622063881655,smartphone,-8,pressure,1464757617000000000,1464757618000000000,Barometer Sensor,1007.54565,1464757617392035677
0,crowdsignals.algosnap.com,1.0(1),352622063881655,smartphone,-8,pressure,1464757617000000000,1464757618000000000,Barometer Sensor,1007.3723,1464757617570582707
0,crowdsignals.algosnap.com,1.0(1),352622063881655,smartphone,-8,pressure,1464757617000000000,1464757618000000000,Barometer Sensor,1007.5696,1464757617748256979
0,crowdsignals.algosnap.com,1.0(1),352622063881655,smartphone,-8,pressure,1464757617000000000,1464757618000000000,Barometer Sensor,1007.6172,1464757617925837969
0,crowdsignals.algosnap.com,1.0(1),352622063881655,smartphone,-8,pressure,1464757618000000000,1464757619000000000,Barometer Sensor,1007.4331,1464757618282719323
0,crowdsignals.algosnap.com,1.0(1),352622063881655,smartphone,-8,pressure,1464757618000000000,1464757619000000000,Barometer Sensor,1007.6279,1464757618460290103
0,crowdsignals.algosnap.com,1.0(1),352622063881655,smartphone,-8,pressure,1464757618000000000,1464757619000000000,Barometer Sensor,1007.4873,1464757618638095365
0,crowdsignals.algosnap.com,1.0(1),352622063881655,smartphone,-8,pressure,1464757618000000000,1464757619000000000,Barometer Sensor,1007.5703,1464757618816349531
0,crowdsignals.algosnap.com,1.0(1),352622063881655,smartphone,-8,pressure,1464757618000000000,1464757619000000000,Barometer Sensor,1007.6206,1464757618993575782
0,crowdsignals.algosnap.com,1.0(1),352622063881655,smartphone,-8,pressure,1464757619000000000,1464757620000000000,Barometer Sensor,1007.6133,1464757619349736614
0,crowdsignals.algosnap.com,1.0(1),352622063881655,smartphone,-8,pressure,1464757619000000000,1464757620000000000,Barometer Sensor,1007.5613,1464757619527765417
0,crowdsignals.algosnap.com,1.0(1),352622063881655,smartphone,-8,pressure,1464757619000000000,1464757620000000000,Barometer Sensor,1007.6006,1464757619706263594
0,crowdsignals.algosnap.com,1.0(1),352622063881655,smartphone,-8,pressure,1464757619000000000,1464757620000000000,Barometer Sensor,1007.6201,1464757619883031615
0,crowdsignals.algosnap.com,1.0(1),352622063881655,smartphone,-8,pressure,1464757620000000000,1464757621000000000,Barometer Sensor,1007.4243,1464757620239353593
0,crowdsignals.algosnap.com,1.0(1),352622063881655,smartphone,-8,pressure,1464757620000000000,1464757621000000000,Barometer Sensor,1007.48,1464757620417483282
0,crowdsignals.algosnap.com,1.0(1),352622063881655,smartphone,-8,pressure,1464757620000000000,1464757621000000000,Barometer Sensor,1007.4995,1464757620595643125
0,crowdsignals.algosnap.com,1.0(1),352622063881655,smartphone,-8,pressure,1464757620000000000,1464757621000000000,Barometer Sensor,1007.6135,1464757620773360053
0,crowdsignals.algosnap.com,1.0(1),352622063881655,smartphone,-8,pressure,1464757620000000000,1464757621000000000,Barometer Sensor,1007.59937,1464757620950641198
0,crowdsignals.algosnap.com,1.0(1),352622063881655,smartphone,-8,pressure,1464757621000000000,1464757622000000000,Barometer Sensor,1007.593,1464757621128436771
0,crowdsignals.algosnap.com,1.0(1),352622063881655,smartphone,-8,pressure,1464757621000000000,1464757622000000000,Barometer Sensor,1007.3992,1464757621307090885
0,crowdsignals.algosnap.com,1.0(1),352622063881655,smartphone,-8,pressure,1464757621000000000,1464757622000000000,Barometer Sensor,1007.5842,1464757621484682500
0,crowdsignals.algosnap.com,1.0(1),352622063881655,smartphone,-8,pressure,1464757621000000000,1464757622000000000,Barometer Sensor,1007.5481,1464757621662635052
0,crowdsignals.algosnap.com,1.0(1),352622063881655,smartphone,-8,pressure,1464757621000000000,1464757622000000000,Barometer Sensor,1007.61597,1464757621840623854
0,crowdsignals.algosnap.com,1.0(1),352622063881655,smartphone,-8,pressure,1464757622000000000,1464757623000000000,Barometer Sensor,1007.4072,1464757622197084531
0,crowdsignals.algosnap.com,1.0(1),352622063881655,smartphone,-8,pressure,1464757622000000000,1464757623000000000,Barometer Sensor,1007.40576,1464757622374006355
0,crowdsignals.algosnap.com,1.0(1),352622063881655,smartphone,-8,pressure,1464757622000000000,1464757623000000000,Barometer Sensor,1007.71436,1464757622552018125
0,crowdsignals.algosnap.com,1.0(1),352622063881655,smartphone,-8,pressure,1464757622000000000,1464757623000000000,Barometer Sensor,1007.2993,1464757622730405468
0,crowdsignals.algosnap.com,1.0(1),352622063881655,smartphone,-8,pressure,1464757622000000000,1464757623000000000,Barometer Sensor,1007.3191,1464757622907909115
0,crowdsignals.algosnap.com,1.0(1),352622063881655,smartphone,-8,pressure,1464757623000000000,1464757624000000000,Barometer Sensor,1007.34326,1464757623263578230
0,crowdsignals.algosnap.com,1.0(1),352622063881655,smartphone,-8,pressure,1464757623000000000,1464757624000000000,Barometer Sensor,1007.4719,1464757623441855469
0,crowdsignals.algosnap.com,1.0(1),352622063881655,smartphone,-8,pressure,1464757623000000000,1464757624000000000,Barometer Sensor,1007.41675,1464757623620587292
0,crowdsignals.algosnap.com,1.0(1),352622063881655,smartphone,-8,pressure,1464757623000000000,1464757624000000000,Barometer Sensor,1007.3623,1464757623798420728
0,crowdsignals.algosnap.com,1.0(1),352622063881655,smartphone,-8,pressure,1464757623000000000,1464757624000000000,Barometer Sensor,1007.51953,1464757623975960157
0,crowdsignals.algosnap.com,1.0(1),352622063881655,smartphone,-8,pressure,1464757624000000000,1464757625000000000,Barometer Sensor,1007.3679,1464757624331554219
0,crowdsignals.algosnap.com,1.0(1),352622063881655,smartphone,-8,pressure,1464757624000000000,1464757625000000000,Barometer Sensor,1007.41504,1464757624510079791
0,crowdsignals.algosnap.com,1.0(1),352622063881655,smartphone,-8,pressure,1464757624000000000,1464757625000000000,Barometer Sensor,1007.4004,1464757624688065052
0,crowdsignals.algosnap.com,1.0(1),352622063881655,smartphone,-8,pressure,1464757624000000000,1464757625000000000,Barometer Sensor,1007.55347,1464757624865597969
0,crowdsignals.algosnap.com,1.0(1),352622063881655,smartphone,-8,pressure,1464757625000000000,1464757626000000000,Barometer Sensor,1007.59644,1464757625221169583
0,crowdsignals.algosnap.com,1.0(1),352622063881655,smartphone,-8,pressure,1464757625000000000,1464757626000000000,Barometer Sensor,1007.65894,1464757625398710051
0,crowdsignals.algosnap.com,1.0(1),352622063881655,smartphone,-8,pressure,1464757625000000000,1464757626000000000,Barometer Sensor,1007.42334,1464757625577357812
0,crowdsignals.algosnap.com,1.0(1),352622063881655,smartphone,-8,pressure,1464757625000000000,1464757626000000000,Barometer Sensor,1007.6155,1464757625754850573
0,crowdsignals.algosnap.com,1.0(1),352622063881655,smartphone,-8,pressure,1464757625000000000,1464757626000000000,Barometer Sensor,1007.6189,1464757625932340365
0,crowdsignals.algosnap.com,1.0(1),352622063881655,smartphone,-8,pressure,1464757626000000000,1464757627000000000,Barometer Sensor,1007.4031,1464757626288621875
0,crowdsignals.algosnap.com,1.0(1),352622063881655,smartphone,-8,pressure,1464757626000000000,1464757627000000000,Barometer Sensor,1007.5625,1464757626467056771
0,crowdsignals.algosnap.com,1.0(1),352622063881655,smartphone,-8,pressure,1464757626000000000,1464757627000000000,Barometer Sensor,1007.4214,1464757626643970573
0,crowdsignals.algosnap.com,1.0(1),352622063881655,smartphone,-8,pressure,1464757626000000000,1464757627000000000,Barometer Sensor,1007.6194,1464757626822806302
0,crowdsignals.algosnap.com,1.0(1),352622063881655,smartphone,-8,pressure,1464757627000000000,1464757628000000000,Barometer Sensor,1007.40356,1464757627178368646
0,crowdsignals.algosnap.com,1.0(1),352622063881655,smartphone,-8,pressure,1464757627000000000,1464757628000000000,Barometer Sensor,1007.40283,1464757627356460365
0,crowdsignals.algosnap.com,1.0(1),352622063881655,smartphone,-8,pressure,1464757627000000000,1464757628000000000,Barometer Sensor,1007.51733,1464757627534229167
0,crowdsignals.algosnap.com,1.0(1),352622063881655,smartphone,-8,pressure,1464757627000000000,1464757628000000000,Barometer Sensor,1007.594,1464757627712438021
0,crowdsignals.algosnap.com,1.0(1),352622063881655,smartphone,-8,pressure,1464757627000000000,1464757628000000000,Barometer Sensor,1007.6206,1464757627889641666
0,crowdsignals.algosnap.com,1.0(1),352622063881655,smartphone,-8,pressure,1464757628000000000,1464757629000000000,Barometer Sensor,1007.6162,1464757628246038333
0,crowdsignals.algosnap.com,1.0(1),352622063881655,smartphone,-8,pressure,1464757628000000000,1464757629000000000,Barometer Sensor,1007.5596,1464757628424310886
0,crowdsignals.algosnap.com,1.0(1),352622063881655,smartphone,-8,pressure,1464757628000000000,1464757629000000000,Barometer Sensor,1007.4375,1464757628601127709
0,crowdsignals.algosnap.com,1.0(1),352622063881655,smartphone,-8,pressure,1464757628000000000,1464757629000000000,Barometer Sensor,1007.5957,1464757628779779219
0,crowdsignals.algosnap.com,1.0(1),352622063881655,smartphone,-8,pressure,1464757628000000000,1464757629000000000,Barometer Sensor,1007.6096,1464757628957910625
0,crowdsignals.algosnap.com,1.0(1),352622063881655,smartphone,-8,pressure,1464757629000000000,1464757630000000000,Barometer Sensor,1007.3706,1464757629313496876
0,crowdsignals.algosnap.com,1.0(1),352622063881655,smartphone,-8,pressure,1464757629000000000,1464757630000000000,Barometer Sensor,1007.37866,1464757629491715105
0,crowdsignals.algosnap.com,1.0(1),352622063881655,smartphone,-8,pressure,1464757629000000000,1464757630000000000,Barometer Sensor,1007.4973,1464757629668873020
0,crowdsignals.algosnap.com,1.0(1),352622063881655,smartphone,-8,pressure,1464757629000000000,1464757630000000000,Barometer Sensor,1007.6216,1464757629847605989
0,crowdsignals.algosnap.com,1.0(1),352622063881655,smartphone,-8,pressure,1464757630000000000,1464757631000000000,Barometer Sensor,1007.4519,1464757630202798386
0,crowdsignals.algosnap.com,1.0(1),352622063881655,smartphone,-8,pressure,1464757630000000000,1464757631000000000,Barometer Sensor,1007.41406,1464757630380771927
0,crowdsignals.algosnap.com,1.0(1),352622063881655,smartphone,-8,pressure,1464757630000000000,1464757631000000000,Barometer Sensor,1007.43555,1464757630558852500
0,crowdsignals.algosnap.com,1.0(1),352622063881655,smartphone,-8,pressure,1464757630000000000,1464757631000000000,Barometer Sensor,1007.6118,1464757630737227657
0,crowdsignals.algosnap.com,1.0(1),352622063881655,smartphone,-8,pressure,1464757630000000000,1464757631000000000,Barometer Sensor,1007.6123,1464757630914406563
0,crowdsignals.algosnap.com,1.0(1),352622063881655,smartphone,-8,pressure,1464757631000000000,1464757632000000000,Barometer Sensor,1007.62524,1464757631092549479
0,crowdsignals.algosnap.com,1.0(1),352622063881655,smartphone,-8,pressure,1464757631000000000,1464757632000000000,Barometer Sensor,1007.36206,1464757631270572605
0,crowdsignals.algosnap.com,1.0(1),352622063881655,smartphone,-8,pressure,1464757631000000000,1464757632000000000,Barometer Sensor,1007.42944,1464757631448178907
0,crowdsignals.algosnap.com,1.0(1),352622063881655,smartphone,-8,pressure,1464757631000000000,1464757632000000000,Barometer Sensor,1007.64404,1464757631625492136
0,crowdsignals.algosnap.com,1.0(1),352622063881655,smartphone,-8,pressure,1464757631000000000,1464757632000000000,Barometer Sensor,1007.4177,1464757631804556823
0,crowdsignals.algosnap.com,1.0(1),352622063881655,smartphone,-8,pressure,1464757631000000000,1464757632000000000,Barometer Sensor,1007.63696,1464757631982619948
0,crowdsignals.algosnap.com,1.0(1),352622063881655,smartphone,-8,pressure,1464757632000000000,1464757633000000000,Barometer Sensor,1007.4922,1464757632337852500
0,crowdsignals.algosnap.com,1.0(1),352622063881655,smartphone,-8,pressure,1464757632000000000,1464757633000000000,Barometer Sensor,1007.40063,1464757632515539010
0,crowdsignals.algosnap.com,1.0(1),352622063881655,smartphone,-8,pressure,1464757632000000000,1464757633000000000,Barometer Sensor,1007.43896,1464757632693602343
0,crowdsignals.algosnap.com,1.0(1),352622063881655,smartphone,-8,pressure,1464757632000000000,1464757633000000000,Barometer Sensor,1007.6272,1464757632871880365
