user_id,sw_name,sw_version,device_id,device_type,timezone,type,start,end,sensor_name,lux,timestamps
0,crowdsignals.algosnap.com,1.0(1),352622063881655,smartphone,-8,light,1464757633000000000,1464757634000000000,TMG399X RGB Sensor,5.0,1464757633228490833
0,crowdsignals.algosnap.com,1.0(1),352622063881655,smartphone,-8,light,1464757633000000000,1464757634000000000,TMG399X RGB Sensor,5.0,1464757633407353594
0,crowdsignals.algosnap.com,1.0(1),352622063881655,smartphone,-8,light,1464757633000000000,1464757634000000000,TMG399X RGB Sensor,5.0,1464757633584678646
0,crowdsignals.algosnap.com,1.0(1),352622063881655,smartphone,-8,light,1464757633000000000,1464757634000000000,TMG399X RGB Sensor,5.0,1464757633763721042
0,crowdsignals.algosnap.com,1.0(1),352622063881655,smartphone,-8,light,1464757633000000000,1464757634000000000,TMG399X RGB Sensor,5.0,1464757633940335573
0,crowdsignals.algosnap.com,1.0(1),352622063881655,smartphone,-8,light,1464757634000000000,1464757635000000000,TMG399X RGB Sensor,5.0,1464757634295983073
0,crowdsignals.algosnap.com,1.0(1),352622063881655,smartphone,-8,light,1464757634000000000,1464757635000000000,TMG399X RGB Sensor,5.0,1464757634473345052
0,crowdsignals.algosnap.com,1.0(1),352622063881655,smartphone,-8,light,1464757634000000000,1464757635000000000,TMG399X RGB Sensor,5.0,1464757634652480469
0,crowdsignals.algosnap.com,1.0(1),352622063881655,smartphone,-8,light,1464757634000000000,1464757635000000000,TMG399X RGB Sensor,5.0,1464757634829895625
0,crowdsignals.algosnap.com,1.0(1),352622063881655,smartphone,-8,light,1464757635000000000,1464757636000000000,TMG399X RGB Sensor,5.0,1464757635186341667
0,crowdsignals.algosnap.com,1.0(1),352622063881655,smartphone,-8,light,1464757635000000000,1464757636000000000,TMG399X RGB Sensor,5.0,1464757635363340417
0,crowdsignals.algosnap.com,1.0(1),352622063881655,smartphone,-8,light,1464757635000000000,1464757636000000000,TMG399X RGB Sensor,5.0,1464757635541951614
0,crowdsignals.algosnap.com,1.0(1),352622063881655,smartphone,-8,light,1464757635000000000,1464757636000000000,TMG399X RGB Sensor,5.0,1464757635721063281
0,crowdsignals.algosnap.com,1.0(1),352622063881655,smartphone,-8,light,1464757635000000000,1464757636000000000,TMG399X RGB Sensor,5.0,1464757635897706250
0,crowdsignals.algosnap.com,1.0(1),352622063881655,smartphone,-8,light,1464757636000000000,1464757637000000000,TMG399X RGB Sensor,5.0,1464757636254566823
0,crowdsignals.algosnap.com,1.0(1),352622063881655,smartphone,-8,light,1464757636000000000,1464757637000000000,TMG399X RGB Sensor,5.0,1464757636431042083
0,crowdsignals.algosnap.com,1.0(1),352622063881655,smartphone,-8,light,1464757636000000000,1464757637000000000,TMG399X RGB Sensor,5.0,1464757636608531927
0,crowdsignals.algosnap.com,1.0(1),352622063881655,smartphone,-8,light,1464757636000000000,1464757637000000000,TMG399X RGB Sensor,5.0,1464757636785793802
0,crowdsignals.algosnap.com,1.0(1),352622063881655,smartphone,-8,light,1464757636000000000,1464757637000000000,TMG399X RGB Sensor,5.0,1464757636964486354
0,crowdsignals.algosnap.com,1.0(1),352622063881655,smartphone,-8,light,1464757637000000000,1464757638000000000,TMG399X RGB Sensor,5.0,1464757637321329896
0,crowdsignals.algosnap.com,1.0(1),352622063881655,smartphone,-8,light,1464757637000000000,1464757638000000000,TMG399X RGB Sensor,5.0,1464757637499293698
0,crowdsignals.algosnap.com,1.0(1),352622063881655,smartphone,-8,light,1464757637000000000,1464757638000000000,TMG399X RGB Sensor,5.0,1464757637677963177
0,crowdsignals.algosnap.com,1.0(1),352622063881655,smartphone,-8,light,1464757637000000000,1464757638000000000,TMG399X RGB Sensor,5.0,1464757637855247344
0,crowdsignals.algosnap.com,1.0(1),352622063881655,smartphone,-8,light,1464757638000000000,1464757639000000000,TMG399X RGB Sensor,5.0,1464757638210549166
0,crowdsignals.algosnap.com,1.0(1),352622063881655,smartphone,-8,light,1464757638000000000,1464757639000000000,TMG399X RGB Sensor,5.0,1464757638388385365
0,crowdsignals.algosnap.com,1.0(1),352622063881655,smartphone,-8,light,1464757638000000000,1464757639000000000,TMG399X RGB Sensor,5.0,1464757638566278229
0,crowdsignals.algosnap.com,1.0(1),352622063881655,smartphone,-8,light,1464757638000000000,1464757639000000000,TMG399X RGB Sensor,5.0,1464757638744065417
0,crowdsignals.algosnap.com,1.0(1),352622063881655,smartphone,-8,light,1464757638000000000,1464757639000000000,TMG399X RGB Sensor,5.0,1464757638923295417
0,crowdsignals.algosnap.com,1.0(1),352622063881655,smartphone,-8,light,1464757639000000000,1464757640000000000,TMG399X RGB Sensor,5.0,1464757639279158853
0,crowdsignals.algosnap.com,1.0(1),352622063881655,smartphone,-8,light,1464757639000000000,1464757640000000000,TMG399X RGB Sensor,5.0,1464757639455259844
0,crowdsignals.algosnap.com,1.0(1),352622063881655,smartphone,-8,light,1464757639000000000,1464757640000000000,TMG399X RGB Sensor,5.0,1464757639634200104
0,crowdsignals.algosnap.com,1.0(1),352622063881655,smartphone,-8,light,1464757639000000000,1464757640000000000,TMG399X RGB Sensor,5.0,1464757639811147084
0,crowdsignals.algosnap.com,1.0(1),352622063881655,smartphone,-8,light,1464757639000000000,1464757640000000000,TMG399X RGB Sensor,5.0,1464757639989216197
0,crowdsignals.algosnap.com,1.0(1),352622063881655,smartphone,-8,light,1464757640000000000,1464757641000000000,TMG399X RGB Sensor,5.0,1464757640345214063
0,crowdsignals.algosnap.com,1.0(1),352622063881655,smartphone,-8,light,1464757640000000000,1464757641000000000,TMG399X RGB Sensor,5.0,1464757640523111511
0,crowdsignals.algosnap.com,1.0(1),352622063881655,smartphone,-8,light,1464757640000000000,1464757641000000000,TMG399X RGB Sensor,5.0,1464757640702539115
0,crowdsignals.algosnap.com,1.0(1),352622063881655,smartphone,-8,light,1464757640000000000,1464757641000000000,TMG399X RGB Sensor,5.0,1464757640879401718
0,crowdsignals.algosnap.com,1.0(1),352622063881655,smartphone,-8,light,1464757641000000000,1464757642000000000,TMG399X RGB Sensor,5.0,1464757641056725312
0,crowdsignals.algosnap.com,1.0(1),352622063881655,smartphone,-8,light,1464757641000000000,1464757642000000000,TMG399X RGB Sensor,5.0,1464757641236357344
0,crowdsignals.algosnap.com,1.0(1),352622063881655,smartphone,-8,light,1464757641000000000,1464757642000000000,TMG399X RGB Sensor,5.0,1464757641413363542
0,crowdsignals.algosnap.com,1.0(1),352622063881655,smartphone,-8,light,1464757641000000000,1464757642000000000,TMG399X RGB Sensor,5.0,1464757641591256458
0,crowdsignals.algosnap.com,1.0(1),352622063881655,smartphone,-8,light,1464757641000000000,1464757642000000000,TMG399X RGB Sensor,5.0,1464757641767972500
0,crowdsignals.algosnap.com,1.0(1),352622063881655,smartphone,-8,light,1464757641000000000,1464757642000000000,TMG399X RGB Sensor,5.0,1464757641947684896
0,crowdsignals.algosnap.com,1.0(1),352622063881655,smartphone,-8,light,1464757642000000000,1464757643000000000,TMG399X RGB Sensor,5.0,1464757642304032553
0,crowdsignals.algosnap.com,1.0(1),352622063881655,smartphone,-8,light,1464757642000000000,1464757643000000000,TMG399X RGB Sensor,5.0,1464757642480188905
0,crowdsignals.algosnap.com,1.0(1),352622063881655,smartphone,-8,light,1464757642000000000,1464757643000000000,TMG399X RGB Sensor,5.0,1464757642658650729
0,crowdsignals.algosnap.com,1.0(1),352622063881655,smartphone,-8,light,1464757642000000000,1464757643000000000,TMG399X RGB Sensor,5.0,1464757642837716978
0,crowdsignals.algosnap.com,1.0(1),352622063881655,smartphone,-8,light,1464757643000000000,1464757644000000000,TMG399X RGB Sensor,5.0,1464757643192494271
0,crowdsignals.algosnap.com,1.0(1),352622063881655,smartphone,-8,light,1464757643000000000,1464757644000000000,TMG399X RGB Sensor,5.0,1464757643369563489
0,crowdsignals.algosnap.com,1.0(1),352622063881655,smartphone,-8,light,1464757643000000000,1464757644000000000,TMG399X RGB Sensor,5.0,1464757643548614480
0,crowdsignals.algosnap.com,1.0(1),352622063881655,smartphone,-8,light,1464757643000000000,1464757644000000000,TMG399X RGB Sensor,5.0,1464757643726203594
0,crowdsignals.algosnap.com,1.0(1),352622063881655,smartphone,-8,light,1464757643000000000,1464757644000000000,TMG399X RGB Sensor,5.0,1464757643904852813
0,crowdsignals.algosnap.com,1.0(1),352622063881655,smartphone,-8,light,1464757644000000000,1464757645000000000,TMG399X RGB Sensor,5.0,1464757644259526302
0,crowdsignals.algosnap.com,1.0(1),352622063881655,smartphone,-8,light,1464757644000000000,1464757645000000000,TMG399X RGB Sensor,5.0,1464757644437345521
0,crowdsignals.algosnap.com,1.0(1),352622063881655,smartphone,-8,light,1464757644000000000,1464757645000000000,TMG399X RGB Sensor,5.0,1464757644615758542
0,crowdsignals.algosnap.com,1.0(1),352622063881655,smartphone,-8,light,1464757644000000000,1464757645000000000,TMG399X RGB Sensor,5.0,1464757644793683490
0,crowdsignals.algosnap.com,1.0(1),352622063881655,smartphone,-8,light,1464757644000000000,1464757645000000000,TMG399X RGB Sensor,5.0,1464757644972235833
0,crowdsignals.algosnap.com,1.0(1),352622063881655,smartphone,-8,light,1464757645000000000,1464757646000000000,TMG399X RGB Sensor,5.0,1464757645328127708
0,crowdsignals.algosnap.com,1.0(1),352622063881655,smartphone,-8,light,1464757645000000000,1464757646000000000,TMG399X RGB Sensor,5.0,1464757645505310469
0,crowdsignals.algosnap.com,1.0(1),352622063881655,smartphone,-8,light,1464757645000000000,1464757646000000000,TMG399X RGB Sensor,5.0,1464757645682851615
0,crowdsignals.algosnap.com,1.0(1),352622063881655,smartphone,-8,light,1464757645000000000,1464757646000000000,TMG399X RGB Sensor,5.0,1464757645861055677
0,crowdsignals.algosnap.com,1.0(1),352622063881655,smartphone,-8,light,1464757646000000000,1464757647000000000,TMG399X RGB Sensor,5.0,1464757646217335885
0,crowdsignals.algosnap.com,1.0(1),352622063881655,smartphone,-8,light,1464757646000000000,1464757647000000000,TMG399X RGB Sensor,5.0,1464757646393955781
0,crowdsignals.algosnap.com,1.0(1),352622063881655,smartphone,-8,light,1464757646000000000,1464757647000000000,TMG399X RGB Sensor,5.0,1464757646572728126
0,crowdsignals.algosnap.com,1.0(1),352622063881655,smartphone,-8,light,1464757646000000000,1464757647000000000,TMG399X RGB Sensor,5.0,1464757646749762967
0,crowdsignals.algosnap.com,1.0(1),352622063881655,smartphone,-8,light,1464757646000000000,1464757647000000000,TMG399X RGB Sensor,5.0,1464757646929770260
0,crowdsignals.algosnap.com,1.0(1),352622063881655,smartphone,-8,light,1464757647000000000,1464757648000000000,TMG399X RGB Sensor,5.0,1464757647285743230
0,crowdsignals.algosnap.com,1.0(1),352622063881655,smartphone,-8,light,1464757647000000000,1464757648000000000,TMG399X RGB Sensor,5.0,1464757647463375313
0,crowdsignals.algosnap.com,1.0(1),352622063881655,smartphone,-8,light,1464757647000000000,1464757648000000000,TMG399X RGB Sensor,5.0,1464757647641392865
0,crowdsignals.algosnap.com,1.0(1),352622063881655,smartphone,-8,light,1464757647000000000,1464757648000000000,TMG399X RGB Sensor,5.0,1464757647819401406
0,crowdsignals.algosnap.com,1.0(1),352622063881655,smartphone,-8,light,1464757647000000000,1464757648000000000,TMG399X RGB Sensor,5.0,1464757647996252604
0,crowdsignals.algosnap.com,1.0(1),352622063881655,smartphone,-8,light,1464757648000000000,1464757649000000000,TMG399X RGB Sensor,5.0,1464757648351837552
0,crowdsignals.algosnap.com,1.0(1),352622063881655,smartphone,-8,light,1464757648000000000,1464757649000000000,TMG399X RGB Sensor,5.0,1464757648529477707
0,crowdsignals.algosnap.com,1.0(1),352622063881655,smartphone,-8,light,1464757648000000000,1464757649000000000,TMG399X RGB Sensor,5.0,1464757648708234166
0,crowdsignals.algosnap.com,1.0(1),352622063881655,smartphone,-8,light,1464757648000000000,1464757649000000000,TMG399X RGB Sensor,5.0,1464757648885897136
0,crowdsignals.algosnap.com,1.0(1),352622063881655,smartphone,-8,light,1464757649000000000,1464757650000000000,TMG399X RGB Sensor,5.0,1464757649241975260
0,crowdsignals.algosnap.com,1.0(1),352622063881655,smartphone,-8,light,1464757649000000000,1464757650000000000,TMG399X RGB Sensor,5.0,1464757649418322813
0,crowdsignals.algosnap.com,1.0(1),352622063881655,smartphone,-8,light,1464757649000000000,1464757650000000000,TMG399X RGB Sensor,5.0,1464757649598534791
0,crowdsignals.algosnap.com,1.0(1),352622063881655,smartphone,-8,light,1464757649000000000,1464757650000000000,TMG399X RGB Sensor,5.0,1464757649775711250
0,crowdsignals.algosnap.com,1.0(1),352622063881655,smartphone,-8,light,1464757649000000000,1464757650000000000,TMG399X RGB Sensor,5.0,1464757649953086407
0,crowdsignals.algosnap.com,1.0(1),352622063881655,smartphone,-8,light,1464757650000000000,1464757651000000000,TMG399X RGB Sensor,5.0,1464757650310151509
0,crowdsignals.algosnap.com,1.0(1),352622063881655,smartphone,-8,light,1464757650000000000,1464757651000000000,TMG399X RGB Sensor,5.0,1464757650488054011
0,crowdsignals.algosnap.com,1.0(1),352622063881655,smartphone,-8,light,1464757650000000000,1464757651000000000,TMG399X RGB Sensor,5.0,1464757650666369896
0,crowdsignals.algosnap.com,1.0(1),352622063881655,smartphone,-8,light,1464757650000000000,1464757651000000000,TMG399X RGB Sensor,5.0,1464757650844279324
0,crowdsignals.algosnap.com,1.0(1),352622063881655,smartphone,-8,light,1464757651000000000,1464757652000000000,TMG399X RGB Sensor,5.0,1464757651020485886
0,crowdsignals.algosnap.com,1.0(1),352622063881655,smartphone,-8,light,1464757651000000000,1464757652000000000,TMG399X RGB Sensor,5.0,1464757651198162396
0,crowdsignals.algosnap.com,1.0(1),352622063881655,smartphone,-8,light,1464757651000000000,1464757652000000000,TMG399X RGB Sensor,5.0,1464757651376970052
0,crowdsignals.algosnap.com,1.0(1),352622063881655,smartphone,-8,light,1464757651000000000,1464757652000000000,TMG399X RGB Sensor,5.0,1464757651555101719
0,crowdsignals.algosnap.com,1.0(1),352622063881655,smartphone,-8,light,1464757651000000000,1464757652000000000,TMG399X RGB Sensor,5.0,1464757651732192135
0,crowdsignals.algosnap.com,1.0(1),352622063881655,smartphone,-8,light,1464757651000000000,1464757652000000000,TMG399X RGB Sensor,5.0,1464757651911219897
0,crowdsignals.algosnap.com,1.0(1),352622063881655,smartphone,-8,light,1464757652000000000,1464757653000000000,TMG399X RGB Sensor,5.0,1464757652265619375
0,crowdsignals.algosnap.com,1.0(1),352622063881655,smartphone,-8,light,1464757652000000000,1464757653000000000,TMG399X RGB Sensor,5.0,1464757652445061928
0,crowdsignals.algosnap.com,1.0(1),352622063881655,smartphone,-8,light,1464757652000000000,1464757653000000000,TMG399X RGB Sensor,5.0,1464757652622883906
0,crowdsignals.algosnap.com,1.0(1),352622063881655,smartphone,-8,light,1464757652000000000,1464757653000000000,TMG399X RGB Sensor,5.0,1464757652799244531
0,crowdsignals.algosnap.com,1.0(1),352622063881655,smartphone,-8,light,1464757652000000000,1464757653000000000,TMG399X RGB Sensor,5.0,1464757652978806719
0,crowdsignals.algosnap.com,1.0(1),352622063881655,smartphone,-8,light,1464757653000000000,1464757654000000000,TMG399X RGB Sensor,5.0,1464757653333590469
0,crowdsignals.algosnap.com,1.0(1),352622063881655,smartphone,-8,light,1464757653000000000,1464757654000000000,TMG399X RGB Sensor,5.0,1464757653511880364
0,crowdsignals.algosnap.com,1.0(1),352622063881655,smartphone,-8,light,1464757653000000000,1464757654000000000,TMG399X RGB Sensor,5.0,1464757653689025208
0,crowdsignals.algosnap.com,1.0(1),352622063881655,smartphone,-8,light,1464757653000000000,1464757654000000000,TMG399X RGB Sensor,5.0,1464757653867212031
0,crowdsignals.algosnap.com,1.0(1),352622063881655,smartphone,-8,light,1464757654000000000,1464757655000000000,TMG399X RGB Sensor,5.0,1464757654224015156
0,crowdsignals.algosnap.com,1.0(1),352622063881655,smartphone,-8,light,1464757654000000000,1464757655000000000,TMG399X RGB Sensor,5.0,1464757654401609166
0,crowdsignals.algosnap.com,1.0(1),352622063881655,smartphone,-8,light,1464757654000000000,1464757655000000000,TMG399X RGB Sensor,5.0,1464757654578767447
0,crowdsignals.algosnap.com,1.0(1),352622063881655,smartphone,-8,light,1464757654000000000,1464757655000000000,TMG399X RGB Sensor,5.0,1464757654756370417
0,crowdsignals.algosnap.com,1.0(1),352622063881655,smartphone,-8,light,1464757654000000000,1464757655000000000,TMG399X RGB Sensor,5.0,1464757654936090573
0,crowdsignals.algosnap.com,1.0(1),352622063881655,smartphone,-8,light,1464757655000000000,1464757656000000000,TMG399X RGB Sensor,5.0,1464757655291148073
0,crowdsignals.algosnap.com,1.0(1),352622063881655,smartphone,-8,light,1464757655000000000,1464757656000000000,TMG399X RGB Sensor,5.0,1464757655469100521
0,crowdsignals.algosnap.com,1.0(1),352622063881655,smartphone,-8,light,1464757655000000000,1464757656000000000,TMG399X RGB Sensor,5.0,1464757655647828645
0,crowdsignals.algosnap.com,1.0(1),352622063881655,smartphone,-8,light,1464757655000000000,1464757656000000000,TMG399X RGB Sensor,5.0,1464757655825844323
0,crowdsignals.algosnap.com,1.0(1),352622063881655,smartphone,-8,light,1464757656000000000,1464757657000000000,TMG399X RGB Sensor,5.0,1464757656181291875
0,crowdsignals.algosnap.com,1.0(1),352622063881655,smartphone,-8,light,1464757656000000000,1464757657000000000,TMG399X RGB Sensor,5.0,1464757656357540677
0,crowdsignals.algosnap.com,1.0(1),352622063881655,smartphone,-8,light,1464757656000000000,1464757657000000000,TMG399X RGB Sensor,5.0,1464757656535675937
0,crowdsignals.algosnap.com,1.0(1),352622063881655,smartphone,-8,light,1464757656000000000,1464757657000000000,TMG399X RGB Sensor,5.0,1464757656714266771
0,crowdsignals.algosnap.com,1.0(1),352622063881655,smartphone,-8,light,1464757656000000000,1464757657000000000,TMG399X RGB Sensor,5.0,1464757656892125833
0,crowdsignals.algosnap.com,1.0(1),352622063881655,smartphone,-8,light,1464757657000000000,1464757658000000000,TMG399X RGB Sensor,5.0,1464757657247011511
0,crowdsignals.algosnap.com,1.0(1),352622063881655,smartphone,-8,light,1464757657000000000,1464757658000000000,TMG399X RGB Sensor,5.0,1464757657426338333
0,crowdsignals.algosnap.com,1.0(1),352622063881655,smartphone,-8,light,1464757657000000000,1464757658000000000,TMG399X RGB Sensor,5.0,1464757657604264011
0,crowdsignals.algosnap.com,1.0(1),352622063881655,smartphone,-8,light,1464757657000000000,1464757658000000000,TMG399X RGB Sensor,5.0,1464757657781750729
0,crowdsignals.algosnap.com,1.0(1),352622063881655,smartphone,-8,light,1464757657000000000,1464757658000000000,TMG399X RGB Sensor,5.0,1464757657959781354
0,crowdsignals.algosnap.com,1.0(1),352622063881655,smartphone,-8,light,1464757658000000000,1464757659000000000,TMG399X RGB Sensor,5.0,1464757658314503698
0,crowdsignals.algosnap.com,1.0(1),352622063881655,smartphone,-8,light,1464757658000000000,1464757659000000000,TMG399X RGB Sensor,5.0,1464757658492657448
0,crowdsignals.algosnap.com,1.0(1),352622063881655,smartphone,-8,light,1464757658000000000,1464757659000000000,TMG399X RGB Sensor,5.0,1464757658670583906
0,crowdsignals.algosnap.com,1.0(1),352622063881655,smartphone,-8,light,1464757658000000000,1464757659000000000,TMG399X RGB Sensor,5.0,1464757658848294635
0,crowdsignals.algosnap.com,1.0(1),352622063881655,smartphone,-8,light,1464757659000000000,1464757660000000000,TMG399X RGB Sensor,5.0,1464757659206277135
0,crowdsignals.algosnap.com,1.0(1),352622063881655,smartphone,-8,light,1464757659000000000,1464757660000000000,TMG399X RGB Sensor,5.0,1464757659382176511
0,crowdsignals.algosnap.com,1.0(1),352622063881655,smartphone,-8,light,1464757659000000000,1464757660000000000,TMG399X RGB Sensor,5.0,1464757659562052604
0,crowdsignals.algosnap.com,1.0(1),352622063881655,smartphone,-8,light,1464757659000000000,1464757660000000000,TMG399X RGB Sensor,5.0,1464757659738522343
0,crowdsignals.algosnap.com,1.0(1),352622063881655,smartphone,-8,light,1464757659000000000,1464757660000000000,TMG399X RGB Sensor,5.0,1464757659917112344
0,crowdsignals.algosnap.com,1.0(1),352622063881655,smartphone,-8,light,1464757660000000000,1464757661000000000,TMG399X RGB Sensor,5.0,1464757660274441771
0,crowdsignals.algosnap.com,1.0(1),352622063881655,smartphone,-8,light,1464757660000000000,1464757661000000000,TMG399X RGB Sensor,5.0,1464757660450356302
0,crowdsignals.algosnap.com,1.0(1),352622063881655,smartphone,-8,light,1464757660000000000,1464757661000000000,TMG399X RGB Sensor,5.0,1464757660628210365
0,crowdsignals.algosnap.com,1.0(1),352622063881655,smartphone,-8,light,1464757660000000000,1464757661000000000,TMG399X RGB Sensor,5.0,1464757660806392812
0,crowdsignals.algosnap.com,1.0(1),352622063881655,smartphone,-8,light,1464757660000000000,1464757661000000000,TMG399X RGB Sensor,5.0,1464757660984250833
0,crowdsignals.algosnap.com,1.0(1),352622063881655,smartphone,-8,light,1464757661000000000,1464757662000000000,TMG399X RGB Sensor,5.0,1464757661161839480
0,crowdsignals.algosnap.com,1.0(1),352622063881655,smartphone,-8,light,1464757661000000000,1464757662000000000,TMG399X RGB Sensor,5.0,1464757661341335469
0,crowdsignals.algosnap.com,1.0(1),352622063881655,smartphone,-8,light,1464757661000000000,1464757662000000000,TMG399X RGB Sensor,5.0,1464757661517866563
0,crowdsignals.algosnap.com,1.0(1),352622063881655,smartphone,-8,light,1464757661000000000,1464757662000000000,TMG399X RGB Sensor,5.0,1464757661695583698
0,crowdsignals.algosnap.com,1.0(1),352622063881655,smartphone,-8,light,1464757661000000000,1464757662000000000,TMG399X RGB Sensor,5.0,1464757661874012813
0,crowdsignals.algosnap.com,1.0(1),352622063881655,smartphone,-8,light,1464757662000000000,1464757663000000000,TMG399X RGB Sensor,5.0,1464757662229389218
0,crowdsignals.algosnap.com,1.0(1),352622063881655,smartphone,-8,light,1464757662000000000,1464757663000000000,TMG399X RGB Sensor,5.0,1464757662407843906
0,crowdsignals.algosnap.com,1.0(1),352622063881655,smartphone,-8,light,1464757662000000000,1464757663000000000,TMG399X RGB Sensor,5.0,1464757662585892708
0,crowdsignals.algosnap.com,1.0(1),352622063881655,smartphone,-8,light,1464757662000000000,1464757663000000000,TMG399X RGB Sensor,5.0,1464757662763102448
0,crowdsignals.algosnap.com,1.0(1),352622063881655,smartphone,-8,light,1464757662000000000,1464757663000000000,TMG399X RGB Sensor,5.0,1464757662942006303
0,crowdsignals.algosnap.com,1.0(1),352622063881655,smartphone,-8,light,1464757663000000000,1464757664000000000,TMG399X RGB Sensor,5.0,1464757663297186927
0,crowdsignals.algosnap.com,1.0(1),352622063881655,smartphone,-8,light,1464757663000000000,1464757664000000000,TMG399X RGB Sensor,5.0,1464757663475057812
0,crowdsignals.algosnap.com,1.0(1),352622063881655,smartphone,-8,light,1464757663000000000,1464757664000000000,TMG399X RGB Sensor,5.0,1464757663654604636
0,crowdsignals.algosnap.com,1.0(1),352622063881655,smartphone,-8,light,1464757663000000000,1464757664000000000,TMG399X RGB Sensor,5.0,1464757663831424584
0,crowdsignals.algosnap.com,1.0(1),352622063881655,smartphone,-8,light,1464757664000000000,1464757665000000000,TMG399X RGB Sensor,5.0,1464757664186299687
0,crowdsignals.algosnap.com,1.0(1),352622063881655,smartphone,-8,light,1464757664000000000,1464757665000000000,TMG399X RGB Sensor,5.0,1464757664365290000
0,crowdsignals.algosnap.com,1.0(1),352622063881655,smartphone,-8,light,1464757664000000000,1464757665000000000,TMG399X RGB Sensor,5.0,1464757664543685937
0,crowdsignals.algosnap.com,1.0(1),352622063881655,smartphone,-8,light,1464757664000000000,1464757665000000000,TMG399X RGB Sensor,5.0,1464757664720189843
0,crowdsignals.algosnap.com,1.0(1),352622063881655,smartphone,-8,light,1464757664000000000,1464757665000000000,TMG399X RGB Sensor,5.0,1464757664899244479
0,crowdsignals.algosnap.com,1.0(1),352622063881655,smartphone,-8,light,1464757665000000000,1464757666000000000,TMG399X RGB Sensor,5.0,1464757665255536094
0,crowdsignals.algosnap.com,1.0(1),352622063881655,smartphone,-8,light,1464757665000000000,1464757666000000000,TMG399X RGB Sensor,5.0,1464757665432128958
0,crowdsignals.algosnap.com,1.0(1),352622063881655,smartphone,-8,light,1464757665000000000,1464757666000000000,TMG399X RGB Sensor,5.0,1464757665610378645
0,crowdsignals.algosnap.com,1.0(1),352622063881655,smartphone,-8,light,1464757665000000000,1464757666000000000,TMG399X RGB Sensor,5.0,1464757665787730886
0,crowdsignals.algosnap.com,1.0(1),352622063881655,smartphone,-8,light,1464757665000000000,1464757666000000000,TMG399X RGB Sensor,5.0,1464757665966304375
0,crowdsignals.algosnap.com,1.0(1),352622063881655,smartphone,-8,light,1464757666000000000,1464757667000000000,TMG399X RGB Sensor,5.0,1464757666315418386
0,crowdsignals.algosnap.com,1.0(1),352622063881655,smartphone,-8,light,1464757666000000000,1464757667000000000,TMG399X RGB Sensor,5.0,1464757666500996042
0,crowdsignals.algosnap.com,1.0(1),352622063881655,smartphone,-8,light,1464757666000000000,1464757667000000000,TMG399X RGB Sensor,5.0,1464757666678220729
0,crowdsignals.algosnap.com,1.0(1),352622063881655,smartphone,-8,light,1464757666000000000,1464757667000000000,TMG399X RGB Sensor,5.0,1464757666855695886
0,crowdsignals.algosnap.com,1.0(1),352622063881655,smartphone,-8,light,1464757667000000000,1464757668000000000,TMG399X RGB Sensor,5.0,1464757667211163073
0,crowdsignals.algosnap.com,1.0(1),352622063881655,smartphone,-8,light,1464757667000000000,1464757668000000000,TMG399X RGB Sensor,5.0,1464757667388911458
0,crowdsignals.algosnap.com,1.0(1),352622063881655,smartphone,-8,light,1464757667000000000,1464757668000000000,TMG399X RGB Sensor,5.0,1464757667568832032
0,crowdsignals.algosnap.com,1.0(1),352622063881655,smartphone,-8,light,1464757667000000000,1464757668000000000,TMG399X RGB Sensor,5.0,1464757667746123750
0,crowdsignals.algosnap.com,1.0(1),352622063881655,smartphone,-8,light,1464757667000000000,1464757668000000000,TMG399X RGB Sensor,5.0,1464757667923522031
0,crowdsignals.algosnap.com,1.0(1),352622063881655,smartphone,-8,light,1464757668000000000,1464757669000000000,TMG399X RGB Sensor,5.0,1464757668280161875
0,crowdsignals.algosnap.com,1.0(1),352622063881655,smartphone,-8,light,1464757668000000000,1464757669000000000,TMG399X RGB Sensor,5.0,1464757668456366458
0,crowdsignals.algosnap.com,1.0(1),352622063881655,smartphone,-8,light,1464757668000000000,1464757669000000000,TMG399X RGB Sensor,5.0,1464757668636712031
0,crowdsignals.algosnap.com,1.0(1),352622063881655,smartphone,-8,light,1464757668000000000,1464757669000000000,TMG399X RGB Sensor,5.0,1464757668814089063
0,crowdsignals.algosnap.com,1.0(1),352622063881655,smartphone,-8,light,1464757668000000000,1464757669000000000,TMG399X RGB Sensor,5.0,1464757668991718021
0,crowdsignals.algosnap.com,1.0(1),352622063881655,smartphone,-8,light,1464757669000000000,1464757670000000000,TMG399X RGB Sensor,5.0,1464757669346463490
0,crowdsignals.algosnap.com,1.0(1),352622063881655,smartphone,-8,light,1464757669000000000,1464757670000000000,TMG399X RGB Sensor,5.0,1464757669526170781
0,crowdsignals.algosnap.com,1.0(1),352622063881655,smartphone,-8,light,1464757669000000000,1464757670000000000,TMG399X RGB Sensor,5.0,1464757669702630364
0,crowdsignals.algosnap.com,1.0(1),352622063881655,smartphone,-8,light,1464757669000000000,1464757670000000000,TMG399X RGB Sensor,5.0,1464757669880630469
0,crowdsignals.algosnap.com,1.0(1),352622063881655,smartphone,-8,light,1464757670000000000,1464757671000000000,TMG399X RGB Sensor,5.0,1464757670235772708
0,crowdsignals.algosnap.com,1.0(1),352622063881655,smartphone,-8,light,1464757670000000000,1464757671000000000,TMG399X RGB Sensor,5.0,1464757670413333854
0,crowdsignals.algosnap.com,1.0(1),352622063881655,smartphone,-8,light,1464757670000000000,1464757671000000000,TMG399X RGB Sensor,5.0,1464757670591738438
0,crowdsignals.algosnap.com,1.0(1),352622063881655,smartphone,-8,light,1464757670000000000,1464757671000000000,TMG399X RGB Sensor,5.0,1464757670771236510
0,crowdsignals.algosnap.com,1.0(1),352622063881655,smartphone,-8,light,1464757670000000000,1464757671000000000,TMG399X RGB Sensor,5.0,1464757670948690833
0,crowdsignals.algosnap.com,1.0(1),352622063881655,smartphone,-8,light,1464757671000000000,1464757672000000000,TMG399X RGB Sensor,5.0,1464757671126538125
0,crowdsignals.algosnap.com,1.0(1),352622063881655,smartphone,-8,light,1464757671000000000,1464757672000000000,TMG399X RGB Sensor,5.0,1464757671303961407
0,crowdsignals.algosnap.com,1.0(1),352622063881655,smartphone,-8,light,1464757671000000000,1464757672000000000,TMG399X RGB Sensor,5.0,1464757671480698541
0,crowdsignals.algosnap.com,1.0(1),352622063881655,smartphone,-8,light,1464757671000000000,1464757672000000000,TMG399X RGB Sensor,5.0,1464757671660363594
0,crowdsignals.algosnap.com,1.0(1),352622063881655,smartphone,-8,light,1464757671000000000,1464757672000000000,TMG399X RGB Sensor,5.0,1464757671838195000
0,crowdsignals.algosnap.com,1.0(1),352622063881655,smartphone,-8,light,1464757672000000000,1464757673000000000,TMG399X RGB Sensor,5.0,1464757672193601980
0,crowdsignals.algosnap.com,1.0(1),352622063881655,smartphone,-8,light,1464757672000000000,1464757673000000000,TMG399X RGB Sensor,5.0,1464757672371489114
0,crowdsignals.algosnap.com,1.0(1),352622063881655,smartphone,-8,light,1464757672000000000,1464757673000000000,TMG399X RGB Sensor,5.0,1464757672550140625
0,crowdsignals.algosnap.com,1.0(1),352622063881655,smartphone,-8,light,1464757672000000000,1464757673000000000,TMG399X RGB Sensor,5.0,1464757672728168386
0,crowdsignals.algosnap.com,1.0(1),352622063881655,smartphone,-8,light,1464757672000000000,1464757673000000000,TMG399X RGB Sensor,5.0,1464757672906154167
0,crowdsignals.algosnap.com,1.0(1),352622063881655,smartphone,-8,light,1464757673000000000,1464757674000000000,TMG399X RGB Sensor,5.0,1464757673261624948
0,crowdsignals.algosnap.com,1.0(1),352622063881655,smartphone,-8,light,1464757673000000000,1464757674000000000,TMG399X RGB Sensor,5.0,1464757673438442708
0,crowdsignals.algosnap.com,1.0(1),352622063881655,smartphone,-8,light,1464757673000000000,1464757674000000000,TMG399X RGB Sensor,5.0,1464757673616629375
0,crowdsignals.algosnap.com,1.0(1),352622063881655,smartphone,-8,light,1464757673000000000,1464757674000000000,TMG399X RGB Sensor,5.0,1464757673794394271
0,crowdsignals.algosnap.com,1.0(1),352622063881655,smartphone,-8,light,1464757673000000000,1464757674000000000,TMG399X RGB Sensor,5.0,1464757673971959948
0,crowdsignals.algosnap.com,1.0(1),352622063881655,smartphone,-8,light,1464757674000000000,1464757675000000000,TMG399X RGB Sensor,5.0,1464757674327980885
0,crowdsignals.algosnap.com,1.0(1),352622063881655,smartphone,-8,light,1464757674000000000,1464757675000000000,TMG399X RGB Sensor,5.0,1464757674506041198
0,crowdsignals.algosnap.com,1.0(1),352622063881655,smartphone,-8,light,1464757674000000000,1464757675000000000,TMG399X RGB Sensor,5.0,1464757674684281875
0,crowdsignals.algosnap.com,1.0(1),352622063881655,smartphone,-8,light,1464757674000000000,1464757675000000000,TMG399X RGB Sensor,5.0,1464757674862594115
0,crowdsignals.algosnap.com,1.0(1),352622063881655,smartphone,-8,light,1464757675000000000,1464757676000000000,TMG399X RGB Sensor,5.0,1464757675218792239
0,crowdsignals.algosnap.com,1.0(1),352622063881655,smartphone,-8,light,1464757675000000000,1464757676000000000,TMG399X RGB Sensor,5.0,1464757675395778646
0,crowdsignals.algosnap.com,1.0(1),352622063881655,smartphone,-8,light,1464757675000000000,1464757676000000000,TMG399X RGB Sensor,5.0,1464757675573768229
0,crowdsignals.algosnap.com,1.0(1),352622063881655,smartphone,-8,light,1464757675000000000,1464757676000000000,TMG399X RGB Sensor,5.0,1464757675750958229
0,crowdsignals.algosnap.com,1.0(1),352622063881655,smartphone,-8,light,1464757675000000000,1464757676000000000,TMG399X RGB Sensor,5.0,1464757675929971666
0,crowdsignals.algosnap.com,1.0(1),352622063881655,smartphone,-8,light,1464757676000000000,1464757677000000000,TMG399X RGB Sensor,5.0,1464757676285291198
0,crowdsignals.algosnap.com,1.0(1),352622063881655,smartphone,-8,light,1464757676000000000,1464757677000000000,TMG399X RGB Sensor,5.0,1464757676464024949
0,crowdsignals.algosnap.com,1.0(1),352622063881655,smartphone,-8,light,1464757676000000000,1464757677000000000,TMG399X RGB Sensor,5.0,1464757676643672292
0,crowdsignals.algosnap.com,1.0(1),352622063881655,smartphone,-8,light,1464757676000000000,1464757677000000000,TMG399X RGB Sensor,5.0,1464757676820356927
0,crowdsignals.algosnap.com,1.0(1),352622063881655,smartphone,-8,light,1464757676000000000,1464757677000000000,TMG399X RGB Sensor,5.0,1464757676998197344
0,crowdsignals.algosnap.com,1.0(1),352622063881655,smartphone,-8,light,1464757677000000000,1464757678000000000,TMG399X RGB Sensor,5.0,1464757677352535104
0,crowdsignals.algosnap.com,1.0(1),352622063881655,smartphone,-8,light,1464757677000000000,1464757678000000000,TMG399X RGB Sensor,5.0,1464757677530596198
0,crowdsignals.algosnap.com,1.0(1),352622063881655,smartphone,-8,light,1464757677000000000,1464757678000000000,TMG399X RGB Sensor,5.0,1464757677710077760
0,crowdsignals.algosnap.com,1.0(1),352622063881655,smartphone,-8,light,1464757677000000000,1464757678000000000,TMG399X RGB Sensor,5.0,1464757677885856146
0,crowdsignals.algosnap.com,1.0(1),352622063881655,smartphone,-8,light,1464757678000000000,1464757679000000000,TMG399X RGB Sensor,5.0,1464757678243274740
0,crowdsignals.algosnap.com,1.0(1),352622063881655,smartphone,-8,light,1464757678000000000,1464757679000000000,TMG399X RGB Sensor,5.0,1464757678420098385
0,crowdsignals.algosnap.com,1.0(1),352622063881655,smartphone,-8,light,1464757678000000000,1464757679000000000,TMG399X RGB Sensor,5.0,1464757678599238072
0,crowdsignals.algosnap.com,1.0(1),352622063881655,smartphone,-8,light,1464757678000000000,1464757679000000000,TMG399X RGB Sensor,5.0,1464757678776679375
0,crowdsignals.algosnap.com,1.0(1),352622063881655,smartphone,-8,light,1464757678000000000,1464757679000000000,TMG399X RGB Sensor,5.0,1464757678953690313
0,crowdsignals.algosnap.com,1.0(1),352622063881655,smartphone,-8,light,1464757679000000000,1464757680000000000,TMG399X RGB Sensor,5.0,1464757679309280521
0,crowdsignals.algosnap.com,1.0(1),352622063881655,smartphone,-8,light,1464757679000000000,1464757680000000000,TMG399X RGB Sensor,5.0,1464757679489162604
0,crowdsignals.algosnap.com,1.0(1),352622063881655,smartphone,-8,light,1464757679000000000,1464757680000000000,TMG399X RGB Sensor,5.0,1464757679666302396
0,crowdsignals.algosnap.com,1.0(1),352622063881655,smartphone,-8,light,1464757679000000000,1464757680000000000,TMG399X RGB Sensor,5.0,1464757679843267396
0,crowdsignals.algosnap.com,1.0(1),352622063881655,smartphone,-8,light,1464757680000000000,1464757681000000000,TMG399X RGB Sensor,5.0,1464757680198808593
0,crowdsignals.algosnap.com,1.0(1),352622063881655,smartphone,-8,light,1464757680000000000,1464757681000000000,TMG399X RGB Sensor,5.0,1464757680382119531
0,crowdsignals.algosnap.com,1.0(1),352622063881655,smartphone,-8,light,1464757680000000000,1464757681000000000,TMG399X RGB Sensor,5.0,1464757680556730468
0,crowdsignals.algosnap.com,1.0(1),352622063881655,smartphone,-8,light,1464757680000000000,1464757681000000000,TMG399X RGB Sensor,5.0,1464757680734254063
0,crowdsignals.algosnap.com,1.0(1),352622063881655,smartphone,-8,light,1464757680000000000,1464757681000000000,TMG399X RGB Sensor,5.0,1464757680911360678
0,crowdsignals.algosnap.com,1.0(1),352622063881655,smartphone,-8,light,1464757681000000000,1464757682000000000,TMG399X RGB Sensor,5.0,1464757681088874323
0,crowdsignals.algosnap.com,1.0(1),352622063881655,smartphone,-8,light,1464757681000000000,1464757682000000000,TMG399X RGB Sensor,5.0,1464757681268693750
0,crowdsignals.algosnap.com,1.0(1),352622063881655,smartphone,-8,light,1464757681000000000,1464757682000000000,TMG399X RGB Sensor,5.0,1464757681444164062
0,crowdsignals.algosnap.com,1.0(1),352622063881655,smartphone,-8,light,1464757681000000000,1464757682000000000,TMG399X RGB Sensor,5.0,1464757681623477240
0,crowdsignals.algosnap.com,1.0(1),352622063881655,smartphone,-8,light,1464757681000000000,1464757682000000000,TMG399X RGB Sensor,5.0,1464757681802251823
0,crowdsignals.algosnap.com,1.0(1),352622063881655,smartphone,-8,light,1464757681000000000,1464757682000000000,TMG399X RGB Sensor,5.0,1464757681980050208
0,crowdsignals.algosnap.com,1.0(1),352622063881655,smartphone,-8,light,1464757682000000000,1464757683000000000,TMG399X RGB Sensor,5.0,1464757682334233751
0,crowdsignals.algosnap.com,1.0(1),352622063881655,smartphone,-8,light,1464757682000000000,1464757683000000000,TMG399X RGB Sensor,5.0,1464757682513275469
0,crowdsignals.algosnap.com,1.0(1),352622063881655,smartphone,-8,light,1464757682000000000,1464757683000000000,TMG399X RGB Sensor,5.0,1464757682690393176
0,crowdsignals.algosnap.com,1.0(1),352622063881655,smartphone,-8,light,1464757682000000000,1464757683000000000,TMG399X RGB Sensor,5.0,1464757682868170052
0,crowdsignals.algosnap.com,1.0(1),352622063881655,smartphone,-8,light,1464757683000000000,1464757684000000000,TMG399X RGB Sensor,5.0,1464757683225134949
0,crowdsignals.algosnap.com,1.0(1),352622063881655,smartphone,-8,light,1464757683000000000,1464757684000000000,TMG399X RGB Sensor,5.0,1464757683402631511
0,crowdsignals.algosnap.com,1.0(1),352622063881655,smartphone,-8,light,1464757683000000000,1464757684000000000,TMG399X RGB Sensor,5.0,1464757683579825104
0,crowdsignals.algosnap.com,1.0(1),352622063881655,smartphone,-8,light,1464757683000000000,1464757684000000000,TMG399X RGB Sensor,5.0,1464757683758123906
0,crowdsignals.algosnap.com,1.0(1),352622063881655,smartphone,-8,light,1464757683000000000,1464757684000000000,TMG399X RGB Sensor,5.0,1464757683936562396
0,crowdsignals.algosnap.com,1.0(1),352622063881655,smartphone,-8,light,1464757684000000000,1464757685000000000,TMG399X RGB Sensor,5.0,1464757684292607552
0,crowdsignals.algosnap.com,1.0(1),352622063881655,smartphone,-8,light,1464757684000000000,1464757685000000000,TMG399X RGB Sensor,5.0,1464757684469277656
0,crowdsignals.algosnap.com,1.0(1),352622063881655,smartphone,-8,light,1464757684000000000,1464757685000000000,TMG399X RGB Sensor,5.0,1464757684648311198
0,crowdsignals.algosnap.com,1.0(1),352622063881655,smartphone,-8,light,1464757684000000000,1464757685000000000,TMG399X RGB Sensor,5.0,1464757684827233178
0,crowdsignals.algosnap.com,1.0(1),352622063881655,smartphone,-8,light,1464757685000000000,1464757686000000000,TMG399X RGB Sensor,5.0,1464757685181520365
0,crowdsignals.algosnap.com,1.0(1),352622063881655,smartphone,-8,light,1464757685000000000,1464757686000000000,TMG399X RGB Sensor,5.0,1464757685359013802
0,crowdsignals.algosnap.com,1.0(1),352622063881655,smartphone,-8,light,1464757685000000000,1464757686000000000,TMG399X RGB Sensor,5.0,1464757685537157917
0,crowdsignals.algosnap.com,1.0(1),352622063881655,smartphone,-8,light,1464757685000000000,1464757686000000000,TMG399X RGB Sensor,5.0,1464757685714467605
0,crowdsignals.algosnap.com,1.0(1),352622063881655,smartphone,-8,light,1464757685000000000,1464757686000000000,TMG399X RGB Sensor,5.0,1464757685894902136
0,crowdsignals.algosnap.com,1.0(1),352622063881655,smartphone,-8,light,1464757686000000000,1464757687000000000,TMG399X RGB Sensor,5.0,1464757686248333645
0,crowdsignals.algosnap.com,1.0(1),352622063881655,smartphone,-8,light,1464757686000000000,1464757687000000000,TMG399X RGB Sensor,5.0,1464757686426287500
0,crowdsignals.algosnap.com,1.0(1),352622063881655,smartphone,-8,light,1464757686000000000,1464757687000000000,TMG399X RGB Sensor,5.0,1464757686605104584
0,crowdsignals.algosnap.com,1.0(1),352622063881655,smartphone,-8,light,1464757686000000000,1464757687000000000,TMG399X RGB Sensor,5.0,1464757686784058958
0,crowdsignals.algosnap.com,1.0(1),352622063881655,smartphone,-8,light,1464757686000000000,1464757687000000000,TMG399X RGB Sensor,5.0,1464757686961208906
0,crowdsignals.algosnap.com,1.0(1),352622063881655,smartphone,-8,light,1464757687000000000,1464757688000000000,TMG399X RGB Sensor,5.0,1464757687317202969
0,crowdsignals.algosnap.com,1.0(1),352622063881655,smartphone,-8,light,1464757687000000000,1464757688000000000,TMG399X RGB Sensor,5.0,1464757687494691719
0,crowdsignals.algosnap.com,1.0(1),352622063881655,smartphone,-8,light,1464757687000000000,1464757688000000000,TMG399X RGB Sensor,5.0,1464757687672747032
0,crowdsignals.algosnap.com,1.0(1),352622063881655,smartphone,-8,light,1464757687000000000,1464757688000000000,TMG399X RGB Sensor,5.0,1464757687850009374
0,crowdsignals.algosnap.com,1.0(1),352622063881655,smartphone,-8,light,1464757688000000000,1464757689000000000,TMG399X RGB Sensor,5.0,1464757688205284740
0,crowdsignals.algosnap.com,1.0(1),352622063881655,smartphone,-8,light,1464757688000000000,1464757689000000000,TMG399X RGB Sensor,5.0,1464757688384950052
0,crowdsignals.algosnap.com,1.0(1),352622063881655,smartphone,-8,light,1464757688000000000,1464757689000000000,TMG399X RGB Sensor,5.0,1464757688562308126
0,crowdsignals.algosnap.com,1.0(1),352622063881655,smartphone,-8,light,1464757688000000000,1464757689000000000,TMG399X RGB Sensor,5.0,1464757688739849635
0,crowdsignals.algosnap.com,1.0(1),352622063881655,smartphone,-8,light,1464757688000000000,1464757689000000000,TMG399X RGB Sensor,5.0,1464757688917856510
0,crowdsignals.algosnap.com,1.0(1),352622063881655,smartphone,-8,light,1464757689000000000,1464757690000000000,TMG399X RGB Sensor,5.0,1464757689272960938
0,crowdsignals.algosnap.com,1.0(1),352622063881655,smartphone,-8,light,1464757689000000000,1464757690000000000,TMG399X RGB Sensor,5.0,1464757689451148542
0,crowdsignals.algosnap.com,1.0(1),352622063881655,smartphone,-8,light,1464757689000000000,1464757690000000000,TMG399X RGB Sensor,5.0,1464757689629039270
0,crowdsignals.algosnap.com,1.0(1),352622063881655,smartphone,-8,light,1464757689000000000,1464757690000000000,TMG399X RGB Sensor,5.0,1464757689808182917
0,crowdsignals.algosnap.com,1.0(1),352622063881655,smartphone,-8,light,1464757689000000000,1464757690000000000,TMG399X RGB Sensor,5.0,1464757689985569375
0,crowdsignals.algosnap.com,1.0(1),352622063881655,smartphone,-8,light,1464757690000000000,1464757691000000000,TMG399X RGB Sensor,5.0,1464757690341241355
0,crowdsignals.algosnap.com,1.0(1),352622063881655,smartphone,-8,light,1464757690000000000,1464757691000000000,TMG399X RGB Sensor,5.0,1464757690518320886
0,crowdsignals.algosnap.com,1.0(1),352622063881655,smartphone,-8,light,1464757690000000000,1464757691000000000,TMG399X RGB Sensor,5.0,1464757690697667032
0,crowdsignals.algosnap.com,1.0(1),352622063881655,smartphone,-8,light,1464757690000000000,1464757691000000000,TMG399X RGB Sensor,5.0,1464757690876547969
0,crowdsignals.algosnap.com,1.0(1),352622063881655,smartphone,-8,light,1464757691000000000,1464757692000000000,TMG399X RGB Sensor,5.0,1464757691052033282
0,crowdsignals.algosnap.com,1.0(1),352622063881655,smartphone,-8,light,1464757691000000000,1464757692000000000,TMG399X RGB Sensor,5.0,1464757691230044947
0,crowdsignals.algosnap.com,1.0(1),352622063881655,smartphone,-8,light,1464757691000000000,1464757692000000000,TMG399X RGB Sensor,5.0,1464757691408823542
0,crowdsignals.algosnap.com,1.0(1),352622063881655,smartphone,-8,light,1464757691000000000,1464757692000000000,TMG399X RGB Sensor,5.0,1464757691587455678
0,crowdsignals.algosnap.com,1.0(1),352622063881655,smartphone,-8,light,1464757691000000000,1464757692000000000,TMG399X RGB Sensor,5.0,1464757691764934636
0,crowdsignals.algosnap.com,1.0(1),352622063881655,smartphone,-8,light,1464757691000000000,1464757692000000000,TMG399X RGB Sensor,5.0,1464757691941978282
0,crowdsignals.algosnap.com,1.0(1),352622063881655,smartphone,-8,light,1464757692000000000,1464757693000000000,TMG399X RGB Sensor,5.0,1464757692298848125
0,crowdsignals.algosnap.com,1.0(1),352622063881655,smartphone,-8,light,1464757692000000000,1464757693000000000,TMG399X RGB Sensor,5.0,1464757692476444219
0,crowdsignals.algosnap.com,1.0(1),352622063881655,smartphone,-8,light,1464757692000000000,1464757693000000000,TMG399X RGB Sensor,5.0,1464757692654209062
0,crowdsignals.algosnap.com,1.0(1),352622063881655,smartphone,-8,light,1464757692000000000,1464757693000000000,TMG399X RGB Sensor,5.0,1464757692832233282
0,crowdsignals.algosnap.com,1.0(1),352622063881655,smartphone,-8,light,1464757693000000000,1464757694000000000,TMG399X RGB Sensor,5.0,1464757693188055261
0,crowdsignals.algosnap.com,1.0(1),352622063881655,smartphone,-8,light,1464757693000000000,1464757694000000000,TMG399X RGB Sensor,5.0,1464757693366670053
0,crowdsignals.algosnap.com,1.0(1),352622063881655,smartphone,-8,light,1464757693000000000,1464757694000000000,TMG399X RGB Sensor,5.0,1464757693542852292
0,crowdsignals.algosnap.com,1.0(1),352622063881655,smartphone,-8,light,1464757693000000000,1464757694000000000,TMG399X RGB Sensor,5.0,1464757693721255886
0,crowdsignals.algosnap.com,1.0(1),352622063881655,smartphone,-8,light,1464757693000000000,1464757694000000000,TMG399X RGB Sensor,5.0,1464757693899370207
0,crowdsignals.algosnap.com,1.0(1),352622063881655,smartphone,-8,light,1464757694000000000,1464757695000000000,TMG399X RGB Sensor,5.0,1464757694256079947
0,crowdsignals.algosnap.com,1.0(1),352622063881655,smartphone,-8,light,1464757694000000000,1464757695000000000,TMG399X RGB Sensor,5.0,1464757694432089010
0,crowdsignals.algosnap.com,1.0(1),352622063881655,smartphone,-8,light,1464757694000000000,1464757695000000000,TMG399X RGB Sensor,5.0,1464757694613069740
0,crowdsignals.algosnap.com,1.0(1),352622063881655,smartphone,-8,light,1464757694000000000,1464757695000000000,TMG399X RGB Sensor,5.0,1464757694789903228
0,crowdsignals.algosnap.com,1.0(1),352622063881655,smartphone,-8,light,1464757694000000000,1464757695000000000,TMG399X RGB Sensor,5.0,1464757694968564895
0,crowdsignals.algosnap.com,1.0(1),352622063881655,smartphone,-8,light,1464757695000000000,1464757696000000000,TMG399X RGB Sensor,5.0,1464757695323090521
0,crowdsignals.algosnap.com,1.0(1),352622063881655,smartphone,-8,light,1464757695000000000,1464757696000000000,TMG399X RGB Sensor,5.0,1464757695501297813
0,crowdsignals.algosnap.com,1.0(1),352622063881655,smartphone,-8,light,1464757695000000000,1464757696000000000,TMG399X RGB Sensor,5.0,1464757695678578750
0,crowdsignals.algosnap.com,1.0(1),352622063881655,smartphone,-8,light,1464757695000000000,1464757696000000000,TMG399X RGB Sensor,8.0,1464757695857901198
0,crowdsignals.algosnap.com,1.0(1),352622063881655,smartphone,-8,light,1464757696000000000,1464757697000000000,TMG399X RGB Sensor,8.0,1464757696214429375
0,crowdsignals.algosnap.com,1.0(1),352622063881655,smartphone,-8,light,1464757696000000000,1464757697000000000,TMG399X RGB Sensor,3.0,1464757696389585625
0,crowdsignals.algosnap.com,1.0(1),352622063881655,smartphone,-8,light,1464757696000000000,1464757697000000000,TMG399X RGB Sensor,8.0,1464757696569427291
0,crowdsignals.algosnap.com,1.0(1),352622063881655,smartphone,-8,light,1464757696000000000,1464757697000000000,TMG399X RGB Sensor,8.0,1464757696748015885
0,crowdsignals.algosnap.com,1.0(1),352622063881655,smartphone,-8,light,1464757696000000000,1464757697000000000,TMG399X RGB Sensor,8.0,1464757696924501719
